2026-10-08 10:46:15 [INFO] Pan-India Telemetry Harvester
2026-10-08 10:46:15 [INFO] Corridors : 30 anchor points across 11 cities
2026-10-08 10:46:15 [INFO] Output    : C:\Users\albus\projects\traffic_congession\data\telemetry
2026-10-08 10:46:15 [INFO] TomTom    : key configured ✓
2026-10-08 10:46:15 [INFO] Weather   : disabled (set OWM_API_KEY)
2026-10-08 10:46:15 [INFO] Mode      : every 5 min
2026-10-08 10:46:15 [INFO] ------------------------------------------------------------
2026-10-08 10:46:15 [INFO] --- Batch start at 10:46:15 ---
2026-10-08 10:46:16 [INFO]   ✓ bengaluru / Silk Board Junction — CI=0.341  speed=27.0/41.0 km/h
2026-10-08 10:46:17 [INFO]   ✓ bengaluru / Marathahalli Bridge — CI=0.257  speed=26.0/35.0 km/h
2026-10-08 10:46:18 [INFO]   ✓ bengaluru / Whitefield Road — CI=0.158  speed=32.0/38.0 km/h
2026-10-08 10:46:19 [INFO]   ✓ bengaluru / Hebbal Flyover — CI=0.000  speed=26.0/26.0 km/h
2026-10-08 10:46:19 [INFO]   ✓ mumbai / Western Express Highway Andheri — CI=0.409  speed=13.0/22.0 km/h
2026-10-08 10:46:20 [INFO]   ✓ mumbai / Eastern Freeway Sewri — CI=0.000  speed=26.0/26.0 km/h
2026-10-08 10:46:21 [INFO]   ✓ mumbai / BKC Bandra Kurla Complex — CI=0.222  speed=21.0/27.0 km/h
2026-10-08 10:46:21 [INFO]   ✓ mumbai / Sion Circle — CI=0.000  speed=20.0/20.0 km/h
2026-10-08 10:46:22 [INFO]   ✓ delhi / Ring Road AIIMS — CI=0.267  speed=22.0/30.0 km/h
2026-10-08 10:46:23 [INFO]   ✓ delhi / DND Flyway Noida Entry — CI=0.146  speed=35.0/41.0 km/h
2026-10-08 10:46:23 [INFO]   ✓ delhi / Cyber City Gurgaon — CI=0.455  speed=24.0/44.0 km/h
2026-10-08 10:46:24 [INFO]   ✓ delhi / ITO Junction — CI=0.370  speed=17.0/27.0 km/h
2026-10-08 10:46:25 [INFO]   ✓ pune / Hinjawadi Phase 1 — CI=0.167  speed=25.0/30.0 km/h
2026-10-08 10:46:26 [INFO]   ✓ pune / FC Road Shivajinagar — CI=0.333  speed=14.0/21.0 km/h
2026-10-08 10:46:26 [INFO]   ✓ pune / Magarpatta City Hadapsar — CI=0.000  speed=31.0/31.0 km/h
2026-10-08 10:46:27 [INFO]   ✓ hyderabad / Hitec City Cyber Towers — CI=0.781  speed=7.0/32.0 km/h
2026-10-08 10:46:28 [INFO]   ✓ hyderabad / Gachibowli Junction — CI=0.324  speed=25.0/37.0 km/h
2026-10-08 10:46:28 [INFO]   ✓ hyderabad / Punjagutta Crossing — CI=0.452  speed=17.0/31.0 km/h
2026-10-08 10:46:29 [INFO]   ✓ chennai / OMR Tidel Park — CI=0.400  speed=18.0/30.0 km/h
2026-10-08 10:46:30 [INFO]   ✓ chennai / Kathipara Junction Guindy — CI=0.562  speed=14.0/32.0 km/h
2026-10-08 10:46:30 [INFO]   ✓ chennai / Anna Nagar Roundtana — CI=0.231  speed=20.0/26.0 km/h
2026-10-08 10:46:31 [INFO]   ✓ kolkata / EM Bypass Science City — CI=0.214  speed=33.0/42.0 km/h
2026-10-08 10:46:32 [INFO]   ✓ kolkata / Park Circus 7-Point Crossing — CI=0.000  speed=48.0/48.0 km/h
2026-10-08 10:46:32 [INFO]   ✓ kolkata / Sector V Salt Lake — CI=0.565  speed=10.0/23.0 km/h
2026-10-08 10:46:33 [INFO]   ✓ ahmedabad / SG Highway ISKCON Cross Road — CI=0.143  speed=30.0/35.0 km/h
2026-10-08 10:46:34 [INFO]   ✓ ahmedabad / Ashram Road Income Tax Circle — CI=0.000  speed=40.0/40.0 km/h
2026-10-08 10:46:34 [INFO]   ✓ jaipur / JLN Marg Jawahar Circle — CI=0.000  speed=44.0/44.0 km/h
2026-10-08 10:46:35 [INFO]   ✓ jaipur / Ajmer Road 200 Feet Bypass — CI=0.333  speed=24.0/36.0 km/h
2026-10-08 10:46:36 [INFO]   ✓ kochi / Edappally Toll Junction — CI=0.000  speed=20.0/20.0 km/h
2026-10-08 10:46:37 [INFO]   ✓ lucknow / Hazratganj Crossing — CI=0.310  speed=20.0/29.0 km/h
2026-10-08 10:46:37 [INFO]   → Saved 26 records to C:\Users\albus\projects\traffic_congession\data\telemetry\city=ahmedabad\2026-10-08.parquet
2026-10-08 10:46:37 [INFO]   → Saved 73 records to C:\Users\albus\projects\traffic_congession\data\telemetry\city=bengaluru\2026-10-08.parquet
2026-10-08 10:46:37 [INFO]   → Saved 39 records to C:\Users\albus\projects\traffic_congession\data\telemetry\city=chennai\2026-10-08.parquet
2026-10-08 10:46:37 [INFO]   → Saved 73 records to C:\Users\albus\projects\traffic_congession\data\telemetry\city=delhi\2026-10-08.parquet
2026-10-08 10:46:37 [INFO]   → Saved 39 records to C:\Users\albus\projects\traffic_congession\data\telemetry\city=hyderabad\2026-10-08.parquet
2026-10-08 10:46:37 [INFO]   → Saved 26 records to C:\Users\albus\projects\traffic_congession\data\telemetry\city=jaipur\2026-10-08.parquet
2026-10-08 10:46:37 [INFO]   → Saved 13 records to C:\Users\albus\projects\traffic_congession\data\telemetry\city=kochi\2026-10-08.parquet
2026-10-08 10:46:37 [INFO]   → Saved 39 records to C:\Users\albus\projects\traffic_congession\data\telemetry\city=kolkata\2026-10-08.parquet
2026-10-08 10:46:37 [INFO]   → Saved 13 records to C:\Users\albus\projects\traffic_congession\data\telemetry\city=lucknow\2026-10-08.parquet
2026-10-08 10:46:37 [INFO]   → Saved 73 records to C:\Users\albus\projects\traffic_congession\data\telemetry\city=mumbai\2026-10-08.parquet
2026-10-08 10:46:37 [INFO]   → Saved 53 records to C:\Users\albus\projects\traffic_congession\data\telemetry\city=pune\2026-10-08.parquet
2026-10-08 10:46:37 [INFO] Next batch in 5 minutes. Sleeping...
2026-10-08 10:51:37 [INFO] --- Batch start at 10:51:37 ---
2026-10-08 10:51:38 [INFO]   ✓ bengaluru / Silk Board Junction — CI=0.390  speed=25.0/41.0 km/h
2026-10-08 10:51:39 [INFO]   ✓ bengaluru / Marathahalli Bridge — CI=0.229  speed=27.0/35.0 km/h
2026-10-08 10:51:40 [INFO]   ✓ bengaluru / Whitefield Road — CI=0.000  speed=38.0/38.0 km/h
2026-10-08 10:51:41 [INFO]   ✓ bengaluru / Hebbal Flyover — CI=0.120  speed=22.0/25.0 km/h
2026-10-08 10:51:41 [INFO]   ✓ mumbai / Western Express Highway Andheri — CI=0.364  speed=14.0/22.0 km/h
2026-10-08 10:51:42 [INFO]   ✓ mumbai / Eastern Freeway Sewri — CI=0.000  speed=26.0/26.0 km/h
2026-10-08 10:51:43 [INFO]   ✓ mumbai / BKC Bandra Kurla Complex — CI=0.276  speed=21.0/29.0 km/h
2026-10-08 10:51:43 [INFO]   ✓ mumbai / Sion Circle — CI=0.263  speed=14.0/19.0 km/h
2026-10-08 10:51:44 [INFO]   ✓ delhi / Ring Road AIIMS — CI=0.194  speed=25.0/31.0 km/h
2026-10-08 10:51:45 [INFO]   ✓ delhi / DND Flyway Noida Entry — CI=0.171  speed=34.0/41.0 km/h
2026-10-08 10:51:45 [INFO]   ✓ delhi / Cyber City Gurgaon — CI=0.500  speed=22.0/44.0 km/h
2026-10-08 10:51:46 [INFO]   ✓ delhi / ITO Junction — CI=0.259  speed=20.0/27.0 km/h
2026-10-08 10:51:47 [INFO]   ✓ pune / Hinjawadi Phase 1 — CI=0.138  speed=25.0/29.0 km/h
2026-10-08 10:51:48 [INFO]   ✓ pune / FC Road Shivajinagar — CI=0.381  speed=13.0/21.0 km/h
2026-10-08 10:51:48 [INFO]   ✓ pune / Magarpatta City Hadapsar — CI=0.000  speed=31.0/31.0 km/h
2026-10-08 10:51:49 [INFO]   ✓ hyderabad / Hitec City Cyber Towers — CI=0.828  speed=5.0/29.0 km/h
2026-10-08 10:51:50 [INFO]   ✓ hyderabad / Gachibowli Junction — CI=0.324  speed=25.0/37.0 km/h
2026-10-08 10:51:50 [INFO]   ✓ hyderabad / Punjagutta Crossing — CI=0.467  speed=16.0/30.0 km/h
2026-10-08 10:51:51 [INFO]   ✓ chennai / OMR Tidel Park — CI=0.333  speed=20.0/30.0 km/h
2026-10-08 10:51:52 [INFO]   ✓ chennai / Kathipara Junction Guindy — CI=0.516  speed=15.0/31.0 km/h
2026-10-08 10:51:52 [INFO]   ✓ chennai / Anna Nagar Roundtana — CI=0.192  speed=21.0/26.0 km/h
2026-10-08 10:51:53 [INFO]   ✓ kolkata / EM Bypass Science City — CI=0.209  speed=34.0/43.0 km/h
2026-10-08 10:51:54 [INFO]   ✓ kolkata / Park Circus 7-Point Crossing — CI=0.000  speed=48.0/48.0 km/h
2026-10-08 10:51:55 [INFO]   ✓ kolkata / Sector V Salt Lake — CI=0.476  speed=11.0/21.0 km/h
2026-10-08 10:51:55 [INFO]   ✓ ahmedabad / SG Highway ISKCON Cross Road — CI=0.257  speed=26.0/35.0 km/h
2026-10-08 10:51:56 [INFO]   ✓ ahmedabad / Ashram Road Income Tax Circle — CI=0.000  speed=40.0/40.0 km/h
2026-10-08 10:51:57 [INFO]   ✓ jaipur / JLN Marg Jawahar Circle — CI=0.000  speed=44.0/44.0 km/h
2026-10-08 10:51:57 [INFO]   ✓ jaipur / Ajmer Road 200 Feet Bypass — CI=0.371  speed=22.0/35.0 km/h
2026-10-08 10:51:58 [INFO]   ✓ kochi / Edappally Toll Junction — CI=0.000  speed=20.0/20.0 km/h
2026-10-08 10:51:59 [INFO]   ✓ lucknow / Hazratganj Crossing — CI=0.333  speed=20.0/30.0 km/h
2026-10-08 10:51:59 [INFO]   → Saved 28 records to C:\Users\albus\projects\traffic_congession\data\telemetry\city=ahmedabad\2026-10-08.parquet
2026-10-08 10:51:59 [INFO]   → Saved 77 records to C:\Users\albus\projects\traffic_congession\data\telemetry\city=bengaluru\2026-10-08.parquet
2026-10-08 10:51:59 [INFO]   → Saved 42 records to C:\Users\albus\projects\traffic_congession\data\telemetry\city=chennai\2026-10-08.parquet
2026-10-08 10:51:59 [INFO]   → Saved 77 records to C:\Users\albus\projects\traffic_congession\data\telemetry\city=delhi\2026-10-08.parquet
2026-10-08 10:51:59 [INFO]   → Saved 42 records to C:\Users\albus\projects\traffic_congession\data\telemetry\city=hyderabad\2026-10-08.parquet
2026-10-08 10:51:59 [INFO]   → Saved 28 records to C:\Users\albus\projects\traffic_congession\data\telemetry\city=jaipur\2026-10-08.parquet
2026-10-08 10:51:59 [INFO]   → Saved 14 records to C:\Users\albus\projects\traffic_congession\data\telemetry\city=kochi\2026-10-08.parquet
2026-10-08 10:51:59 [INFO]   → Saved 42 records to C:\Users\albus\projects\traffic_congession\data\telemetry\city=kolkata\2026-10-08.parquet
2026-10-08 10:51:59 [INFO]   → Saved 14 records to C:\Users\albus\projects\traffic_congession\data\telemetry\city=lucknow\2026-10-08.parquet
2026-10-08 10:51:59 [INFO]   → Saved 77 records to C:\Users\albus\projects\traffic_congession\data\telemetry\city=mumbai\2026-10-08.parquet
2026-10-08 10:51:59 [INFO]   → Saved 56 records to C:\Users\albus\projects\traffic_congession\data\telemetry\city=pune\2026-10-08.parquet
2026-10-08 10:51:59 [INFO] Next batch in 5 minutes. Sleeping...
2026-10-08 10:56:59 [INFO] --- Batch start at 10:56:59 ---
2026-10-08 10:57:00 [INFO]   ✓ bengaluru / Silk Board Junction — CI=0.220  speed=32.0/41.0 km/h
2026-10-08 10:57:01 [INFO]   ✓ bengaluru / Marathahalli Bridge — CI=0.257  speed=26.0/35.0 km/h
2026-10-08 10:57:01 [INFO]   ✓ bengaluru / Whitefield Road — CI=0.000  speed=38.0/38.0 km/h
2026-10-08 10:57:02 [INFO]   ✓ bengaluru / Hebbal Flyover — CI=0.154  speed=22.0/26.0 km/h
2026-10-08 10:57:03 [INFO]   ✓ mumbai / Western Express Highway Andheri — CI=0.318  speed=15.0/22.0 km/h
2026-10-08 10:57:04 [INFO]   ✓ mumbai / Eastern Freeway Sewri — CI=0.000  speed=26.0/26.0 km/h
2026-10-08 10:57:04 [INFO]   ✓ mumbai / BKC Bandra Kurla Complex — CI=0.346  speed=17.0/26.0 km/h
2026-10-08 10:57:05 [INFO]   ✓ mumbai / Sion Circle — CI=0.316  speed=13.0/19.0 km/h
2026-10-08 10:57:06 [INFO]   ✓ delhi / Ring Road AIIMS — CI=0.258  speed=23.0/31.0 km/h
2026-10-08 10:57:07 [INFO]   ✓ delhi / DND Flyway Noida Entry — CI=0.000  speed=41.0/41.0 km/h
2026-10-08 10:57:07 [INFO]   ✓ delhi / Cyber City Gurgaon — CI=0.409  speed=26.0/44.0 km/h
2026-10-08 10:57:08 [INFO]   ✓ delhi / ITO Junction — CI=0.308  speed=18.0/26.0 km/h
2026-10-08 10:57:09 [INFO]   ✓ pune / Hinjawadi Phase 1 — CI=0.167  speed=25.0/30.0 km/h
2026-10-08 10:57:10 [INFO]   ✓ pune / FC Road Shivajinagar — CI=0.333  speed=14.0/21.0 km/h
2026-10-08 10:57:10 [INFO]   ✓ pune / Magarpatta City Hadapsar — CI=0.000  speed=31.0/31.0 km/h
2026-10-08 10:57:11 [INFO]   ✓ hyderabad / Hitec City Cyber Towers — CI=0.853  speed=5.0/34.0 km/h
2026-10-08 10:57:12 [INFO]   ✓ hyderabad / Gachibowli Junction — CI=0.324  speed=25.0/37.0 km/h
2026-10-08 10:57:12 [INFO]   ✓ hyderabad / Punjagutta Crossing — CI=0.406  speed=19.0/32.0 km/h
2026-10-08 10:57:13 [INFO]   ✓ chennai / OMR Tidel Park — CI=0.367  speed=19.0/30.0 km/h
2026-10-08 10:57:14 [INFO]   ✓ chennai / Kathipara Junction Guindy — CI=0.344  speed=21.0/32.0 km/h
2026-10-08 10:57:14 [INFO]   ✓ chennai / Anna Nagar Roundtana — CI=0.259  speed=20.0/27.0 km/h
2026-10-08 10:57:15 [INFO]   ✓ kolkata / EM Bypass Science City — CI=0.214  speed=33.0/42.0 km/h
2026-10-08 10:57:16 [INFO]   ✓ kolkata / Park Circus 7-Point Crossing — CI=0.000  speed=48.0/48.0 km/h
2026-10-08 10:57:16 [INFO]   ✓ kolkata / Sector V Salt Lake — CI=0.000  speed=22.0/22.0 km/h
2026-10-08 10:57:17 [INFO]   ✓ ahmedabad / SG Highway ISKCON Cross Road — CI=0.162  speed=31.0/37.0 km/h
2026-10-08 10:57:18 [INFO]   ✓ ahmedabad / Ashram Road Income Tax Circle — CI=0.000  speed=40.0/40.0 km/h
2026-10-08 10:57:18 [INFO]   ✓ jaipur / JLN Marg Jawahar Circle — CI=0.000  speed=44.0/44.0 km/h
2026-10-08 10:57:19 [INFO]   ✓ jaipur / Ajmer Road 200 Feet Bypass — CI=0.229  speed=27.0/35.0 km/h
2026-10-08 10:57:20 [INFO]   ✓ kochi / Edappally Toll Junction — CI=0.158  speed=16.0/19.0 km/h
2026-10-08 10:57:21 [INFO]   ✓ lucknow / Hazratganj Crossing — CI=0.333  speed=20.0/30.0 km/h
2026-10-08 10:57:21 [INFO]   → Saved 30 records to C:\Users\albus\projects\traffic_congession\data\telemetry\city=ahmedabad\2026-10-08.parquet
2026-10-08 10:57:21 [INFO]   → Saved 81 records to C:\Users\albus\projects\traffic_congession\data\telemetry\city=bengaluru\2026-10-08.parquet
2026-10-08 10:57:21 [INFO]   → Saved 45 records to C:\Users\albus\projects\traffic_congession\data\telemetry\city=chennai\2026-10-08.parquet
2026-10-08 10:57:21 [INFO]   → Saved 81 records to C:\Users\albus\projects\traffic_congession\data\telemetry\city=delhi\2026-10-08.parquet
2026-10-08 10:57:21 [INFO]   → Saved 45 records to C:\Users\albus\projects\traffic_congession\data\telemetry\city=hyderabad\2026-10-08.parquet
2026-10-08 10:57:21 [INFO]   → Saved 30 records to C:\Users\albus\projects\traffic_congession\data\telemetry\city=jaipur\2026-10-08.parquet
2026-10-08 10:57:21 [INFO]   → Saved 15 records to C:\Users\albus\projects\traffic_congession\data\telemetry\city=kochi\2026-10-08.parquet
2026-10-08 10:57:21 [INFO]   → Saved 45 records to C:\Users\albus\projects\traffic_congession\data\telemetry\city=kolkata\2026-10-08.parquet
2026-10-08 10:57:21 [INFO]   → Saved 15 records to C:\Users\albus\projects\traffic_congession\data\telemetry\city=lucknow\2026-10-08.parquet
2026-10-08 10:57:21 [INFO]   → Saved 81 records to C:\Users\albus\projects\traffic_congession\data\telemetry\city=mumbai\2026-10-08.parquet
2026-10-08 10:57:21 [INFO]   → Saved 59 records to C:\Users\albus\projects\traffic_congession\data\telemetry\city=pune\2026-10-08.parquet
2026-10-08 10:57:21 [INFO] Next batch in 5 minutes. Sleeping...
2026-10-08 11:02:21 [INFO] --- Batch start at 11:02:21 ---
2026-10-08 11:02:21 [WARNING] TomTom network error for (12.9177, 77.6232): [Errno 11001] getaddrinfo failed
2026-10-08 11:02:21 [WARNING] Skipping bengaluru/Silk Board Junction — no TomTom data
2026-10-08 11:02:21 [WARNING] TomTom network error for (12.9592, 77.6974): [Errno 11001] getaddrinfo failed
2026-10-08 11:02:21 [WARNING] Skipping bengaluru/Marathahalli Bridge — no TomTom data
2026-10-08 11:02:21 [WARNING] TomTom network error for (12.9698, 77.7499): [Errno 11001] getaddrinfo failed
2026-10-08 11:02:21 [WARNING] Skipping bengaluru/Whitefield Road — no TomTom data
2026-10-08 11:02:21 [WARNING] TomTom network error for (13.0358, 77.5970): [Errno 11001] getaddrinfo failed
2026-10-08 11:02:21 [WARNING] Skipping bengaluru/Hebbal Flyover — no TomTom data
2026-10-08 11:02:21 [WARNING] TomTom network error for (19.1136, 72.8697): [Errno 11001] getaddrinfo failed
2026-10-08 11:02:21 [WARNING] Skipping mumbai/Western Express Highway Andheri — no TomTom data
2026-10-08 11:02:21 [WARNING] TomTom network error for (18.9922, 72.8547): [Errno 11001] getaddrinfo failed
2026-10-08 11:02:21 [WARNING] Skipping mumbai/Eastern Freeway Sewri — no TomTom data
2026-10-08 11:02:21 [WARNING] TomTom network error for (19.0596, 72.8656): [Errno 11001] getaddrinfo failed
2026-10-08 11:02:21 [WARNING] Skipping mumbai/BKC Bandra Kurla Complex — no TomTom data
2026-10-08 11:02:21 [WARNING] TomTom network error for (19.0378, 72.8624): [Errno 11001] getaddrinfo failed
2026-10-08 11:02:21 [WARNING] Skipping mumbai/Sion Circle — no TomTom data
2026-10-08 11:02:21 [WARNING] TomTom network error for (28.5665, 77.2100): [Errno 11001] getaddrinfo failed
2026-10-08 11:02:21 [WARNING] Skipping delhi/Ring Road AIIMS — no TomTom data
2026-10-08 11:02:21 [WARNING] TomTom network error for (28.5491, 77.3133): [Errno 11001] getaddrinfo failed
2026-10-08 11:02:21 [WARNING] Skipping delhi/DND Flyway Noida Entry — no TomTom data
2026-10-08 11:02:21 [WARNING] TomTom network error for (28.4950, 77.0890): [Errno 11001] getaddrinfo failed
2026-10-08 11:02:21 [WARNING] Skipping delhi/Cyber City Gurgaon — no TomTom data
2026-10-08 11:02:21 [WARNING] TomTom network error for (28.6294, 77.2410): [Errno 11001] getaddrinfo failed
2026-10-08 11:02:21 [WARNING] Skipping delhi/ITO Junction — no TomTom data
2026-10-08 11:02:21 [WARNING] TomTom network error for (18.5912, 73.7389): [Errno 11001] getaddrinfo failed
2026-10-08 11:02:21 [WARNING] Skipping pune/Hinjawadi Phase 1 — no TomTom data
2026-10-08 11:02:21 [WARNING] TomTom network error for (18.5269, 73.8427): [Errno 11001] getaddrinfo failed
2026-10-08 11:02:21 [WARNING] Skipping pune/FC Road Shivajinagar — no TomTom data
2026-10-08 11:02:21 [WARNING] TomTom network error for (18.5146, 73.9312): [Errno 11001] getaddrinfo failed
2026-10-08 11:02:21 [WARNING] Skipping pune/Magarpatta City Hadapsar — no TomTom data
2026-10-08 11:02:21 [WARNING] TomTom network error for (17.4504, 78.3808): [Errno 11001] getaddrinfo failed
2026-10-08 11:02:21 [WARNING] Skipping hyderabad/Hitec City Cyber Towers — no TomTom data
2026-10-08 11:02:21 [WARNING] TomTom network error for (17.4401, 78.3489): [Errno 11001] getaddrinfo failed
2026-10-08 11:02:21 [WARNING] Skipping hyderabad/Gachibowli Junction — no TomTom data
2026-10-08 11:02:21 [WARNING] TomTom network error for (17.4265, 78.4526): [Errno 11001] getaddrinfo failed
2026-10-08 11:02:21 [WARNING] Skipping hyderabad/Punjagutta Crossing — no TomTom data
2026-10-08 11:02:21 [WARNING] TomTom network error for (12.9877, 80.2520): [Errno 11001] getaddrinfo failed
2026-10-08 11:02:21 [WARNING] Skipping chennai/OMR Tidel Park — no TomTom data
2026-10-08 11:02:21 [WARNING] TomTom network error for (13.0067, 80.2038): [Errno 11001] getaddrinfo failed
2026-10-08 11:02:21 [WARNING] Skipping chennai/Kathipara Junction Guindy — no TomTom data
2026-10-08 11:02:21 [WARNING] TomTom network error for (13.0850, 80.2100): [Errno 11001] getaddrinfo failed
2026-10-08 11:02:21 [WARNING] Skipping chennai/Anna Nagar Roundtana — no TomTom data
2026-10-08 11:02:21 [WARNING] TomTom network error for (22.5408, 88.3965): [Errno 11001] getaddrinfo failed
2026-10-08 11:02:21 [WARNING] Skipping kolkata/EM Bypass Science City — no TomTom data
2026-10-08 11:02:21 [WARNING] TomTom network error for (22.5413, 88.3687): [Errno 11001] getaddrinfo failed
2026-10-08 11:02:21 [WARNING] Skipping kolkata/Park Circus 7-Point Crossing — no TomTom data
2026-10-08 11:02:21 [WARNING] TomTom network error for (22.5744, 88.4338): [Errno 11001] getaddrinfo failed
2026-10-08 11:02:21 [WARNING] Skipping kolkata/Sector V Salt Lake — no TomTom data
2026-10-08 11:02:21 [WARNING] TomTom network error for (23.0284, 72.5068): [Errno 11001] getaddrinfo failed
2026-10-08 11:02:21 [WARNING] Skipping ahmedabad/SG Highway ISKCON Cross Road — no TomTom data
2026-10-08 11:02:21 [WARNING] TomTom network error for (23.0396, 72.5714): [Errno 11001] getaddrinfo failed
2026-10-08 11:02:21 [WARNING] Skipping ahmedabad/Ashram Road Income Tax Circle — no TomTom data
2026-10-08 11:02:21 [WARNING] TomTom network error for (26.8524, 75.8054): [Errno 11001] getaddrinfo failed
2026-10-08 11:02:21 [WARNING] Skipping jaipur/JLN Marg Jawahar Circle — no TomTom data
2026-10-08 11:02:21 [WARNING] TomTom network error for (26.8920, 75.7360): [Errno 11001] getaddrinfo failed
2026-10-08 11:02:21 [WARNING] Skipping jaipur/Ajmer Road 200 Feet Bypass — no TomTom data
2026-10-08 11:02:21 [WARNING] TomTom network error for (10.0261, 76.3125): [Errno 11001] getaddrinfo failed
2026-10-08 11:02:21 [WARNING] Skipping kochi/Edappally Toll Junction — no TomTom data
2026-10-08 11:02:21 [WARNING] TomTom network error for (26.8500, 80.9490): [Errno 11001] getaddrinfo failed
2026-10-08 11:02:21 [WARNING] Skipping lucknow/Hazratganj Crossing — no TomTom data
2026-10-08 11:02:21 [WARNING] No records collected in this batch.
2026-10-08 11:02:21 [INFO] Next batch in 5 minutes. Sleeping...
2026-10-08 11:07:21 [INFO] --- Batch start at 11:07:21 ---
2026-10-08 11:07:21 [WARNING] TomTom network error for (12.9177, 77.6232): [Errno 11001] getaddrinfo failed
2026-10-08 11:07:21 [WARNING] Skipping bengaluru/Silk Board Junction — no TomTom data
2026-10-08 11:07:21 [WARNING] TomTom network error for (12.9592, 77.6974): [Errno 11001] getaddrinfo failed
2026-10-08 11:07:21 [WARNING] Skipping bengaluru/Marathahalli Bridge — no TomTom data
2026-10-08 11:07:21 [WARNING] TomTom network error for (12.9698, 77.7499): [Errno 11001] getaddrinfo failed
2026-10-08 11:07:21 [WARNING] Skipping bengaluru/Whitefield Road — no TomTom data
2026-10-08 11:07:21 [WARNING] TomTom network error for (13.0358, 77.5970): [Errno 11001] getaddrinfo failed
2026-10-08 11:07:21 [WARNING] Skipping bengaluru/Hebbal Flyover — no TomTom data
2026-10-08 11:07:21 [WARNING] TomTom network error for (19.1136, 72.8697): [Errno 11001] getaddrinfo failed
2026-10-08 11:07:21 [WARNING] Skipping mumbai/Western Express Highway Andheri — no TomTom data
2026-10-08 11:07:21 [WARNING] TomTom network error for (18.9922, 72.8547): [Errno 11001] getaddrinfo failed
2026-10-08 11:07:21 [WARNING] Skipping mumbai/Eastern Freeway Sewri — no TomTom data
2026-10-08 11:07:21 [WARNING] TomTom network error for (19.0596, 72.8656): [Errno 11001] getaddrinfo failed
2026-10-08 11:07:21 [WARNING] Skipping mumbai/BKC Bandra Kurla Complex — no TomTom data
2026-10-08 11:07:21 [WARNING] TomTom network error for (19.0378, 72.8624): [Errno 11001] getaddrinfo failed
2026-10-08 11:07:21 [WARNING] Skipping mumbai/Sion Circle — no TomTom data
2026-10-08 11:07:21 [WARNING] TomTom network error for (28.5665, 77.2100): [Errno 11001] getaddrinfo failed
2026-10-08 11:07:21 [WARNING] Skipping delhi/Ring Road AIIMS — no TomTom data
2026-10-08 11:07:21 [WARNING] TomTom network error for (28.5491, 77.3133): [Errno 11001] getaddrinfo failed
2026-10-08 11:07:21 [WARNING] Skipping delhi/DND Flyway Noida Entry — no TomTom data
2026-10-08 11:07:21 [WARNING] TomTom network error for (28.4950, 77.0890): [Errno 11001] getaddrinfo failed
2026-10-08 11:07:21 [WARNING] Skipping delhi/Cyber City Gurgaon — no TomTom data
2026-10-08 11:07:21 [WARNING] TomTom network error for (28.6294, 77.2410): [Errno 11001] getaddrinfo failed
2026-10-08 11:07:21 [WARNING] Skipping delhi/ITO Junction — no TomTom data
2026-10-08 11:07:21 [WARNING] TomTom network error for (18.5912, 73.7389): [Errno 11001] getaddrinfo failed
2026-10-08 11:07:21 [WARNING] Skipping pune/Hinjawadi Phase 1 — no TomTom data
2026-10-08 11:07:21 [WARNING] TomTom network error for (18.5269, 73.8427): [Errno 11001] getaddrinfo failed
2026-10-08 11:07:21 [WARNING] Skipping pune/FC Road Shivajinagar — no TomTom data
2026-10-08 11:07:21 [WARNING] TomTom network error for (18.5146, 73.9312): [Errno 11001] getaddrinfo failed
2026-10-08 11:07:21 [WARNING] Skipping pune/Magarpatta City Hadapsar — no TomTom data
2026-10-08 11:07:21 [WARNING] TomTom network error for (17.4504, 78.3808): [Errno 11001] getaddrinfo failed
2026-10-08 11:07:21 [WARNING] Skipping hyderabad/Hitec City Cyber Towers — no TomTom data
2026-10-08 11:07:21 [WARNING] TomTom network error for (17.4401, 78.3489): [Errno 11001] getaddrinfo failed
2026-10-08 11:07:21 [WARNING] Skipping hyderabad/Gachibowli Junction — no TomTom data
2026-10-08 11:07:21 [WARNING] TomTom network error for (17.4265, 78.4526): [Errno 11001] getaddrinfo failed
2026-10-08 11:07:21 [WARNING] Skipping hyderabad/Punjagutta Crossing — no TomTom data
2026-10-08 11:07:21 [WARNING] TomTom network error for (12.9877, 80.2520): [Errno 11001] getaddrinfo failed
2026-10-08 11:07:21 [WARNING] Skipping chennai/OMR Tidel Park — no TomTom data
2026-10-08 11:07:21 [WARNING] TomTom network error for (13.0067, 80.2038): [Errno 11001] getaddrinfo failed
2026-10-08 11:07:21 [WARNING] Skipping chennai/Kathipara Junction Guindy — no TomTom data
2026-10-08 11:07:21 [WARNING] TomTom network error for (13.0850, 80.2100): [Errno 11001] getaddrinfo failed
2026-10-08 11:07:21 [WARNING] Skipping chennai/Anna Nagar Roundtana — no TomTom data
2026-10-08 11:07:21 [WARNING] TomTom network error for (22.5408, 88.3965): [Errno 11001] getaddrinfo failed
2026-10-08 11:07:21 [WARNING] Skipping kolkata/EM Bypass Science City — no TomTom data
2026-10-08 11:07:21 [WARNING] TomTom network error for (22.5413, 88.3687): [Errno 11001] getaddrinfo failed
2026-10-08 11:07:21 [WARNING] Skipping kolkata/Park Circus 7-Point Crossing — no TomTom data
2026-10-08 11:07:21 [WARNING] TomTom network error for (22.5744, 88.4338): [Errno 11001] getaddrinfo failed
2026-10-08 11:07:21 [WARNING] Skipping kolkata/Sector V Salt Lake — no TomTom data
2026-10-08 11:07:21 [WARNING] TomTom network error for (23.0284, 72.5068): [Errno 11001] getaddrinfo failed
2026-10-08 11:07:21 [WARNING] Skipping ahmedabad/SG Highway ISKCON Cross Road — no TomTom data
2026-10-08 11:07:21 [WARNING] TomTom network error for (23.0396, 72.5714): [Errno 11001] getaddrinfo failed
2026-10-08 11:07:21 [WARNING] Skipping ahmedabad/Ashram Road Income Tax Circle — no TomTom data
2026-10-08 11:07:21 [WARNING] TomTom network error for (26.8524, 75.8054): [Errno 11001] getaddrinfo failed
2026-10-08 11:07:21 [WARNING] Skipping jaipur/JLN Marg Jawahar Circle — no TomTom data
2026-10-08 11:07:21 [WARNING] TomTom network error for (26.8920, 75.7360): [Errno 11001] getaddrinfo failed
2026-10-08 11:07:21 [WARNING] Skipping jaipur/Ajmer Road 200 Feet Bypass — no TomTom data
2026-10-08 11:07:21 [WARNING] TomTom network error for (10.0261, 76.3125): [Errno 11001] getaddrinfo failed
2026-10-08 11:07:21 [WARNING] Skipping kochi/Edappally Toll Junction — no TomTom data
2026-10-08 11:07:21 [WARNING] TomTom network error for (26.8500, 80.9490): [Errno 11001] getaddrinfo failed
2026-10-08 11:07:21 [WARNING] Skipping lucknow/Hazratganj Crossing — no TomTom data
2026-10-08 11:07:21 [WARNING] No records collected in this batch.
2026-10-08 11:07:21 [INFO] Next batch in 5 minutes. Sleeping...
2026-10-08 11:12:21 [INFO] --- Batch start at 11:12:21 ---
2026-10-08 11:12:22 [INFO]   ✓ bengaluru / Silk Board Junction — CI=0.244  speed=31.0/41.0 km/h
2026-10-08 11:12:23 [INFO]   ✓ bengaluru / Marathahalli Bridge — CI=0.257  speed=26.0/35.0 km/h
2026-10-08 11:12:23 [INFO]   ✓ bengaluru / Whitefield Road — CI=0.158  speed=32.0/38.0 km/h
2026-10-08 11:12:24 [INFO]   ✓ bengaluru / Hebbal Flyover — CI=0.192  speed=21.0/26.0 km/h
2026-10-08 11:12:25 [INFO]   ✓ mumbai / Western Express Highway Andheri — CI=0.273  speed=16.0/22.0 km/h
2026-10-08 11:12:26 [INFO]   ✓ mumbai / Eastern Freeway Sewri — CI=0.000  speed=26.0/26.0 km/h
2026-10-08 11:12:27 [INFO]   ✓ mumbai / BKC Bandra Kurla Complex — CI=0.241  speed=22.0/29.0 km/h
2026-10-08 11:12:28 [INFO]   ✓ mumbai / Sion Circle — CI=0.250  speed=15.0/20.0 km/h
2026-10-08 11:12:28 [INFO]   ✓ delhi / Ring Road AIIMS — CI=0.323  speed=21.0/31.0 km/h
2026-10-08 11:12:29 [INFO]   ✓ delhi / DND Flyway Noida Entry — CI=0.000  speed=41.0/41.0 km/h
2026-10-08 11:12:30 [INFO]   ✓ delhi / Cyber City Gurgaon — CI=0.419  speed=25.0/43.0 km/h
2026-10-08 11:12:31 [INFO]   ✓ delhi / ITO Junction — CI=0.308  speed=18.0/26.0 km/h
2026-10-08 11:12:32 [INFO]   ✓ pune / Hinjawadi Phase 1 — CI=0.167  speed=25.0/30.0 km/h
2026-10-08 11:12:33 [INFO]   ✓ pune / FC Road Shivajinagar — CI=0.300  speed=14.0/20.0 km/h
2026-10-08 11:12:34 [INFO]   ✓ pune / Magarpatta City Hadapsar — CI=0.000  speed=31.0/31.0 km/h
2026-10-08 11:12:34 [INFO]   ✓ hyderabad / Hitec City Cyber Towers — CI=0.853  speed=5.0/34.0 km/h
2026-10-08 11:12:35 [INFO]   ✓ hyderabad / Gachibowli Junction — CI=0.278  speed=26.0/36.0 km/h
2026-10-08 11:12:36 [INFO]   ✓ hyderabad / Punjagutta Crossing — CI=0.433  speed=17.0/30.0 km/h
2026-10-08 11:12:36 [INFO]   ✓ chennai / OMR Tidel Park — CI=0.367  speed=19.0/30.0 km/h
2026-10-08 11:12:37 [INFO]   ✓ chennai / Kathipara Junction Guindy — CI=0.516  speed=15.0/31.0 km/h
2026-10-08 11:12:38 [INFO]   ✓ chennai / Anna Nagar Roundtana — CI=0.308  speed=18.0/26.0 km/h
2026-10-08 11:12:39 [INFO]   ✓ kolkata / EM Bypass Science City — CI=0.167  speed=35.0/42.0 km/h
2026-10-08 11:12:39 [INFO]   ✓ kolkata / Park Circus 7-Point Crossing — CI=0.106  speed=42.0/47.0 km/h
2026-10-08 11:12:40 [INFO]   ✓ kolkata / Sector V Salt Lake — CI=0.182  speed=18.0/22.0 km/h
2026-10-08 11:12:41 [INFO]   ✓ ahmedabad / SG Highway ISKCON Cross Road — CI=0.171  speed=29.0/35.0 km/h
2026-10-08 11:12:42 [INFO]   ✓ ahmedabad / Ashram Road Income Tax Circle — CI=0.000  speed=40.0/40.0 km/h
2026-10-08 11:12:42 [INFO]   ✓ jaipur / JLN Marg Jawahar Circle — CI=0.000  speed=44.0/44.0 km/h
2026-10-08 11:12:43 [INFO]   ✓ jaipur / Ajmer Road 200 Feet Bypass — CI=0.194  speed=29.0/36.0 km/h
2026-10-08 11:12:44 [INFO]   ✓ kochi / Edappally Toll Junction — CI=0.000  speed=20.0/20.0 km/h
2026-10-08 11:12:44 [INFO]   ✓ lucknow / Hazratganj Crossing — CI=0.345  speed=19.0/29.0 km/h
2026-10-08 11:12:44 [INFO]   → Saved 32 records to C:\Users\albus\projects\traffic_congession\data\telemetry\city=ahmedabad\2026-10-08.parquet
2026-10-08 11:12:45 [INFO]   → Saved 85 records to C:\Users\albus\projects\traffic_congession\data\telemetry\city=bengaluru\2026-10-08.parquet
2026-10-08 11:12:45 [INFO]   → Saved 48 records to C:\Users\albus\projects\traffic_congession\data\telemetry\city=chennai\2026-10-08.parquet
2026-10-08 11:12:45 [INFO]   → Saved 85 records to C:\Users\albus\projects\traffic_congession\data\telemetry\city=delhi\2026-10-08.parquet
2026-10-08 11:12:45 [INFO]   → Saved 48 records to C:\Users\albus\projects\traffic_congession\data\telemetry\city=hyderabad\2026-10-08.parquet
2026-10-08 11:12:45 [INFO]   → Saved 32 records to C:\Users\albus\projects\traffic_congession\data\telemetry\city=jaipur\2026-10-08.parquet
2026-10-08 11:12:45 [INFO]   → Saved 16 records to C:\Users\albus\projects\traffic_congession\data\telemetry\city=kochi\2026-10-08.parquet
2026-10-08 11:12:45 [INFO]   → Saved 48 records to C:\Users\albus\projects\traffic_congession\data\telemetry\city=kolkata\2026-10-08.parquet
2026-10-08 11:12:45 [INFO]   → Saved 16 records to C:\Users\albus\projects\traffic_congession\data\telemetry\city=lucknow\2026-10-08.parquet
2026-10-08 11:12:45 [INFO]   → Saved 85 records to C:\Users\albus\projects\traffic_congession\data\telemetry\city=mumbai\2026-10-08.parquet
2026-10-08 11:12:45 [INFO]   → Saved 62 records to C:\Users\albus\projects\traffic_congession\data\telemetry\city=pune\2026-10-08.parquet
2026-10-08 11:12:45 [INFO] Next batch in 5 minutes. Sleeping...
2026-10-08 11:17:45 [INFO] --- Batch start at 11:17:45 ---
2026-10-08 11:17:45 [INFO]   ✓ bengaluru / Silk Board Junction — CI=0.439  speed=23.0/41.0 km/h
2026-10-08 11:17:46 [INFO]   ✓ bengaluru / Marathahalli Bridge — CI=0.250  speed=27.0/36.0 km/h
2026-10-08 11:17:47 [INFO]   ✓ bengaluru / Whitefield Road — CI=0.135  speed=32.0/37.0 km/h
2026-10-08 11:17:47 [INFO]   ✓ bengaluru / Hebbal Flyover — CI=0.192  speed=21.0/26.0 km/h
2026-10-08 11:17:48 [INFO]   ✓ mumbai / Western Express Highway Andheri — CI=0.318  speed=15.0/22.0 km/h
2026-10-08 11:17:49 [INFO]   ✓ mumbai / Eastern Freeway Sewri — CI=0.000  speed=26.0/26.0 km/h
2026-10-08 11:17:49 [INFO]   ✓ mumbai / BKC Bandra Kurla Complex — CI=0.103  speed=26.0/29.0 km/h
2026-10-08 11:17:50 [INFO]   ✓ mumbai / Sion Circle — CI=0.211  speed=15.0/19.0 km/h
2026-10-08 11:17:50 [INFO]   ✓ delhi / Ring Road AIIMS — CI=0.267  speed=22.0/30.0 km/h
2026-10-08 11:17:51 [INFO]   ✓ delhi / DND Flyway Noida Entry — CI=0.171  speed=34.0/41.0 km/h
2026-10-08 11:17:52 [INFO]   ✓ delhi / Cyber City Gurgaon — CI=0.273  speed=32.0/44.0 km/h
2026-10-08 11:17:52 [INFO]   ✓ delhi / ITO Junction — CI=0.346  speed=17.0/26.0 km/h
2026-10-08 11:17:53 [INFO]   ✓ pune / Hinjawadi Phase 1 — CI=0.200  speed=24.0/30.0 km/h
2026-10-08 11:17:54 [INFO]   ✓ pune / FC Road Shivajinagar — CI=0.364  speed=14.0/22.0 km/h
2026-10-08 11:17:54 [INFO]   ✓ pune / Magarpatta City Hadapsar — CI=0.000  speed=31.0/31.0 km/h
2026-10-08 11:17:55 [INFO]   ✓ hyderabad / Hitec City Cyber Towers — CI=0.818  speed=6.0/33.0 km/h
2026-10-08 11:17:55 [INFO]   ✓ hyderabad / Gachibowli Junction — CI=0.270  speed=27.0/37.0 km/h
2026-10-08 11:17:56 [INFO]   ✓ hyderabad / Punjagutta Crossing — CI=0.323  speed=21.0/31.0 km/h
2026-10-08 11:17:56 [INFO]   ✓ chennai / OMR Tidel Park — CI=0.333  speed=20.0/30.0 km/h
2026-10-08 11:17:57 [INFO]   ✓ chennai / Kathipara Junction Guindy — CI=0.529  speed=16.0/34.0 km/h
2026-10-08 11:17:57 [INFO]   ✓ chennai / Anna Nagar Roundtana — CI=0.269  speed=19.0/26.0 km/h
2026-10-08 11:17:58 [INFO]   ✓ kolkata / EM Bypass Science City — CI=0.163  speed=36.0/43.0 km/h
2026-10-08 11:17:59 [INFO]   ✓ kolkata / Park Circus 7-Point Crossing — CI=0.000  speed=48.0/48.0 km/h
2026-10-08 11:17:59 [INFO]   ✓ kolkata / Sector V Salt Lake — CI=0.000  speed=22.0/22.0 km/h
2026-10-08 11:18:00 [INFO]   ✓ ahmedabad / SG Highway ISKCON Cross Road — CI=0.143  speed=30.0/35.0 km/h
2026-10-08 11:18:00 [INFO]   ✓ ahmedabad / Ashram Road Income Tax Circle — CI=0.000  speed=40.0/40.0 km/h
2026-10-08 11:18:01 [INFO]   ✓ jaipur / JLN Marg Jawahar Circle — CI=0.000  speed=44.0/44.0 km/h
2026-10-08 11:18:01 [INFO]   ✓ jaipur / Ajmer Road 200 Feet Bypass — CI=0.222  speed=28.0/36.0 km/h
2026-10-08 11:18:02 [INFO]   ✓ kochi / Edappally Toll Junction — CI=0.000  speed=20.0/20.0 km/h
2026-10-08 11:18:03 [INFO]   ✓ lucknow / Hazratganj Crossing — CI=0.333  speed=20.0/30.0 km/h
2026-10-08 11:18:03 [INFO]   → Saved 34 records to C:\Users\albus\projects\traffic_congession\data\telemetry\city=ahmedabad\2026-10-08.parquet
2026-10-08 11:18:03 [INFO]   → Saved 89 records to C:\Users\albus\projects\traffic_congession\data\telemetry\city=bengaluru\2026-10-08.parquet
2026-10-08 11:18:03 [INFO]   → Saved 51 records to C:\Users\albus\projects\traffic_congession\data\telemetry\city=chennai\2026-10-08.parquet
2026-10-08 11:18:03 [INFO]   → Saved 89 records to C:\Users\albus\projects\traffic_congession\data\telemetry\city=delhi\2026-10-08.parquet
2026-10-08 11:18:03 [INFO]   → Saved 51 records to C:\Users\albus\projects\traffic_congession\data\telemetry\city=hyderabad\2026-10-08.parquet
2026-10-08 11:18:03 [INFO]   → Saved 34 records to C:\Users\albus\projects\traffic_congession\data\telemetry\city=jaipur\2026-10-08.parquet
2026-10-08 11:18:03 [INFO]   → Saved 17 records to C:\Users\albus\projects\traffic_congession\data\telemetry\city=kochi\2026-10-08.parquet
2026-10-08 11:18:03 [INFO]   → Saved 51 records to C:\Users\albus\projects\traffic_congession\data\telemetry\city=kolkata\2026-10-08.parquet
2026-10-08 11:18:03 [INFO]   → Saved 17 records to C:\Users\albus\projects\traffic_congession\data\telemetry\city=lucknow\2026-10-08.parquet
2026-10-08 11:18:03 [INFO]   → Saved 89 records to C:\Users\albus\projects\traffic_congession\data\telemetry\city=mumbai\2026-10-08.parquet
2026-10-08 11:18:03 [INFO]   → Saved 65 records to C:\Users\albus\projects\traffic_congession\data\telemetry\city=pune\2026-10-08.parquet
2026-10-08 11:18:03 [INFO] Next batch in 5 minutes. Sleeping...
2026-10-08 11:23:03 [INFO] --- Batch start at 11:23:03 ---
2026-10-08 11:23:03 [INFO]   ✓ bengaluru / Silk Board Junction — CI=0.341  speed=27.0/41.0 km/h
2026-10-08 11:23:04 [INFO]   ✓ bengaluru / Marathahalli Bridge — CI=0.229  speed=27.0/35.0 km/h
2026-10-08 11:23:05 [INFO]   ✓ bengaluru / Whitefield Road — CI=0.184  speed=31.0/38.0 km/h
2026-10-08 11:23:06 [INFO]   ✓ bengaluru / Hebbal Flyover — CI=0.192  speed=21.0/26.0 km/h
2026-10-08 11:23:07 [INFO]   ✓ mumbai / Western Express Highway Andheri — CI=0.318  speed=15.0/22.0 km/h
2026-10-08 11:23:07 [INFO]   ✓ mumbai / Eastern Freeway Sewri — CI=0.000  speed=26.0/26.0 km/h
2026-10-08 11:23:08 [INFO]   ✓ mumbai / BKC Bandra Kurla Complex — CI=0.103  speed=26.0/29.0 km/h
2026-10-08 11:23:08 [INFO]   ✓ mumbai / Sion Circle — CI=0.300  speed=14.0/20.0 km/h
2026-10-08 11:23:09 [INFO]   ✓ delhi / Ring Road AIIMS — CI=0.290  speed=22.0/31.0 km/h
2026-10-08 11:23:10 [INFO]   ✓ delhi / DND Flyway Noida Entry — CI=0.171  speed=34.0/41.0 km/h
2026-10-08 11:23:10 [INFO]   ✓ delhi / Cyber City Gurgaon — CI=0.386  speed=27.0/44.0 km/h
2026-10-08 11:23:11 [INFO]   ✓ delhi / ITO Junction — CI=0.370  speed=17.0/27.0 km/h
2026-10-08 11:23:12 [INFO]   ✓ pune / Hinjawadi Phase 1 — CI=0.172  speed=24.0/29.0 km/h
2026-10-08 11:23:12 [INFO]   ✓ pune / FC Road Shivajinagar — CI=0.250  speed=15.0/20.0 km/h
2026-10-08 11:23:13 [INFO]   ✓ pune / Magarpatta City Hadapsar — CI=0.000  speed=31.0/31.0 km/h
2026-10-08 11:23:13 [INFO]   ✓ hyderabad / Hitec City Cyber Towers — CI=0.800  speed=6.0/30.0 km/h
2026-10-08 11:23:14 [INFO]   ✓ hyderabad / Gachibowli Junction — CI=0.324  speed=25.0/37.0 km/h
2026-10-08 11:23:15 [INFO]   ✓ hyderabad / Punjagutta Crossing — CI=0.433  speed=17.0/30.0 km/h
2026-10-08 11:23:15 [INFO]   ✓ chennai / OMR Tidel Park — CI=0.333  speed=20.0/30.0 km/h
2026-10-08 11:23:16 [INFO]   ✓ chennai / Kathipara Junction Guindy — CI=0.375  speed=20.0/32.0 km/h
2026-10-08 11:23:16 [INFO]   ✓ chennai / Anna Nagar Roundtana — CI=0.269  speed=19.0/26.0 km/h
2026-10-08 11:23:17 [INFO]   ✓ kolkata / EM Bypass Science City — CI=0.163  speed=36.0/43.0 km/h
2026-10-08 11:23:18 [INFO]   ✓ kolkata / Park Circus 7-Point Crossing — CI=0.000  speed=48.0/48.0 km/h
2026-10-08 11:23:18 [INFO]   ✓ kolkata / Sector V Salt Lake — CI=0.000  speed=22.0/22.0 km/h
2026-10-08 11:23:19 [INFO]   ✓ ahmedabad / SG Highway ISKCON Cross Road — CI=0.114  speed=31.0/35.0 km/h
2026-10-08 11:23:19 [INFO]   ✓ ahmedabad / Ashram Road Income Tax Circle — CI=0.000  speed=40.0/40.0 km/h
2026-10-08 11:23:20 [INFO]   ✓ jaipur / JLN Marg Jawahar Circle — CI=0.000  speed=44.0/44.0 km/h
2026-10-08 11:23:20 [INFO]   ✓ jaipur / Ajmer Road 200 Feet Bypass — CI=0.222  speed=28.0/36.0 km/h
2026-10-08 11:23:21 [INFO]   ✓ kochi / Edappally Toll Junction — CI=0.000  speed=20.0/20.0 km/h
2026-10-08 11:23:22 [INFO]   ✓ lucknow / Hazratganj Crossing — CI=0.310  speed=20.0/29.0 km/h
2026-10-08 11:23:22 [INFO]   → Saved 36 records to C:\Users\albus\projects\traffic_congession\data\telemetry\city=ahmedabad\2026-10-08.parquet
2026-10-08 11:23:22 [INFO]   → Saved 93 records to C:\Users\albus\projects\traffic_congession\data\telemetry\city=bengaluru\2026-10-08.parquet
2026-10-08 11:23:22 [INFO]   → Saved 54 records to C:\Users\albus\projects\traffic_congession\data\telemetry\city=chennai\2026-10-08.parquet
2026-10-08 11:23:22 [INFO]   → Saved 93 records to C:\Users\albus\projects\traffic_congession\data\telemetry\city=delhi\2026-10-08.parquet
2026-10-08 11:23:22 [INFO]   → Saved 54 records to C:\Users\albus\projects\traffic_congession\data\telemetry\city=hyderabad\2026-10-08.parquet
2026-10-08 11:23:22 [INFO]   → Saved 36 records to C:\Users\albus\projects\traffic_congession\data\telemetry\city=jaipur\2026-10-08.parquet
2026-10-08 11:23:22 [INFO]   → Saved 18 records to C:\Users\albus\projects\traffic_congession\data\telemetry\city=kochi\2026-10-08.parquet
2026-10-08 11:23:22 [INFO]   → Saved 54 records to C:\Users\albus\projects\traffic_congession\data\telemetry\city=kolkata\2026-10-08.parquet
2026-10-08 11:23:22 [INFO]   → Saved 18 records to C:\Users\albus\projects\traffic_congession\data\telemetry\city=lucknow\2026-10-08.parquet
2026-10-08 11:23:22 [INFO]   → Saved 93 records to C:\Users\albus\projects\traffic_congession\data\telemetry\city=mumbai\2026-10-08.parquet
2026-10-08 11:23:22 [INFO]   → Saved 68 records to C:\Users\albus\projects\traffic_congession\data\telemetry\city=pune\2026-10-08.parquet
2026-10-08 11:23:22 [INFO] Next batch in 5 minutes. Sleeping...
2026-10-08 11:28:22 [INFO] --- Batch start at 11:28:22 ---
2026-10-08 11:28:22 [INFO]   ✓ bengaluru / Silk Board Junction — CI=0.390  speed=25.0/41.0 km/h
2026-10-08 11:28:23 [INFO]   ✓ bengaluru / Marathahalli Bridge — CI=0.229  speed=27.0/35.0 km/h
2026-10-08 11:28:24 [INFO]   ✓ bengaluru / Whitefield Road — CI=0.211  speed=30.0/38.0 km/h
2026-10-08 11:28:25 [INFO]   ✓ bengaluru / Hebbal Flyover — CI=0.192  speed=21.0/26.0 km/h
2026-10-08 11:28:26 [INFO]   ✓ mumbai / Western Express Highway Andheri — CI=0.318  speed=15.0/22.0 km/h
2026-10-08 11:28:26 [INFO]   ✓ mumbai / Eastern Freeway Sewri — CI=0.000  speed=26.0/26.0 km/h
2026-10-08 11:28:27 [INFO]   ✓ mumbai / BKC Bandra Kurla Complex — CI=0.000  speed=27.0/27.0 km/h
2026-10-08 11:28:27 [INFO]   ✓ mumbai / Sion Circle — CI=0.316  speed=13.0/19.0 km/h
2026-10-08 11:28:28 [INFO]   ✓ delhi / Ring Road AIIMS — CI=0.355  speed=20.0/31.0 km/h
2026-10-08 11:28:29 [INFO]   ✓ delhi / DND Flyway Noida Entry — CI=0.171  speed=34.0/41.0 km/h
2026-10-08 11:28:30 [INFO]   ✓ delhi / Cyber City Gurgaon — CI=0.289  speed=32.0/45.0 km/h
2026-10-08 11:28:30 [INFO]   ✓ delhi / ITO Junction — CI=0.346  speed=17.0/26.0 km/h
2026-10-08 11:28:31 [INFO]   ✓ pune / Hinjawadi Phase 1 — CI=0.167  speed=25.0/30.0 km/h
2026-10-08 11:28:32 [INFO]   ✓ pune / FC Road Shivajinagar — CI=0.300  speed=14.0/20.0 km/h
2026-10-08 11:28:32 [INFO]   ✓ pune / Magarpatta City Hadapsar — CI=0.000  speed=31.0/31.0 km/h
2026-10-08 11:28:33 [INFO]   ✓ hyderabad / Hitec City Cyber Towers — CI=0.594  speed=13.0/32.0 km/h
2026-10-08 11:28:34 [INFO]   ✓ hyderabad / Gachibowli Junction — CI=0.243  speed=28.0/37.0 km/h
2026-10-08 11:28:34 [INFO]   ✓ hyderabad / Punjagutta Crossing — CI=0.419  speed=18.0/31.0 km/h
2026-10-08 11:28:35 [INFO]   ✓ chennai / OMR Tidel Park — CI=0.367  speed=19.0/30.0 km/h
2026-10-08 11:28:35 [INFO]   ✓ chennai / Kathipara Junction Guindy — CI=0.242  speed=25.0/33.0 km/h
2026-10-08 11:28:36 [INFO]   ✓ chennai / Anna Nagar Roundtana — CI=0.231  speed=20.0/26.0 km/h
2026-10-08 11:28:37 [INFO]   ✓ kolkata / EM Bypass Science City — CI=0.163  speed=36.0/43.0 km/h
2026-10-08 11:28:38 [INFO]   ✓ kolkata / Park Circus 7-Point Crossing — CI=0.000  speed=48.0/48.0 km/h
2026-10-08 11:28:38 [INFO]   ✓ kolkata / Sector V Salt Lake — CI=0.000  speed=22.0/22.0 km/h
2026-10-08 11:28:39 [INFO]   ✓ ahmedabad / SG Highway ISKCON Cross Road — CI=0.143  speed=30.0/35.0 km/h
2026-10-08 11:28:39 [INFO]   ✓ ahmedabad / Ashram Road Income Tax Circle — CI=0.000  speed=40.0/40.0 km/h
2026-10-08 11:28:40 [INFO]   ✓ jaipur / JLN Marg Jawahar Circle — CI=0.000  speed=44.0/44.0 km/h
2026-10-08 11:28:41 [INFO]   ✓ jaipur / Ajmer Road 200 Feet Bypass — CI=0.222  speed=28.0/36.0 km/h
2026-10-08 11:28:41 [INFO]   ✓ kochi / Edappally Toll Junction — CI=0.000  speed=20.0/20.0 km/h
2026-10-08 11:28:42 [INFO]   ✓ lucknow / Hazratganj Crossing — CI=0.310  speed=20.0/29.0 km/h
2026-10-08 11:28:42 [INFO]   → Saved 38 records to C:\Users\albus\projects\traffic_congession\data\telemetry\city=ahmedabad\2026-10-08.parquet
2026-10-08 11:28:42 [INFO]   → Saved 97 records to C:\Users\albus\projects\traffic_congession\data\telemetry\city=bengaluru\2026-10-08.parquet
2026-10-08 11:28:42 [INFO]   → Saved 57 records to C:\Users\albus\projects\traffic_congession\data\telemetry\city=chennai\2026-10-08.parquet
2026-10-08 11:28:42 [INFO]   → Saved 97 records to C:\Users\albus\projects\traffic_congession\data\telemetry\city=delhi\2026-10-08.parquet
2026-10-08 11:28:42 [INFO]   → Saved 57 records to C:\Users\albus\projects\traffic_congession\data\telemetry\city=hyderabad\2026-10-08.parquet
2026-10-08 11:28:42 [INFO]   → Saved 38 records to C:\Users\albus\projects\traffic_congession\data\telemetry\city=jaipur\2026-10-08.parquet
2026-10-08 11:28:42 [INFO]   → Saved 19 records to C:\Users\albus\projects\traffic_congession\data\telemetry\city=kochi\2026-10-08.parquet
2026-10-08 11:28:42 [INFO]   → Saved 57 records to C:\Users\albus\projects\traffic_congession\data\telemetry\city=kolkata\2026-10-08.parquet
2026-10-08 11:28:42 [INFO]   → Saved 19 records to C:\Users\albus\projects\traffic_congession\data\telemetry\city=lucknow\2026-10-08.parquet
2026-10-08 11:28:42 [INFO]   → Saved 97 records to C:\Users\albus\projects\traffic_congession\data\telemetry\city=mumbai\2026-10-08.parquet
2026-10-08 11:28:42 [INFO]   → Saved 71 records to C:\Users\albus\projects\traffic_congession\data\telemetry\city=pune\2026-10-08.parquet
2026-10-08 11:28:42 [INFO] Next batch in 5 minutes. Sleeping...
2026-10-08 11:33:42 [INFO] --- Batch start at 11:33:42 ---
2026-10-08 11:33:42 [WARNING] TomTom network error for (12.9177, 77.6232): [Errno 11001] getaddrinfo failed
2026-10-08 11:33:42 [WARNING] Skipping bengaluru/Silk Board Junction — no TomTom data
2026-10-08 11:33:42 [WARNING] TomTom network error for (12.9592, 77.6974): [Errno 11001] getaddrinfo failed
2026-10-08 11:33:42 [WARNING] Skipping bengaluru/Marathahalli Bridge — no TomTom data
2026-10-08 11:33:42 [WARNING] TomTom network error for (12.9698, 77.7499): [Errno 11001] getaddrinfo failed
2026-10-08 11:33:42 [WARNING] Skipping bengaluru/Whitefield Road — no TomTom data
2026-10-08 11:33:42 [WARNING] TomTom network error for (13.0358, 77.5970): [Errno 11001] getaddrinfo failed
2026-10-08 11:33:42 [WARNING] Skipping bengaluru/Hebbal Flyover — no TomTom data
2026-10-08 11:33:42 [WARNING] TomTom network error for (19.1136, 72.8697): [Errno 11001] getaddrinfo failed
2026-10-08 11:33:42 [WARNING] Skipping mumbai/Western Express Highway Andheri — no TomTom data
2026-10-08 11:33:42 [WARNING] TomTom network error for (18.9922, 72.8547): [Errno 11001] getaddrinfo failed
2026-10-08 11:33:42 [WARNING] Skipping mumbai/Eastern Freeway Sewri — no TomTom data
2026-10-08 11:33:42 [WARNING] TomTom network error for (19.0596, 72.8656): [Errno 11001] getaddrinfo failed
2026-10-08 11:33:42 [WARNING] Skipping mumbai/BKC Bandra Kurla Complex — no TomTom data
2026-10-08 11:33:42 [WARNING] TomTom network error for (19.0378, 72.8624): [Errno 11001] getaddrinfo failed
2026-10-08 11:33:42 [WARNING] Skipping mumbai/Sion Circle — no TomTom data
2026-10-08 11:33:42 [WARNING] TomTom network error for (28.5665, 77.2100): [Errno 11001] getaddrinfo failed
2026-10-08 11:33:42 [WARNING] Skipping delhi/Ring Road AIIMS — no TomTom data
2026-10-08 11:33:42 [WARNING] TomTom network error for (28.5491, 77.3133): [Errno 11001] getaddrinfo failed
2026-10-08 11:33:42 [WARNING] Skipping delhi/DND Flyway Noida Entry — no TomTom data
2026-10-08 11:33:42 [WARNING] TomTom network error for (28.4950, 77.0890): [Errno 11001] getaddrinfo failed
2026-10-08 11:33:42 [WARNING] Skipping delhi/Cyber City Gurgaon — no TomTom data
2026-10-08 11:33:42 [WARNING] TomTom network error for (28.6294, 77.2410): [Errno 11001] getaddrinfo failed
2026-10-08 11:33:42 [WARNING] Skipping delhi/ITO Junction — no TomTom data
2026-10-08 11:33:42 [WARNING] TomTom network error for (18.5912, 73.7389): [Errno 11001] getaddrinfo failed
2026-10-08 11:33:42 [WARNING] Skipping pune/Hinjawadi Phase 1 — no TomTom data
2026-10-08 11:33:42 [WARNING] TomTom network error for (18.5269, 73.8427): [Errno 11001] getaddrinfo failed
2026-10-08 11:33:42 [WARNING] Skipping pune/FC Road Shivajinagar — no TomTom data
2026-10-08 11:33:42 [WARNING] TomTom network error for (18.5146, 73.9312): [Errno 11001] getaddrinfo failed
2026-10-08 11:33:42 [WARNING] Skipping pune/Magarpatta City Hadapsar — no TomTom data
2026-10-08 11:33:42 [WARNING] TomTom network error for (17.4504, 78.3808): [Errno 11001] getaddrinfo failed
2026-10-08 11:33:42 [WARNING] Skipping hyderabad/Hitec City Cyber Towers — no TomTom data
2026-10-08 11:33:42 [WARNING] TomTom network error for (17.4401, 78.3489): [Errno 11001] getaddrinfo failed
2026-10-08 11:33:42 [WARNING] Skipping hyderabad/Gachibowli Junction — no TomTom data
2026-10-08 11:33:42 [WARNING] TomTom network error for (17.4265, 78.4526): [Errno 11001] getaddrinfo failed
2026-10-08 11:33:42 [WARNING] Skipping hyderabad/Punjagutta Crossing — no TomTom data
2026-10-08 11:33:42 [WARNING] TomTom network error for (12.9877, 80.2520): [Errno 11001] getaddrinfo failed
2026-10-08 11:33:42 [WARNING] Skipping chennai/OMR Tidel Park — no TomTom data
2026-10-08 11:33:42 [WARNING] TomTom network error for (13.0067, 80.2038): [Errno 11001] getaddrinfo failed
2026-10-08 11:33:42 [WARNING] Skipping chennai/Kathipara Junction Guindy — no TomTom data
2026-10-08 11:33:42 [WARNING] TomTom network error for (13.0850, 80.2100): [Errno 11001] getaddrinfo failed
2026-10-08 11:33:42 [WARNING] Skipping chennai/Anna Nagar Roundtana — no TomTom data
2026-10-08 11:33:42 [WARNING] TomTom network error for (22.5408, 88.3965): [Errno 11001] getaddrinfo failed
2026-10-08 11:33:42 [WARNING] Skipping kolkata/EM Bypass Science City — no TomTom data
2026-10-08 11:33:42 [WARNING] TomTom network error for (22.5413, 88.3687): [Errno 11001] getaddrinfo failed
2026-10-08 11:33:42 [WARNING] Skipping kolkata/Park Circus 7-Point Crossing — no TomTom data
2026-10-08 11:33:42 [WARNING] TomTom network error for (22.5744, 88.4338): [Errno 11001] getaddrinfo failed
2026-10-08 11:33:42 [WARNING] Skipping kolkata/Sector V Salt Lake — no TomTom data
2026-10-08 11:33:42 [WARNING] TomTom network error for (23.0284, 72.5068): [Errno 11001] getaddrinfo failed
2026-10-08 11:33:42 [WARNING] Skipping ahmedabad/SG Highway ISKCON Cross Road — no TomTom data
2026-10-08 11:33:42 [WARNING] TomTom network error for (23.0396, 72.5714): [Errno 11001] getaddrinfo failed
2026-10-08 11:33:42 [WARNING] Skipping ahmedabad/Ashram Road Income Tax Circle — no TomTom data
2026-10-08 11:33:42 [WARNING] TomTom network error for (26.8524, 75.8054): [Errno 11001] getaddrinfo failed
2026-10-08 11:33:42 [WARNING] Skipping jaipur/JLN Marg Jawahar Circle — no TomTom data
2026-10-08 11:33:42 [WARNING] TomTom network error for (26.8920, 75.7360): [Errno 11001] getaddrinfo failed
2026-10-08 11:33:42 [WARNING] Skipping jaipur/Ajmer Road 200 Feet Bypass — no TomTom data
2026-10-08 11:33:42 [WARNING] TomTom network error for (10.0261, 76.3125): [Errno 11001] getaddrinfo failed
2026-10-08 11:33:42 [WARNING] Skipping kochi/Edappally Toll Junction — no TomTom data
2026-10-08 11:33:42 [WARNING] TomTom network error for (26.8500, 80.9490): [Errno 11001] getaddrinfo failed
2026-10-08 11:33:42 [WARNING] Skipping lucknow/Hazratganj Crossing — no TomTom data
2026-10-08 11:33:42 [WARNING] No records collected in this batch.
2026-10-08 11:33:42 [INFO] Next batch in 5 minutes. Sleeping...
2026-10-08 11:38:42 [INFO] --- Batch start at 11:38:42 ---
2026-10-08 11:38:42 [WARNING] TomTom network error for (12.9177, 77.6232): [Errno 11001] getaddrinfo failed
2026-10-08 11:38:42 [WARNING] Skipping bengaluru/Silk Board Junction — no TomTom data
2026-10-08 11:38:42 [WARNING] TomTom network error for (12.9592, 77.6974): [Errno 11001] getaddrinfo failed
2026-10-08 11:38:42 [WARNING] Skipping bengaluru/Marathahalli Bridge — no TomTom data
2026-10-08 11:38:42 [WARNING] TomTom network error for (12.9698, 77.7499): [Errno 11001] getaddrinfo failed
2026-10-08 11:38:42 [WARNING] Skipping bengaluru/Whitefield Road — no TomTom data
2026-10-08 11:38:42 [WARNING] TomTom network error for (13.0358, 77.5970): [Errno 11001] getaddrinfo failed
2026-10-08 11:38:42 [WARNING] Skipping bengaluru/Hebbal Flyover — no TomTom data
2026-10-08 11:38:42 [WARNING] TomTom network error for (19.1136, 72.8697): [Errno 11001] getaddrinfo failed
2026-10-08 11:38:42 [WARNING] Skipping mumbai/Western Express Highway Andheri — no TomTom data
2026-10-08 11:38:42 [WARNING] TomTom network error for (18.9922, 72.8547): [Errno 11001] getaddrinfo failed
2026-10-08 11:38:42 [WARNING] Skipping mumbai/Eastern Freeway Sewri — no TomTom data
2026-10-08 11:38:42 [WARNING] TomTom network error for (19.0596, 72.8656): [Errno 11001] getaddrinfo failed
2026-10-08 11:38:42 [WARNING] Skipping mumbai/BKC Bandra Kurla Complex — no TomTom data
2026-10-08 11:38:42 [WARNING] TomTom network error for (19.0378, 72.8624): [Errno 11001] getaddrinfo failed
2026-10-08 11:38:42 [WARNING] Skipping mumbai/Sion Circle — no TomTom data
2026-10-08 11:38:42 [WARNING] TomTom network error for (28.5665, 77.2100): [Errno 11001] getaddrinfo failed
2026-10-08 11:38:42 [WARNING] Skipping delhi/Ring Road AIIMS — no TomTom data
2026-10-08 11:38:42 [WARNING] TomTom network error for (28.5491, 77.3133): [Errno 11001] getaddrinfo failed
2026-10-08 11:38:42 [WARNING] Skipping delhi/DND Flyway Noida Entry — no TomTom data
2026-10-08 11:38:42 [WARNING] TomTom network error for (28.4950, 77.0890): [Errno 11001] getaddrinfo failed
2026-10-08 11:38:42 [WARNING] Skipping delhi/Cyber City Gurgaon — no TomTom data
2026-10-08 11:38:42 [WARNING] TomTom network error for (28.6294, 77.2410): [Errno 11001] getaddrinfo failed
2026-10-08 11:38:42 [WARNING] Skipping delhi/ITO Junction — no TomTom data
2026-10-08 11:38:42 [WARNING] TomTom network error for (18.5912, 73.7389): [Errno 11001] getaddrinfo failed
2026-10-08 11:38:42 [WARNING] Skipping pune/Hinjawadi Phase 1 — no TomTom data
2026-10-08 11:38:42 [WARNING] TomTom network error for (18.5269, 73.8427): [Errno 11001] getaddrinfo failed
2026-10-08 11:38:42 [WARNING] Skipping pune/FC Road Shivajinagar — no TomTom data
2026-10-08 11:38:42 [WARNING] TomTom network error for (18.5146, 73.9312): [Errno 11001] getaddrinfo failed
2026-10-08 11:38:42 [WARNING] Skipping pune/Magarpatta City Hadapsar — no TomTom data
2026-10-08 11:38:42 [WARNING] TomTom network error for (17.4504, 78.3808): [Errno 11001] getaddrinfo failed
2026-10-08 11:38:42 [WARNING] Skipping hyderabad/Hitec City Cyber Towers — no TomTom data
2026-10-08 11:38:42 [WARNING] TomTom network error for (17.4401, 78.3489): [Errno 11001] getaddrinfo failed
2026-10-08 11:38:42 [WARNING] Skipping hyderabad/Gachibowli Junction — no TomTom data
2026-10-08 11:38:42 [WARNING] TomTom network error for (17.4265, 78.4526): [Errno 11001] getaddrinfo failed
2026-10-08 11:38:42 [WARNING] Skipping hyderabad/Punjagutta Crossing — no TomTom data
2026-10-08 11:38:42 [WARNING] TomTom network error for (12.9877, 80.2520): [Errno 11001] getaddrinfo failed
2026-10-08 11:38:42 [WARNING] Skipping chennai/OMR Tidel Park — no TomTom data
2026-10-08 11:38:42 [WARNING] TomTom network error for (13.0067, 80.2038): [Errno 11001] getaddrinfo failed
2026-10-08 11:38:42 [WARNING] Skipping chennai/Kathipara Junction Guindy — no TomTom data
2026-10-08 11:38:42 [WARNING] TomTom network error for (13.0850, 80.2100): [Errno 11001] getaddrinfo failed
2026-10-08 11:38:42 [WARNING] Skipping chennai/Anna Nagar Roundtana — no TomTom data
2026-10-08 11:38:42 [WARNING] TomTom network error for (22.5408, 88.3965): [Errno 11001] getaddrinfo failed
2026-10-08 11:38:42 [WARNING] Skipping kolkata/EM Bypass Science City — no TomTom data
2026-10-08 11:38:42 [WARNING] TomTom network error for (22.5413, 88.3687): [Errno 11001] getaddrinfo failed
2026-10-08 11:38:42 [WARNING] Skipping kolkata/Park Circus 7-Point Crossing — no TomTom data
2026-10-08 11:38:42 [WARNING] TomTom network error for (22.5744, 88.4338): [Errno 11001] getaddrinfo failed
2026-10-08 11:38:42 [WARNING] Skipping kolkata/Sector V Salt Lake — no TomTom data
2026-10-08 11:38:42 [WARNING] TomTom network error for (23.0284, 72.5068): [Errno 11001] getaddrinfo failed
2026-10-08 11:38:42 [WARNING] Skipping ahmedabad/SG Highway ISKCON Cross Road — no TomTom data
2026-10-08 11:38:42 [WARNING] TomTom network error for (23.0396, 72.5714): [Errno 11001] getaddrinfo failed
2026-10-08 11:38:42 [WARNING] Skipping ahmedabad/Ashram Road Income Tax Circle — no TomTom data
2026-10-08 11:38:42 [WARNING] TomTom network error for (26.8524, 75.8054): [Errno 11001] getaddrinfo failed
2026-10-08 11:38:42 [WARNING] Skipping jaipur/JLN Marg Jawahar Circle — no TomTom data
2026-10-08 11:38:42 [WARNING] TomTom network error for (26.8920, 75.7360): [Errno 11001] getaddrinfo failed
2026-10-08 11:38:42 [WARNING] Skipping jaipur/Ajmer Road 200 Feet Bypass — no TomTom data
2026-10-08 11:38:42 [WARNING] TomTom network error for (10.0261, 76.3125): [Errno 11001] getaddrinfo failed
2026-10-08 11:38:42 [WARNING] Skipping kochi/Edappally Toll Junction — no TomTom data
2026-10-08 11:38:42 [WARNING] TomTom network error for (26.8500, 80.9490): [Errno 11001] getaddrinfo failed
2026-10-08 11:38:42 [WARNING] Skipping lucknow/Hazratganj Crossing — no TomTom data
2026-10-08 11:38:42 [WARNING] No records collected in this batch.
2026-10-08 11:38:42 [INFO] Next batch in 5 minutes. Sleeping...
2026-10-08 11:43:42 [INFO] --- Batch start at 11:43:42 ---
2026-10-08 11:43:42 [WARNING] TomTom network error for (12.9177, 77.6232): [Errno 11001] getaddrinfo failed
2026-10-08 11:43:42 [WARNING] Skipping bengaluru/Silk Board Junction — no TomTom data
2026-10-08 11:43:42 [WARNING] TomTom network error for (12.9592, 77.6974): [Errno 11001] getaddrinfo failed
2026-10-08 11:43:42 [WARNING] Skipping bengaluru/Marathahalli Bridge — no TomTom data
2026-10-08 11:43:42 [WARNING] TomTom network error for (12.9698, 77.7499): [Errno 11001] getaddrinfo failed
2026-10-08 11:43:42 [WARNING] Skipping bengaluru/Whitefield Road — no TomTom data
2026-10-08 11:43:42 [WARNING] TomTom network error for (13.0358, 77.5970): [Errno 11001] getaddrinfo failed
2026-10-08 11:43:42 [WARNING] Skipping bengaluru/Hebbal Flyover — no TomTom data
2026-10-08 11:43:42 [WARNING] TomTom network error for (19.1136, 72.8697): [Errno 11001] getaddrinfo failed
2026-10-08 11:43:42 [WARNING] Skipping mumbai/Western Express Highway Andheri — no TomTom data
2026-10-08 11:43:42 [WARNING] TomTom network error for (18.9922, 72.8547): [Errno 11001] getaddrinfo failed
2026-10-08 11:43:42 [WARNING] Skipping mumbai/Eastern Freeway Sewri — no TomTom data
2026-10-08 11:43:42 [WARNING] TomTom network error for (19.0596, 72.8656): [Errno 11001] getaddrinfo failed
2026-10-08 11:43:42 [WARNING] Skipping mumbai/BKC Bandra Kurla Complex — no TomTom data
2026-10-08 11:43:42 [WARNING] TomTom network error for (19.0378, 72.8624): [Errno 11001] getaddrinfo failed
2026-10-08 11:43:42 [WARNING] Skipping mumbai/Sion Circle — no TomTom data
2026-10-08 11:43:42 [WARNING] TomTom network error for (28.5665, 77.2100): [Errno 11001] getaddrinfo failed
2026-10-08 11:43:42 [WARNING] Skipping delhi/Ring Road AIIMS — no TomTom data
2026-10-08 11:43:42 [WARNING] TomTom network error for (28.5491, 77.3133): [Errno 11001] getaddrinfo failed
2026-10-08 11:43:42 [WARNING] Skipping delhi/DND Flyway Noida Entry — no TomTom data
2026-10-08 11:43:42 [WARNING] TomTom network error for (28.4950, 77.0890): [Errno 11001] getaddrinfo failed
2026-10-08 11:43:42 [WARNING] Skipping delhi/Cyber City Gurgaon — no TomTom data
2026-10-08 11:43:42 [WARNING] TomTom network error for (28.6294, 77.2410): [Errno 11001] getaddrinfo failed
2026-10-08 11:43:42 [WARNING] Skipping delhi/ITO Junction — no TomTom data
2026-10-08 11:43:42 [WARNING] TomTom network error for (18.5912, 73.7389): [Errno 11001] getaddrinfo failed
2026-10-08 11:43:42 [WARNING] Skipping pune/Hinjawadi Phase 1 — no TomTom data
2026-10-08 11:43:42 [WARNING] TomTom network error for (18.5269, 73.8427): [Errno 11001] getaddrinfo failed
2026-10-08 11:43:42 [WARNING] Skipping pune/FC Road Shivajinagar — no TomTom data
2026-10-08 11:43:42 [WARNING] TomTom network error for (18.5146, 73.9312): [Errno 11001] getaddrinfo failed
2026-10-08 11:43:42 [WARNING] Skipping pune/Magarpatta City Hadapsar — no TomTom data
2026-10-08 11:43:42 [WARNING] TomTom network error for (17.4504, 78.3808): [Errno 11001] getaddrinfo failed
2026-10-08 11:43:42 [WARNING] Skipping hyderabad/Hitec City Cyber Towers — no TomTom data
2026-10-08 11:43:42 [WARNING] TomTom network error for (17.4401, 78.3489): [Errno 11001] getaddrinfo failed
2026-10-08 11:43:42 [WARNING] Skipping hyderabad/Gachibowli Junction — no TomTom data
2026-10-08 11:43:42 [WARNING] TomTom network error for (17.4265, 78.4526): [Errno 11001] getaddrinfo failed
2026-10-08 11:43:42 [WARNING] Skipping hyderabad/Punjagutta Crossing — no TomTom data
2026-10-08 11:43:42 [WARNING] TomTom network error for (12.9877, 80.2520): [Errno 11001] getaddrinfo failed
2026-10-08 11:43:42 [WARNING] Skipping chennai/OMR Tidel Park — no TomTom data
2026-10-08 11:43:42 [WARNING] TomTom network error for (13.0067, 80.2038): [Errno 11001] getaddrinfo failed
2026-10-08 11:43:42 [WARNING] Skipping chennai/Kathipara Junction Guindy — no TomTom data
2026-10-08 11:43:42 [WARNING] TomTom network error for (13.0850, 80.2100): [Errno 11001] getaddrinfo failed
2026-10-08 11:43:42 [WARNING] Skipping chennai/Anna Nagar Roundtana — no TomTom data
2026-10-08 11:43:42 [WARNING] TomTom network error for (22.5408, 88.3965): [Errno 11001] getaddrinfo failed
2026-10-08 11:43:42 [WARNING] Skipping kolkata/EM Bypass Science City — no TomTom data
2026-10-08 11:43:42 [WARNING] TomTom network error for (22.5413, 88.3687): [Errno 11001] getaddrinfo failed
2026-10-08 11:43:42 [WARNING] Skipping kolkata/Park Circus 7-Point Crossing — no TomTom data
2026-10-08 11:43:42 [WARNING] TomTom network error for (22.5744, 88.4338): [Errno 11001] getaddrinfo failed
2026-10-08 11:43:42 [WARNING] Skipping kolkata/Sector V Salt Lake — no TomTom data
2026-10-08 11:43:42 [WARNING] TomTom network error for (23.0284, 72.5068): [Errno 11001] getaddrinfo failed
2026-10-08 11:43:42 [WARNING] Skipping ahmedabad/SG Highway ISKCON Cross Road — no TomTom data
2026-10-08 11:43:42 [WARNING] TomTom network error for (23.0396, 72.5714): [Errno 11001] getaddrinfo failed
2026-10-08 11:43:42 [WARNING] Skipping ahmedabad/Ashram Road Income Tax Circle — no TomTom data
2026-10-08 11:43:42 [WARNING] TomTom network error for (26.8524, 75.8054): [Errno 11001] getaddrinfo failed
2026-10-08 11:43:42 [WARNING] Skipping jaipur/JLN Marg Jawahar Circle — no TomTom data
2026-10-08 11:43:42 [WARNING] TomTom network error for (26.8920, 75.7360): [Errno 11001] getaddrinfo failed
2026-10-08 11:43:42 [WARNING] Skipping jaipur/Ajmer Road 200 Feet Bypass — no TomTom data
2026-10-08 11:43:42 [WARNING] TomTom network error for (10.0261, 76.3125): [Errno 11001] getaddrinfo failed
2026-10-08 11:43:42 [WARNING] Skipping kochi/Edappally Toll Junction — no TomTom data
2026-10-08 11:43:42 [WARNING] TomTom network error for (26.8500, 80.9490): [Errno 11001] getaddrinfo failed
2026-10-08 11:43:42 [WARNING] Skipping lucknow/Hazratganj Crossing — no TomTom data
2026-10-08 11:43:42 [WARNING] No records collected in this batch.
2026-10-08 11:43:42 [INFO] Next batch in 5 minutes. Sleeping...
2026-10-08 11:48:42 [INFO] --- Batch start at 11:48:42 ---
2026-10-08 11:48:42 [WARNING] TomTom network error for (12.9177, 77.6232): [Errno 11001] getaddrinfo failed
2026-10-08 11:48:42 [WARNING] Skipping bengaluru/Silk Board Junction — no TomTom data
2026-10-08 11:48:42 [WARNING] TomTom network error for (12.9592, 77.6974): [Errno 11001] getaddrinfo failed
2026-10-08 11:48:42 [WARNING] Skipping bengaluru/Marathahalli Bridge — no TomTom data
2026-10-08 11:48:42 [WARNING] TomTom network error for (12.9698, 77.7499): [Errno 11001] getaddrinfo failed
2026-10-08 11:48:42 [WARNING] Skipping bengaluru/Whitefield Road — no TomTom data
2026-10-08 11:48:42 [WARNING] TomTom network error for (13.0358, 77.5970): [Errno 11001] getaddrinfo failed
2026-10-08 11:48:42 [WARNING] Skipping bengaluru/Hebbal Flyover — no TomTom data
2026-10-08 11:48:42 [WARNING] TomTom network error for (19.1136, 72.8697): [Errno 11001] getaddrinfo failed
2026-10-08 11:48:42 [WARNING] Skipping mumbai/Western Express Highway Andheri — no TomTom data
2026-10-08 11:48:42 [WARNING] TomTom network error for (18.9922, 72.8547): [Errno 11001] getaddrinfo failed
2026-10-08 11:48:42 [WARNING] Skipping mumbai/Eastern Freeway Sewri — no TomTom data
2026-10-08 11:48:42 [WARNING] TomTom network error for (19.0596, 72.8656): [Errno 11001] getaddrinfo failed
2026-10-08 11:48:42 [WARNING] Skipping mumbai/BKC Bandra Kurla Complex — no TomTom data
2026-10-08 11:48:42 [WARNING] TomTom network error for (19.0378, 72.8624): [Errno 11001] getaddrinfo failed
2026-10-08 11:48:42 [WARNING] Skipping mumbai/Sion Circle — no TomTom data
2026-10-08 11:48:42 [WARNING] TomTom network error for (28.5665, 77.2100): [Errno 11001] getaddrinfo failed
2026-10-08 11:48:42 [WARNING] Skipping delhi/Ring Road AIIMS — no TomTom data
2026-10-08 11:48:42 [WARNING] TomTom network error for (28.5491, 77.3133): [Errno 11001] getaddrinfo failed
2026-10-08 11:48:42 [WARNING] Skipping delhi/DND Flyway Noida Entry — no TomTom data
2026-10-08 11:48:42 [WARNING] TomTom network error for (28.4950, 77.0890): [Errno 11001] getaddrinfo failed
2026-10-08 11:48:42 [WARNING] Skipping delhi/Cyber City Gurgaon — no TomTom data
2026-10-08 11:48:42 [WARNING] TomTom network error for (28.6294, 77.2410): [Errno 11001] getaddrinfo failed
2026-10-08 11:48:42 [WARNING] Skipping delhi/ITO Junction — no TomTom data
2026-10-08 11:48:42 [WARNING] TomTom network error for (18.5912, 73.7389): [Errno 11001] getaddrinfo failed
2026-10-08 11:48:42 [WARNING] Skipping pune/Hinjawadi Phase 1 — no TomTom data
2026-10-08 11:48:42 [WARNING] TomTom network error for (18.5269, 73.8427): [Errno 11001] getaddrinfo failed
2026-10-08 11:48:42 [WARNING] Skipping pune/FC Road Shivajinagar — no TomTom data
2026-10-08 11:48:42 [WARNING] TomTom network error for (18.5146, 73.9312): [Errno 11001] getaddrinfo failed
2026-10-08 11:48:42 [WARNING] Skipping pune/Magarpatta City Hadapsar — no TomTom data
2026-10-08 11:48:42 [WARNING] TomTom network error for (17.4504, 78.3808): [Errno 11001] getaddrinfo failed
2026-10-08 11:48:42 [WARNING] Skipping hyderabad/Hitec City Cyber Towers — no TomTom data
2026-10-08 11:48:42 [WARNING] TomTom network error for (17.4401, 78.3489): [Errno 11001] getaddrinfo failed
2026-10-08 11:48:42 [WARNING] Skipping hyderabad/Gachibowli Junction — no TomTom data
2026-10-08 11:48:42 [WARNING] TomTom network error for (17.4265, 78.4526): [Errno 11001] getaddrinfo failed
2026-10-08 11:48:42 [WARNING] Skipping hyderabad/Punjagutta Crossing — no TomTom data
2026-10-08 11:48:42 [WARNING] TomTom network error for (12.9877, 80.2520): [Errno 11001] getaddrinfo failed
2026-10-08 11:48:42 [WARNING] Skipping chennai/OMR Tidel Park — no TomTom data
2026-10-08 11:48:42 [WARNING] TomTom network error for (13.0067, 80.2038): [Errno 11001] getaddrinfo failed
2026-10-08 11:48:42 [WARNING] Skipping chennai/Kathipara Junction Guindy — no TomTom data
2026-10-08 11:48:42 [WARNING] TomTom network error for (13.0850, 80.2100): [Errno 11001] getaddrinfo failed
2026-10-08 11:48:42 [WARNING] Skipping chennai/Anna Nagar Roundtana — no TomTom data
2026-10-08 11:48:42 [WARNING] TomTom network error for (22.5408, 88.3965): [Errno 11001] getaddrinfo failed
2026-10-08 11:48:42 [WARNING] Skipping kolkata/EM Bypass Science City — no TomTom data
2026-10-08 11:48:42 [WARNING] TomTom network error for (22.5413, 88.3687): [Errno 11001] getaddrinfo failed
2026-10-08 11:48:42 [WARNING] Skipping kolkata/Park Circus 7-Point Crossing — no TomTom data
2026-10-08 11:48:42 [WARNING] TomTom network error for (22.5744, 88.4338): [Errno 11001] getaddrinfo failed
2026-10-08 11:48:42 [WARNING] Skipping kolkata/Sector V Salt Lake — no TomTom data
2026-10-08 11:48:42 [WARNING] TomTom network error for (23.0284, 72.5068): [Errno 11001] getaddrinfo failed
2026-10-08 11:48:42 [WARNING] Skipping ahmedabad/SG Highway ISKCON Cross Road — no TomTom data
2026-10-08 11:48:42 [WARNING] TomTom network error for (23.0396, 72.5714): [Errno 11001] getaddrinfo failed
2026-10-08 11:48:42 [WARNING] Skipping ahmedabad/Ashram Road Income Tax Circle — no TomTom data
2026-10-08 11:48:42 [WARNING] TomTom network error for (26.8524, 75.8054): [Errno 11001] getaddrinfo failed
2026-10-08 11:48:42 [WARNING] Skipping jaipur/JLN Marg Jawahar Circle — no TomTom data
2026-10-08 11:48:42 [WARNING] TomTom network error for (26.8920, 75.7360): [Errno 11001] getaddrinfo failed
2026-10-08 11:48:42 [WARNING] Skipping jaipur/Ajmer Road 200 Feet Bypass — no TomTom data
2026-10-08 11:48:42 [WARNING] TomTom network error for (10.0261, 76.3125): [Errno 11001] getaddrinfo failed
2026-10-08 11:48:42 [WARNING] Skipping kochi/Edappally Toll Junction — no TomTom data
2026-10-08 11:48:42 [WARNING] TomTom network error for (26.8500, 80.9490): [Errno 11001] getaddrinfo failed
2026-10-08 11:48:42 [WARNING] Skipping lucknow/Hazratganj Crossing — no TomTom data
2026-10-08 11:48:42 [WARNING] No records collected in this batch.
2026-10-08 11:48:42 [INFO] Next batch in 5 minutes. Sleeping...
2026-10-08 11:53:42 [INFO] --- Batch start at 11:53:42 ---
2026-10-08 11:53:42 [WARNING] TomTom network error for (12.9177, 77.6232): [Errno 11001] getaddrinfo failed
2026-10-08 11:53:42 [WARNING] Skipping bengaluru/Silk Board Junction — no TomTom data
2026-10-08 11:53:42 [WARNING] TomTom network error for (12.9592, 77.6974): [Errno 11001] getaddrinfo failed
2026-10-08 11:53:42 [WARNING] Skipping bengaluru/Marathahalli Bridge — no TomTom data
2026-10-08 11:53:42 [WARNING] TomTom network error for (12.9698, 77.7499): [Errno 11001] getaddrinfo failed
2026-10-08 11:53:42 [WARNING] Skipping bengaluru/Whitefield Road — no TomTom data
2026-10-08 11:53:42 [WARNING] TomTom network error for (13.0358, 77.5970): [Errno 11001] getaddrinfo failed
2026-10-08 11:53:42 [WARNING] Skipping bengaluru/Hebbal Flyover — no TomTom data
2026-10-08 11:53:42 [WARNING] TomTom network error for (19.1136, 72.8697): [Errno 11001] getaddrinfo failed
2026-10-08 11:53:42 [WARNING] Skipping mumbai/Western Express Highway Andheri — no TomTom data
2026-10-08 11:53:42 [WARNING] TomTom network error for (18.9922, 72.8547): [Errno 11001] getaddrinfo failed
2026-10-08 11:53:42 [WARNING] Skipping mumbai/Eastern Freeway Sewri — no TomTom data
2026-10-08 11:53:42 [WARNING] TomTom network error for (19.0596, 72.8656): [Errno 11001] getaddrinfo failed
2026-10-08 11:53:42 [WARNING] Skipping mumbai/BKC Bandra Kurla Complex — no TomTom data
2026-10-08 11:53:42 [WARNING] TomTom network error for (19.0378, 72.8624): [Errno 11001] getaddrinfo failed
2026-10-08 11:53:42 [WARNING] Skipping mumbai/Sion Circle — no TomTom data
2026-10-08 11:53:42 [WARNING] TomTom network error for (28.5665, 77.2100): [Errno 11001] getaddrinfo failed
2026-10-08 11:53:42 [WARNING] Skipping delhi/Ring Road AIIMS — no TomTom data
2026-10-08 11:53:42 [WARNING] TomTom network error for (28.5491, 77.3133): [Errno 11001] getaddrinfo failed
2026-10-08 11:53:42 [WARNING] Skipping delhi/DND Flyway Noida Entry — no TomTom data
2026-10-08 11:53:42 [WARNING] TomTom network error for (28.4950, 77.0890): [Errno 11001] getaddrinfo failed
2026-10-08 11:53:42 [WARNING] Skipping delhi/Cyber City Gurgaon — no TomTom data
2026-10-08 11:53:42 [WARNING] TomTom network error for (28.6294, 77.2410): [Errno 11001] getaddrinfo failed
2026-10-08 11:53:42 [WARNING] Skipping delhi/ITO Junction — no TomTom data
2026-10-08 11:53:42 [WARNING] TomTom network error for (18.5912, 73.7389): [Errno 11001] getaddrinfo failed
2026-10-08 11:53:42 [WARNING] Skipping pune/Hinjawadi Phase 1 — no TomTom data
2026-10-08 11:53:42 [WARNING] TomTom network error for (18.5269, 73.8427): [Errno 11001] getaddrinfo failed
2026-10-08 11:53:42 [WARNING] Skipping pune/FC Road Shivajinagar — no TomTom data
2026-10-08 11:53:42 [WARNING] TomTom network error for (18.5146, 73.9312): [Errno 11001] getaddrinfo failed
2026-10-08 11:53:42 [WARNING] Skipping pune/Magarpatta City Hadapsar — no TomTom data
2026-10-08 11:53:42 [WARNING] TomTom network error for (17.4504, 78.3808): [Errno 11001] getaddrinfo failed
2026-10-08 11:53:42 [WARNING] Skipping hyderabad/Hitec City Cyber Towers — no TomTom data
2026-10-08 11:53:42 [WARNING] TomTom network error for (17.4401, 78.3489): [Errno 11001] getaddrinfo failed
2026-10-08 11:53:42 [WARNING] Skipping hyderabad/Gachibowli Junction — no TomTom data
2026-10-08 11:53:42 [WARNING] TomTom network error for (17.4265, 78.4526): [Errno 11001] getaddrinfo failed
2026-10-08 11:53:42 [WARNING] Skipping hyderabad/Punjagutta Crossing — no TomTom data
2026-10-08 11:53:42 [WARNING] TomTom network error for (12.9877, 80.2520): [Errno 11001] getaddrinfo failed
2026-10-08 11:53:42 [WARNING] Skipping chennai/OMR Tidel Park — no TomTom data
2026-10-08 11:53:42 [WARNING] TomTom network error for (13.0067, 80.2038): [Errno 11001] getaddrinfo failed
2026-10-08 11:53:42 [WARNING] Skipping chennai/Kathipara Junction Guindy — no TomTom data
2026-10-08 11:53:42 [WARNING] TomTom network error for (13.0850, 80.2100): [Errno 11001] getaddrinfo failed
2026-10-08 11:53:42 [WARNING] Skipping chennai/Anna Nagar Roundtana — no TomTom data
2026-10-08 11:53:42 [WARNING] TomTom network error for (22.5408, 88.3965): [Errno 11001] getaddrinfo failed
2026-10-08 11:53:42 [WARNING] Skipping kolkata/EM Bypass Science City — no TomTom data
2026-10-08 11:53:42 [WARNING] TomTom network error for (22.5413, 88.3687): [Errno 11001] getaddrinfo failed
2026-10-08 11:53:42 [WARNING] Skipping kolkata/Park Circus 7-Point Crossing — no TomTom data
2026-10-08 11:53:42 [WARNING] TomTom network error for (22.5744, 88.4338): [Errno 11001] getaddrinfo failed
2026-10-08 11:53:42 [WARNING] Skipping kolkata/Sector V Salt Lake — no TomTom data
2026-10-08 11:53:42 [WARNING] TomTom network error for (23.0284, 72.5068): [Errno 11001] getaddrinfo failed
2026-10-08 11:53:42 [WARNING] Skipping ahmedabad/SG Highway ISKCON Cross Road — no TomTom data
2026-10-08 11:53:42 [WARNING] TomTom network error for (23.0396, 72.5714): [Errno 11001] getaddrinfo failed
2026-10-08 11:53:42 [WARNING] Skipping ahmedabad/Ashram Road Income Tax Circle — no TomTom data
2026-10-08 11:53:42 [WARNING] TomTom network error for (26.8524, 75.8054): [Errno 11001] getaddrinfo failed
2026-10-08 11:53:42 [WARNING] Skipping jaipur/JLN Marg Jawahar Circle — no TomTom data
2026-10-08 11:53:42 [WARNING] TomTom network error for (26.8920, 75.7360): [Errno 11001] getaddrinfo failed
2026-10-08 11:53:42 [WARNING] Skipping jaipur/Ajmer Road 200 Feet Bypass — no TomTom data
2026-10-08 11:53:42 [WARNING] TomTom network error for (10.0261, 76.3125): [Errno 11001] getaddrinfo failed
2026-10-08 11:53:42 [WARNING] Skipping kochi/Edappally Toll Junction — no TomTom data
2026-10-08 11:53:42 [WARNING] TomTom network error for (26.8500, 80.9490): [Errno 11001] getaddrinfo failed
2026-10-08 11:53:42 [WARNING] Skipping lucknow/Hazratganj Crossing — no TomTom data
2026-10-08 11:53:42 [WARNING] No records collected in this batch.
2026-10-08 11:53:42 [INFO] Next batch in 5 minutes. Sleeping...
2026-10-08 11:58:42 [INFO] --- Batch start at 11:58:42 ---
2026-10-08 11:58:42 [WARNING] TomTom network error for (12.9177, 77.6232): [Errno 11001] getaddrinfo failed
2026-10-08 11:58:42 [WARNING] Skipping bengaluru/Silk Board Junction — no TomTom data
2026-10-08 11:58:42 [WARNING] TomTom network error for (12.9592, 77.6974): [Errno 11001] getaddrinfo failed
2026-10-08 11:58:42 [WARNING] Skipping bengaluru/Marathahalli Bridge — no TomTom data
2026-10-08 11:58:42 [WARNING] TomTom network error for (12.9698, 77.7499): [Errno 11001] getaddrinfo failed
2026-10-08 11:58:42 [WARNING] Skipping bengaluru/Whitefield Road — no TomTom data
2026-10-08 11:58:42 [WARNING] TomTom network error for (13.0358, 77.5970): [Errno 11001] getaddrinfo failed
2026-10-08 11:58:42 [WARNING] Skipping bengaluru/Hebbal Flyover — no TomTom data
2026-10-08 11:58:42 [WARNING] TomTom network error for (19.1136, 72.8697): [Errno 11001] getaddrinfo failed
2026-10-08 11:58:42 [WARNING] Skipping mumbai/Western Express Highway Andheri — no TomTom data
2026-10-08 11:58:42 [WARNING] TomTom network error for (18.9922, 72.8547): [Errno 11001] getaddrinfo failed
2026-10-08 11:58:42 [WARNING] Skipping mumbai/Eastern Freeway Sewri — no TomTom data
2026-10-08 11:58:42 [WARNING] TomTom network error for (19.0596, 72.8656): [Errno 11001] getaddrinfo failed
2026-10-08 11:58:42 [WARNING] Skipping mumbai/BKC Bandra Kurla Complex — no TomTom data
2026-10-08 11:58:42 [WARNING] TomTom network error for (19.0378, 72.8624): [Errno 11001] getaddrinfo failed
2026-10-08 11:58:42 [WARNING] Skipping mumbai/Sion Circle — no TomTom data
2026-10-08 11:58:42 [WARNING] TomTom network error for (28.5665, 77.2100): [Errno 11001] getaddrinfo failed
2026-10-08 11:58:42 [WARNING] Skipping delhi/Ring Road AIIMS — no TomTom data
2026-10-08 11:58:42 [WARNING] TomTom network error for (28.5491, 77.3133): [Errno 11001] getaddrinfo failed
2026-10-08 11:58:42 [WARNING] Skipping delhi/DND Flyway Noida Entry — no TomTom data
2026-10-08 11:58:42 [WARNING] TomTom network error for (28.4950, 77.0890): [Errno 11001] getaddrinfo failed
2026-10-08 11:58:42 [WARNING] Skipping delhi/Cyber City Gurgaon — no TomTom data
2026-10-08 11:58:42 [WARNING] TomTom network error for (28.6294, 77.2410): [Errno 11001] getaddrinfo failed
2026-10-08 11:58:42 [WARNING] Skipping delhi/ITO Junction — no TomTom data
2026-10-08 11:58:42 [WARNING] TomTom network error for (18.5912, 73.7389): [Errno 11001] getaddrinfo failed
2026-10-08 11:58:42 [WARNING] Skipping pune/Hinjawadi Phase 1 — no TomTom data
2026-10-08 11:58:42 [WARNING] TomTom network error for (18.5269, 73.8427): [Errno 11001] getaddrinfo failed
2026-10-08 11:58:42 [WARNING] Skipping pune/FC Road Shivajinagar — no TomTom data
2026-10-08 11:58:42 [WARNING] TomTom network error for (18.5146, 73.9312): [Errno 11001] getaddrinfo failed
2026-10-08 11:58:42 [WARNING] Skipping pune/Magarpatta City Hadapsar — no TomTom data
2026-10-08 11:58:42 [WARNING] TomTom network error for (17.4504, 78.3808): [Errno 11001] getaddrinfo failed
2026-10-08 11:58:42 [WARNING] Skipping hyderabad/Hitec City Cyber Towers — no TomTom data
2026-10-08 11:58:42 [WARNING] TomTom network error for (17.4401, 78.3489): [Errno 11001] getaddrinfo failed
2026-10-08 11:58:42 [WARNING] Skipping hyderabad/Gachibowli Junction — no TomTom data
2026-10-08 11:58:42 [WARNING] TomTom network error for (17.4265, 78.4526): [Errno 11001] getaddrinfo failed
2026-10-08 11:58:42 [WARNING] Skipping hyderabad/Punjagutta Crossing — no TomTom data
2026-10-08 11:58:42 [WARNING] TomTom network error for (12.9877, 80.2520): [Errno 11001] getaddrinfo failed
2026-10-08 11:58:42 [WARNING] Skipping chennai/OMR Tidel Park — no TomTom data
2026-10-08 11:58:42 [WARNING] TomTom network error for (13.0067, 80.2038): [Errno 11001] getaddrinfo failed
2026-10-08 11:58:42 [WARNING] Skipping chennai/Kathipara Junction Guindy — no TomTom data
2026-10-08 11:58:42 [WARNING] TomTom network error for (13.0850, 80.2100): [Errno 11001] getaddrinfo failed
2026-10-08 11:58:42 [WARNING] Skipping chennai/Anna Nagar Roundtana — no TomTom data
2026-10-08 11:58:42 [WARNING] TomTom network error for (22.5408, 88.3965): [Errno 11001] getaddrinfo failed
2026-10-08 11:58:42 [WARNING] Skipping kolkata/EM Bypass Science City — no TomTom data
2026-10-08 11:58:42 [WARNING] TomTom network error for (22.5413, 88.3687): [Errno 11001] getaddrinfo failed
2026-10-08 11:58:42 [WARNING] Skipping kolkata/Park Circus 7-Point Crossing — no TomTom data
2026-10-08 11:58:42 [WARNING] TomTom network error for (22.5744, 88.4338): [Errno 11001] getaddrinfo failed
2026-10-08 11:58:42 [WARNING] Skipping kolkata/Sector V Salt Lake — no TomTom data
2026-10-08 11:58:42 [WARNING] TomTom network error for (23.0284, 72.5068): [Errno 11001] getaddrinfo failed
2026-10-08 11:58:42 [WARNING] Skipping ahmedabad/SG Highway ISKCON Cross Road — no TomTom data
2026-10-08 11:58:42 [WARNING] TomTom network error for (23.0396, 72.5714): [Errno 11001] getaddrinfo failed
2026-10-08 11:58:42 [WARNING] Skipping ahmedabad/Ashram Road Income Tax Circle — no TomTom data
2026-10-08 11:58:42 [WARNING] TomTom network error for (26.8524, 75.8054): [Errno 11001] getaddrinfo failed
2026-10-08 11:58:42 [WARNING] Skipping jaipur/JLN Marg Jawahar Circle — no TomTom data
2026-10-08 11:58:42 [WARNING] TomTom network error for (26.8920, 75.7360): [Errno 11001] getaddrinfo failed
2026-10-08 11:58:42 [WARNING] Skipping jaipur/Ajmer Road 200 Feet Bypass — no TomTom data
2026-10-08 11:58:42 [WARNING] TomTom network error for (10.0261, 76.3125): [Errno 11001] getaddrinfo failed
2026-10-08 11:58:42 [WARNING] Skipping kochi/Edappally Toll Junction — no TomTom data
2026-10-08 11:58:42 [WARNING] TomTom network error for (26.8500, 80.9490): [Errno 11001] getaddrinfo failed
2026-10-08 11:58:42 [WARNING] Skipping lucknow/Hazratganj Crossing — no TomTom data
2026-10-08 11:58:42 [WARNING] No records collected in this batch.
2026-10-08 11:58:42 [INFO] Next batch in 5 minutes. Sleeping...
2026-10-08 12:03:42 [INFO] --- Batch start at 12:03:42 ---
2026-10-08 12:03:42 [WARNING] TomTom network error for (12.9177, 77.6232): [Errno 11001] getaddrinfo failed
2026-10-08 12:03:42 [WARNING] Skipping bengaluru/Silk Board Junction — no TomTom data
2026-10-08 12:03:42 [WARNING] TomTom network error for (12.9592, 77.6974): [Errno 11001] getaddrinfo failed
2026-10-08 12:03:42 [WARNING] Skipping bengaluru/Marathahalli Bridge — no TomTom data
2026-10-08 12:03:42 [WARNING] TomTom network error for (12.9698, 77.7499): [Errno 11001] getaddrinfo failed
2026-10-08 12:03:42 [WARNING] Skipping bengaluru/Whitefield Road — no TomTom data
2026-10-08 12:03:42 [WARNING] TomTom network error for (13.0358, 77.5970): [Errno 11001] getaddrinfo failed
2026-10-08 12:03:42 [WARNING] Skipping bengaluru/Hebbal Flyover — no TomTom data
2026-10-08 12:03:42 [WARNING] TomTom network error for (19.1136, 72.8697): [Errno 11001] getaddrinfo failed
2026-10-08 12:03:42 [WARNING] Skipping mumbai/Western Express Highway Andheri — no TomTom data
2026-10-08 12:03:42 [WARNING] TomTom network error for (18.9922, 72.8547): [Errno 11001] getaddrinfo failed
2026-10-08 12:03:42 [WARNING] Skipping mumbai/Eastern Freeway Sewri — no TomTom data
2026-10-08 12:03:42 [WARNING] TomTom network error for (19.0596, 72.8656): [Errno 11001] getaddrinfo failed
2026-10-08 12:03:42 [WARNING] Skipping mumbai/BKC Bandra Kurla Complex — no TomTom data
2026-10-08 12:03:42 [WARNING] TomTom network error for (19.0378, 72.8624): [Errno 11001] getaddrinfo failed
2026-10-08 12:03:42 [WARNING] Skipping mumbai/Sion Circle — no TomTom data
2026-10-08 12:03:42 [WARNING] TomTom network error for (28.5665, 77.2100): [Errno 11001] getaddrinfo failed
2026-10-08 12:03:42 [WARNING] Skipping delhi/Ring Road AIIMS — no TomTom data
2026-10-08 12:03:42 [WARNING] TomTom network error for (28.5491, 77.3133): [Errno 11001] getaddrinfo failed
2026-10-08 12:03:42 [WARNING] Skipping delhi/DND Flyway Noida Entry — no TomTom data
2026-10-08 12:03:42 [WARNING] TomTom network error for (28.4950, 77.0890): [Errno 11001] getaddrinfo failed
2026-10-08 12:03:42 [WARNING] Skipping delhi/Cyber City Gurgaon — no TomTom data
2026-10-08 12:03:42 [WARNING] TomTom network error for (28.6294, 77.2410): [Errno 11001] getaddrinfo failed
2026-10-08 12:03:42 [WARNING] Skipping delhi/ITO Junction — no TomTom data
2026-10-08 12:03:42 [WARNING] TomTom network error for (18.5912, 73.7389): [Errno 11001] getaddrinfo failed
2026-10-08 12:03:42 [WARNING] Skipping pune/Hinjawadi Phase 1 — no TomTom data
2026-10-08 12:03:42 [WARNING] TomTom network error for (18.5269, 73.8427): [Errno 11001] getaddrinfo failed
2026-10-08 12:03:42 [WARNING] Skipping pune/FC Road Shivajinagar — no TomTom data
2026-10-08 12:03:42 [WARNING] TomTom network error for (18.5146, 73.9312): [Errno 11001] getaddrinfo failed
2026-10-08 12:03:42 [WARNING] Skipping pune/Magarpatta City Hadapsar — no TomTom data
2026-10-08 12:03:42 [WARNING] TomTom network error for (17.4504, 78.3808): [Errno 11001] getaddrinfo failed
2026-10-08 12:03:42 [WARNING] Skipping hyderabad/Hitec City Cyber Towers — no TomTom data
2026-10-08 12:03:42 [WARNING] TomTom network error for (17.4401, 78.3489): [Errno 11001] getaddrinfo failed
2026-10-08 12:03:42 [WARNING] Skipping hyderabad/Gachibowli Junction — no TomTom data
2026-10-08 12:03:42 [WARNING] TomTom network error for (17.4265, 78.4526): [Errno 11001] getaddrinfo failed
2026-10-08 12:03:42 [WARNING] Skipping hyderabad/Punjagutta Crossing — no TomTom data
2026-10-08 12:03:42 [WARNING] TomTom network error for (12.9877, 80.2520): [Errno 11001] getaddrinfo failed
2026-10-08 12:03:42 [WARNING] Skipping chennai/OMR Tidel Park — no TomTom data
2026-10-08 12:03:42 [WARNING] TomTom network error for (13.0067, 80.2038): [Errno 11001] getaddrinfo failed
2026-10-08 12:03:42 [WARNING] Skipping chennai/Kathipara Junction Guindy — no TomTom data
2026-10-08 12:03:42 [WARNING] TomTom network error for (13.0850, 80.2100): [Errno 11001] getaddrinfo failed
2026-10-08 12:03:42 [WARNING] Skipping chennai/Anna Nagar Roundtana — no TomTom data
2026-10-08 12:03:42 [WARNING] TomTom network error for (22.5408, 88.3965): [Errno 11001] getaddrinfo failed
2026-10-08 12:03:42 [WARNING] Skipping kolkata/EM Bypass Science City — no TomTom data
2026-10-08 12:03:42 [WARNING] TomTom network error for (22.5413, 88.3687): [Errno 11001] getaddrinfo failed
2026-10-08 12:03:42 [WARNING] Skipping kolkata/Park Circus 7-Point Crossing — no TomTom data
2026-10-08 12:03:42 [WARNING] TomTom network error for (22.5744, 88.4338): [Errno 11001] getaddrinfo failed
2026-10-08 12:03:42 [WARNING] Skipping kolkata/Sector V Salt Lake — no TomTom data
2026-10-08 12:03:42 [WARNING] TomTom network error for (23.0284, 72.5068): [Errno 11001] getaddrinfo failed
2026-10-08 12:03:42 [WARNING] Skipping ahmedabad/SG Highway ISKCON Cross Road — no TomTom data
2026-10-08 12:03:42 [WARNING] TomTom network error for (23.0396, 72.5714): [Errno 11001] getaddrinfo failed
2026-10-08 12:03:42 [WARNING] Skipping ahmedabad/Ashram Road Income Tax Circle — no TomTom data
2026-10-08 12:03:42 [WARNING] TomTom network error for (26.8524, 75.8054): [Errno 11001] getaddrinfo failed
2026-10-08 12:03:42 [WARNING] Skipping jaipur/JLN Marg Jawahar Circle — no TomTom data
2026-10-08 12:03:42 [WARNING] TomTom network error for (26.8920, 75.7360): [Errno 11001] getaddrinfo failed
2026-10-08 12:03:42 [WARNING] Skipping jaipur/Ajmer Road 200 Feet Bypass — no TomTom data
2026-10-08 12:03:42 [WARNING] TomTom network error for (10.0261, 76.3125): [Errno 11001] getaddrinfo failed
2026-10-08 12:03:42 [WARNING] Skipping kochi/Edappally Toll Junction — no TomTom data
2026-10-08 12:03:42 [WARNING] TomTom network error for (26.8500, 80.9490): [Errno 11001] getaddrinfo failed
2026-10-08 12:03:42 [WARNING] Skipping lucknow/Hazratganj Crossing — no TomTom data
2026-10-08 12:03:42 [WARNING] No records collected in this batch.
2026-10-08 12:03:42 [INFO] Next batch in 5 minutes. Sleeping...
2026-10-08 12:08:42 [INFO] --- Batch start at 12:08:42 ---
2026-10-08 12:08:42 [WARNING] TomTom network error for (12.9177, 77.6232): [Errno 11001] getaddrinfo failed
2026-10-08 12:08:42 [WARNING] Skipping bengaluru/Silk Board Junction — no TomTom data
2026-10-08 12:08:42 [WARNING] TomTom network error for (12.9592, 77.6974): [Errno 11001] getaddrinfo failed
2026-10-08 12:08:42 [WARNING] Skipping bengaluru/Marathahalli Bridge — no TomTom data
2026-10-08 12:08:42 [WARNING] TomTom network error for (12.9698, 77.7499): [Errno 11001] getaddrinfo failed
2026-10-08 12:08:42 [WARNING] Skipping bengaluru/Whitefield Road — no TomTom data
2026-10-08 12:08:42 [WARNING] TomTom network error for (13.0358, 77.5970): [Errno 11001] getaddrinfo failed
2026-10-08 12:08:42 [WARNING] Skipping bengaluru/Hebbal Flyover — no TomTom data
2026-10-08 12:08:42 [WARNING] TomTom network error for (19.1136, 72.8697): [Errno 11001] getaddrinfo failed
2026-10-08 12:08:42 [WARNING] Skipping mumbai/Western Express Highway Andheri — no TomTom data
2026-10-08 12:08:42 [WARNING] TomTom network error for (18.9922, 72.8547): [Errno 11001] getaddrinfo failed
2026-10-08 12:08:42 [WARNING] Skipping mumbai/Eastern Freeway Sewri — no TomTom data
2026-10-08 12:08:42 [WARNING] TomTom network error for (19.0596, 72.8656): [Errno 11001] getaddrinfo failed
2026-10-08 12:08:42 [WARNING] Skipping mumbai/BKC Bandra Kurla Complex — no TomTom data
2026-10-08 12:08:42 [WARNING] TomTom network error for (19.0378, 72.8624): [Errno 11001] getaddrinfo failed
2026-10-08 12:08:42 [WARNING] Skipping mumbai/Sion Circle — no TomTom data
2026-10-08 12:08:42 [WARNING] TomTom network error for (28.5665, 77.2100): [Errno 11001] getaddrinfo failed
2026-10-08 12:08:42 [WARNING] Skipping delhi/Ring Road AIIMS — no TomTom data
2026-10-08 12:08:42 [WARNING] TomTom network error for (28.5491, 77.3133): [Errno 11001] getaddrinfo failed
2026-10-08 12:08:42 [WARNING] Skipping delhi/DND Flyway Noida Entry — no TomTom data
2026-10-08 12:08:42 [WARNING] TomTom network error for (28.4950, 77.0890): [Errno 11001] getaddrinfo failed
2026-10-08 12:08:42 [WARNING] Skipping delhi/Cyber City Gurgaon — no TomTom data
2026-10-08 12:08:42 [WARNING] TomTom network error for (28.6294, 77.2410): [Errno 11001] getaddrinfo failed
2026-10-08 12:08:42 [WARNING] Skipping delhi/ITO Junction — no TomTom data
2026-10-08 12:08:42 [WARNING] TomTom network error for (18.5912, 73.7389): [Errno 11001] getaddrinfo failed
2026-10-08 12:08:42 [WARNING] Skipping pune/Hinjawadi Phase 1 — no TomTom data
2026-10-08 12:08:42 [WARNING] TomTom network error for (18.5269, 73.8427): [Errno 11001] getaddrinfo failed
2026-10-08 12:08:42 [WARNING] Skipping pune/FC Road Shivajinagar — no TomTom data
2026-10-08 12:08:42 [WARNING] TomTom network error for (18.5146, 73.9312): [Errno 11001] getaddrinfo failed
2026-10-08 12:08:42 [WARNING] Skipping pune/Magarpatta City Hadapsar — no TomTom data
2026-10-08 12:08:42 [WARNING] TomTom network error for (17.4504, 78.3808): [Errno 11001] getaddrinfo failed
2026-10-08 12:08:42 [WARNING] Skipping hyderabad/Hitec City Cyber Towers — no TomTom data
2026-10-08 12:08:42 [WARNING] TomTom network error for (17.4401, 78.3489): [Errno 11001] getaddrinfo failed
2026-10-08 12:08:42 [WARNING] Skipping hyderabad/Gachibowli Junction — no TomTom data
2026-10-08 12:08:42 [WARNING] TomTom network error for (17.4265, 78.4526): [Errno 11001] getaddrinfo failed
2026-10-08 12:08:42 [WARNING] Skipping hyderabad/Punjagutta Crossing — no TomTom data
2026-10-08 12:08:42 [WARNING] TomTom network error for (12.9877, 80.2520): [Errno 11001] getaddrinfo failed
2026-10-08 12:08:42 [WARNING] Skipping chennai/OMR Tidel Park — no TomTom data
2026-10-08 12:08:42 [WARNING] TomTom network error for (13.0067, 80.2038): [Errno 11001] getaddrinfo failed
2026-10-08 12:08:42 [WARNING] Skipping chennai/Kathipara Junction Guindy — no TomTom data
2026-10-08 12:08:42 [WARNING] TomTom network error for (13.0850, 80.2100): [Errno 11001] getaddrinfo failed
2026-10-08 12:08:42 [WARNING] Skipping chennai/Anna Nagar Roundtana — no TomTom data
2026-10-08 12:08:42 [WARNING] TomTom network error for (22.5408, 88.3965): [Errno 11001] getaddrinfo failed
2026-10-08 12:08:42 [WARNING] Skipping kolkata/EM Bypass Science City — no TomTom data
2026-10-08 12:08:42 [WARNING] TomTom network error for (22.5413, 88.3687): [Errno 11001] getaddrinfo failed
2026-10-08 12:08:42 [WARNING] Skipping kolkata/Park Circus 7-Point Crossing — no TomTom data
2026-10-08 12:08:42 [WARNING] TomTom network error for (22.5744, 88.4338): [Errno 11001] getaddrinfo failed
2026-10-08 12:08:42 [WARNING] Skipping kolkata/Sector V Salt Lake — no TomTom data
2026-10-08 12:08:42 [WARNING] TomTom network error for (23.0284, 72.5068): [Errno 11001] getaddrinfo failed
2026-10-08 12:08:42 [WARNING] Skipping ahmedabad/SG Highway ISKCON Cross Road — no TomTom data
2026-10-08 12:08:42 [WARNING] TomTom network error for (23.0396, 72.5714): [Errno 11001] getaddrinfo failed
2026-10-08 12:08:42 [WARNING] Skipping ahmedabad/Ashram Road Income Tax Circle — no TomTom data
2026-10-08 12:08:42 [WARNING] TomTom network error for (26.8524, 75.8054): [Errno 11001] getaddrinfo failed
2026-10-08 12:08:42 [WARNING] Skipping jaipur/JLN Marg Jawahar Circle — no TomTom data
2026-10-08 12:08:42 [WARNING] TomTom network error for (26.8920, 75.7360): [Errno 11001] getaddrinfo failed
2026-10-08 12:08:42 [WARNING] Skipping jaipur/Ajmer Road 200 Feet Bypass — no TomTom data
2026-10-08 12:08:42 [WARNING] TomTom network error for (10.0261, 76.3125): [Errno 11001] getaddrinfo failed
2026-10-08 12:08:42 [WARNING] Skipping kochi/Edappally Toll Junction — no TomTom data
2026-10-08 12:08:42 [WARNING] TomTom network error for (26.8500, 80.9490): [Errno 11001] getaddrinfo failed
2026-10-08 12:08:42 [WARNING] Skipping lucknow/Hazratganj Crossing — no TomTom data
2026-10-08 12:08:42 [WARNING] No records collected in this batch.
2026-10-08 12:08:42 [INFO] Next batch in 5 minutes. Sleeping...
2026-10-08 12:13:42 [INFO] --- Batch start at 12:13:42 ---
2026-10-08 12:13:42 [WARNING] TomTom network error for (12.9177, 77.6232): [Errno 11001] getaddrinfo failed
2026-10-08 12:13:42 [WARNING] Skipping bengaluru/Silk Board Junction — no TomTom data
2026-10-08 12:13:42 [WARNING] TomTom network error for (12.9592, 77.6974): [Errno 11001] getaddrinfo failed
2026-10-08 12:13:42 [WARNING] Skipping bengaluru/Marathahalli Bridge — no TomTom data
2026-10-08 12:13:42 [WARNING] TomTom network error for (12.9698, 77.7499): [Errno 11001] getaddrinfo failed
2026-10-08 12:13:42 [WARNING] Skipping bengaluru/Whitefield Road — no TomTom data
2026-10-08 12:13:42 [WARNING] TomTom network error for (13.0358, 77.5970): [Errno 11001] getaddrinfo failed
2026-10-08 12:13:42 [WARNING] Skipping bengaluru/Hebbal Flyover — no TomTom data
2026-10-08 12:13:42 [WARNING] TomTom network error for (19.1136, 72.8697): [Errno 11001] getaddrinfo failed
2026-10-08 12:13:42 [WARNING] Skipping mumbai/Western Express Highway Andheri — no TomTom data
2026-10-08 12:13:42 [WARNING] TomTom network error for (18.9922, 72.8547): [Errno 11001] getaddrinfo failed
2026-10-08 12:13:42 [WARNING] Skipping mumbai/Eastern Freeway Sewri — no TomTom data
2026-10-08 12:13:42 [WARNING] TomTom network error for (19.0596, 72.8656): [Errno 11001] getaddrinfo failed
2026-10-08 12:13:42 [WARNING] Skipping mumbai/BKC Bandra Kurla Complex — no TomTom data
2026-10-08 12:13:42 [WARNING] TomTom network error for (19.0378, 72.8624): [Errno 11001] getaddrinfo failed
2026-10-08 12:13:42 [WARNING] Skipping mumbai/Sion Circle — no TomTom data
2026-10-08 12:13:42 [WARNING] TomTom network error for (28.5665, 77.2100): [Errno 11001] getaddrinfo failed
2026-10-08 12:13:42 [WARNING] Skipping delhi/Ring Road AIIMS — no TomTom data
2026-10-08 12:13:42 [WARNING] TomTom network error for (28.5491, 77.3133): [Errno 11001] getaddrinfo failed
2026-10-08 12:13:42 [WARNING] Skipping delhi/DND Flyway Noida Entry — no TomTom data
2026-10-08 12:13:42 [WARNING] TomTom network error for (28.4950, 77.0890): [Errno 11001] getaddrinfo failed
2026-10-08 12:13:42 [WARNING] Skipping delhi/Cyber City Gurgaon — no TomTom data
2026-10-08 12:13:42 [WARNING] TomTom network error for (28.6294, 77.2410): [Errno 11001] getaddrinfo failed
2026-10-08 12:13:42 [WARNING] Skipping delhi/ITO Junction — no TomTom data
2026-10-08 12:13:42 [WARNING] TomTom network error for (18.5912, 73.7389): [Errno 11001] getaddrinfo failed
2026-10-08 12:13:42 [WARNING] Skipping pune/Hinjawadi Phase 1 — no TomTom data
2026-10-08 12:13:42 [WARNING] TomTom network error for (18.5269, 73.8427): [Errno 11001] getaddrinfo failed
2026-10-08 12:13:42 [WARNING] Skipping pune/FC Road Shivajinagar — no TomTom data
2026-10-08 12:13:42 [WARNING] TomTom network error for (18.5146, 73.9312): [Errno 11001] getaddrinfo failed
2026-10-08 12:13:42 [WARNING] Skipping pune/Magarpatta City Hadapsar — no TomTom data
2026-10-08 12:13:42 [WARNING] TomTom network error for (17.4504, 78.3808): [Errno 11001] getaddrinfo failed
2026-10-08 12:13:42 [WARNING] Skipping hyderabad/Hitec City Cyber Towers — no TomTom data
2026-10-08 12:13:42 [WARNING] TomTom network error for (17.4401, 78.3489): [Errno 11001] getaddrinfo failed
2026-10-08 12:13:42 [WARNING] Skipping hyderabad/Gachibowli Junction — no TomTom data
2026-10-08 12:13:42 [WARNING] TomTom network error for (17.4265, 78.4526): [Errno 11001] getaddrinfo failed
2026-10-08 12:13:42 [WARNING] Skipping hyderabad/Punjagutta Crossing — no TomTom data
2026-10-08 12:13:42 [WARNING] TomTom network error for (12.9877, 80.2520): [Errno 11001] getaddrinfo failed
2026-10-08 12:13:42 [WARNING] Skipping chennai/OMR Tidel Park — no TomTom data
2026-10-08 12:13:42 [WARNING] TomTom network error for (13.0067, 80.2038): [Errno 11001] getaddrinfo failed
2026-10-08 12:13:42 [WARNING] Skipping chennai/Kathipara Junction Guindy — no TomTom data
2026-10-08 12:13:42 [WARNING] TomTom network error for (13.0850, 80.2100): [Errno 11001] getaddrinfo failed
2026-10-08 12:13:42 [WARNING] Skipping chennai/Anna Nagar Roundtana — no TomTom data
2026-10-08 12:13:42 [WARNING] TomTom network error for (22.5408, 88.3965): [Errno 11001] getaddrinfo failed
2026-10-08 12:13:42 [WARNING] Skipping kolkata/EM Bypass Science City — no TomTom data
2026-10-08 12:13:42 [WARNING] TomTom network error for (22.5413, 88.3687): [Errno 11001] getaddrinfo failed
2026-10-08 12:13:42 [WARNING] Skipping kolkata/Park Circus 7-Point Crossing — no TomTom data
2026-10-08 12:13:42 [WARNING] TomTom network error for (22.5744, 88.4338): [Errno 11001] getaddrinfo failed
2026-10-08 12:13:42 [WARNING] Skipping kolkata/Sector V Salt Lake — no TomTom data
2026-10-08 12:13:42 [WARNING] TomTom network error for (23.0284, 72.5068): [Errno 11001] getaddrinfo failed
2026-10-08 12:13:42 [WARNING] Skipping ahmedabad/SG Highway ISKCON Cross Road — no TomTom data
2026-10-08 12:13:42 [WARNING] TomTom network error for (23.0396, 72.5714): [Errno 11001] getaddrinfo failed
2026-10-08 12:13:42 [WARNING] Skipping ahmedabad/Ashram Road Income Tax Circle — no TomTom data
2026-10-08 12:13:42 [WARNING] TomTom network error for (26.8524, 75.8054): [Errno 11001] getaddrinfo failed
2026-10-08 12:13:42 [WARNING] Skipping jaipur/JLN Marg Jawahar Circle — no TomTom data
2026-10-08 12:13:42 [WARNING] TomTom network error for (26.8920, 75.7360): [Errno 11001] getaddrinfo failed
2026-10-08 12:13:42 [WARNING] Skipping jaipur/Ajmer Road 200 Feet Bypass — no TomTom data
2026-10-08 12:13:42 [WARNING] TomTom network error for (10.0261, 76.3125): [Errno 11001] getaddrinfo failed
2026-10-08 12:13:42 [WARNING] Skipping kochi/Edappally Toll Junction — no TomTom data
2026-10-08 12:13:42 [WARNING] TomTom network error for (26.8500, 80.9490): [Errno 11001] getaddrinfo failed
2026-10-08 12:13:42 [WARNING] Skipping lucknow/Hazratganj Crossing — no TomTom data
2026-10-08 12:13:42 [WARNING] No records collected in this batch.
2026-10-08 12:13:42 [INFO] Next batch in 5 minutes. Sleeping...
2026-10-08 12:18:42 [INFO] --- Batch start at 12:18:42 ---
2026-10-08 12:18:42 [WARNING] TomTom network error for (12.9177, 77.6232): [Errno 11001] getaddrinfo failed
2026-10-08 12:18:42 [WARNING] Skipping bengaluru/Silk Board Junction — no TomTom data
2026-10-08 12:18:42 [WARNING] TomTom network error for (12.9592, 77.6974): [Errno 11001] getaddrinfo failed
2026-10-08 12:18:42 [WARNING] Skipping bengaluru/Marathahalli Bridge — no TomTom data
2026-10-08 12:18:42 [WARNING] TomTom network error for (12.9698, 77.7499): [Errno 11001] getaddrinfo failed
2026-10-08 12:18:42 [WARNING] Skipping bengaluru/Whitefield Road — no TomTom data
2026-10-08 12:18:42 [WARNING] TomTom network error for (13.0358, 77.5970): [Errno 11001] getaddrinfo failed
2026-10-08 12:18:42 [WARNING] Skipping bengaluru/Hebbal Flyover — no TomTom data
2026-10-08 12:18:42 [WARNING] TomTom network error for (19.1136, 72.8697): [Errno 11001] getaddrinfo failed
2026-10-08 12:18:42 [WARNING] Skipping mumbai/Western Express Highway Andheri — no TomTom data
2026-10-08 12:18:42 [WARNING] TomTom network error for (18.9922, 72.8547): [Errno 11001] getaddrinfo failed
2026-10-08 12:18:42 [WARNING] Skipping mumbai/Eastern Freeway Sewri — no TomTom data
2026-10-08 12:18:42 [WARNING] TomTom network error for (19.0596, 72.8656): [Errno 11001] getaddrinfo failed
2026-10-08 12:18:42 [WARNING] Skipping mumbai/BKC Bandra Kurla Complex — no TomTom data
2026-10-08 12:18:42 [WARNING] TomTom network error for (19.0378, 72.8624): [Errno 11001] getaddrinfo failed
2026-10-08 12:18:42 [WARNING] Skipping mumbai/Sion Circle — no TomTom data
2026-10-08 12:18:42 [WARNING] TomTom network error for (28.5665, 77.2100): [Errno 11001] getaddrinfo failed
2026-10-08 12:18:42 [WARNING] Skipping delhi/Ring Road AIIMS — no TomTom data
2026-10-08 12:18:42 [WARNING] TomTom network error for (28.5491, 77.3133): [Errno 11001] getaddrinfo failed
2026-10-08 12:18:42 [WARNING] Skipping delhi/DND Flyway Noida Entry — no TomTom data
2026-10-08 12:18:42 [WARNING] TomTom network error for (28.4950, 77.0890): [Errno 11001] getaddrinfo failed
2026-10-08 12:18:42 [WARNING] Skipping delhi/Cyber City Gurgaon — no TomTom data
2026-10-08 12:18:42 [WARNING] TomTom network error for (28.6294, 77.2410): [Errno 11001] getaddrinfo failed
2026-10-08 12:18:42 [WARNING] Skipping delhi/ITO Junction — no TomTom data
2026-10-08 12:18:42 [WARNING] TomTom network error for (18.5912, 73.7389): [Errno 11001] getaddrinfo failed
2026-10-08 12:18:42 [WARNING] Skipping pune/Hinjawadi Phase 1 — no TomTom data
2026-10-08 12:18:42 [WARNING] TomTom network error for (18.5269, 73.8427): [Errno 11001] getaddrinfo failed
2026-10-08 12:18:42 [WARNING] Skipping pune/FC Road Shivajinagar — no TomTom data
2026-10-08 12:18:42 [WARNING] TomTom network error for (18.5146, 73.9312): [Errno 11001] getaddrinfo failed
2026-10-08 12:18:42 [WARNING] Skipping pune/Magarpatta City Hadapsar — no TomTom data
2026-10-08 12:18:42 [WARNING] TomTom network error for (17.4504, 78.3808): [Errno 11001] getaddrinfo failed
2026-10-08 12:18:42 [WARNING] Skipping hyderabad/Hitec City Cyber Towers — no TomTom data
2026-10-08 12:18:42 [WARNING] TomTom network error for (17.4401, 78.3489): [Errno 11001] getaddrinfo failed
2026-10-08 12:18:42 [WARNING] Skipping hyderabad/Gachibowli Junction — no TomTom data
2026-10-08 12:18:42 [WARNING] TomTom network error for (17.4265, 78.4526): [Errno 11001] getaddrinfo failed
2026-10-08 12:18:42 [WARNING] Skipping hyderabad/Punjagutta Crossing — no TomTom data
2026-10-08 12:18:42 [WARNING] TomTom network error for (12.9877, 80.2520): [Errno 11001] getaddrinfo failed
2026-10-08 12:18:42 [WARNING] Skipping chennai/OMR Tidel Park — no TomTom data
2026-10-08 12:18:42 [WARNING] TomTom network error for (13.0067, 80.2038): [Errno 11001] getaddrinfo failed
2026-10-08 12:18:42 [WARNING] Skipping chennai/Kathipara Junction Guindy — no TomTom data
2026-10-08 12:18:42 [WARNING] TomTom network error for (13.0850, 80.2100): [Errno 11001] getaddrinfo failed
2026-10-08 12:18:42 [WARNING] Skipping chennai/Anna Nagar Roundtana — no TomTom data
2026-10-08 12:18:42 [WARNING] TomTom network error for (22.5408, 88.3965): [Errno 11001] getaddrinfo failed
2026-10-08 12:18:42 [WARNING] Skipping kolkata/EM Bypass Science City — no TomTom data
2026-10-08 12:18:42 [WARNING] TomTom network error for (22.5413, 88.3687): [Errno 11001] getaddrinfo failed
2026-10-08 12:18:42 [WARNING] Skipping kolkata/Park Circus 7-Point Crossing — no TomTom data
2026-10-08 12:18:42 [WARNING] TomTom network error for (22.5744, 88.4338): [Errno 11001] getaddrinfo failed
2026-10-08 12:18:42 [WARNING] Skipping kolkata/Sector V Salt Lake — no TomTom data
2026-10-08 12:18:42 [WARNING] TomTom network error for (23.0284, 72.5068): [Errno 11001] getaddrinfo failed
2026-10-08 12:18:42 [WARNING] Skipping ahmedabad/SG Highway ISKCON Cross Road — no TomTom data
2026-10-08 12:18:42 [WARNING] TomTom network error for (23.0396, 72.5714): [Errno 11001] getaddrinfo failed
2026-10-08 12:18:42 [WARNING] Skipping ahmedabad/Ashram Road Income Tax Circle — no TomTom data
2026-10-08 12:18:42 [WARNING] TomTom network error for (26.8524, 75.8054): [Errno 11001] getaddrinfo failed
2026-10-08 12:18:42 [WARNING] Skipping jaipur/JLN Marg Jawahar Circle — no TomTom data
2026-10-08 12:18:42 [WARNING] TomTom network error for (26.8920, 75.7360): [Errno 11001] getaddrinfo failed
2026-10-08 12:18:42 [WARNING] Skipping jaipur/Ajmer Road 200 Feet Bypass — no TomTom data
2026-10-08 12:18:42 [WARNING] TomTom network error for (10.0261, 76.3125): [Errno 11001] getaddrinfo failed
2026-10-08 12:18:42 [WARNING] Skipping kochi/Edappally Toll Junction — no TomTom data
2026-10-08 12:18:42 [WARNING] TomTom network error for (26.8500, 80.9490): [Errno 11001] getaddrinfo failed
2026-10-08 12:18:42 [WARNING] Skipping lucknow/Hazratganj Crossing — no TomTom data
2026-10-08 12:18:42 [WARNING] No records collected in this batch.
2026-10-08 12:18:42 [INFO] Next batch in 5 minutes. Sleeping...
2026-10-08 12:23:42 [INFO] --- Batch start at 12:23:42 ---
2026-10-08 12:23:43 [INFO]   ✓ bengaluru / Silk Board Junction — CI=0.286  speed=30.0/42.0 km/h
2026-10-08 12:23:44 [INFO]   ✓ bengaluru / Marathahalli Bridge — CI=0.286  speed=25.0/35.0 km/h
2026-10-08 12:23:45 [INFO]   ✓ bengaluru / Whitefield Road — CI=0.237  speed=29.0/38.0 km/h
2026-10-08 12:23:46 [INFO]   ✓ bengaluru / Hebbal Flyover — CI=0.192  speed=21.0/26.0 km/h
2026-10-08 12:23:47 [INFO]   ✓ mumbai / Western Express Highway Andheri — CI=0.318  speed=15.0/22.0 km/h
2026-10-08 12:23:47 [INFO]   ✓ mumbai / Eastern Freeway Sewri — CI=0.000  speed=26.0/26.0 km/h
2026-10-08 12:23:48 [INFO]   ✓ mumbai / BKC Bandra Kurla Complex — CI=0.000  speed=27.0/27.0 km/h
2026-10-08 12:23:49 [INFO]   ✓ mumbai / Sion Circle — CI=0.421  speed=11.0/19.0 km/h
2026-10-08 12:23:49 [INFO]   ✓ delhi / Ring Road AIIMS — CI=0.267  speed=22.0/30.0 km/h
2026-10-08 12:23:50 [INFO]   ✓ delhi / DND Flyway Noida Entry — CI=0.146  speed=35.0/41.0 km/h
2026-10-08 12:23:51 [INFO]   ✓ delhi / Cyber City Gurgaon — CI=0.295  speed=31.0/44.0 km/h
2026-10-08 12:23:52 [INFO]   ✓ delhi / ITO Junction — CI=0.346  speed=17.0/26.0 km/h
2026-10-08 12:23:52 [INFO]   ✓ pune / Hinjawadi Phase 1 — CI=0.167  speed=25.0/30.0 km/h
2026-10-08 12:23:53 [INFO]   ✓ pune / FC Road Shivajinagar — CI=0.300  speed=14.0/20.0 km/h
2026-10-08 12:23:54 [INFO]   ✓ pune / Magarpatta City Hadapsar — CI=0.387  speed=19.0/31.0 km/h
2026-10-08 12:23:54 [INFO]   ✓ hyderabad / Hitec City Cyber Towers — CI=0.438  speed=18.0/32.0 km/h
2026-10-08 12:23:55 [INFO]   ✓ hyderabad / Gachibowli Junction — CI=0.189  speed=30.0/37.0 km/h
2026-10-08 12:23:56 [INFO]   ✓ hyderabad / Punjagutta Crossing — CI=0.531  speed=15.0/32.0 km/h
2026-10-08 12:23:57 [INFO]   ✓ chennai / OMR Tidel Park — CI=0.419  speed=18.0/31.0 km/h
2026-10-08 12:23:57 [INFO]   ✓ chennai / Kathipara Junction Guindy — CI=0.219  speed=25.0/32.0 km/h
2026-10-08 12:23:58 [INFO]   ✓ chennai / Anna Nagar Roundtana — CI=0.333  speed=18.0/27.0 km/h
2026-10-08 12:23:59 [INFO]   ✓ kolkata / EM Bypass Science City — CI=0.140  speed=37.0/43.0 km/h
2026-10-08 12:23:59 [INFO]   ✓ kolkata / Park Circus 7-Point Crossing — CI=0.000  speed=48.0/48.0 km/h
2026-10-08 12:24:00 [INFO]   ✓ kolkata / Sector V Salt Lake — CI=0.476  speed=11.0/21.0 km/h
2026-10-08 12:24:01 [INFO]   ✓ ahmedabad / SG Highway ISKCON Cross Road — CI=0.056  speed=34.0/36.0 km/h
2026-10-08 12:24:01 [INFO]   ✓ ahmedabad / Ashram Road Income Tax Circle — CI=0.000  speed=40.0/40.0 km/h
2026-10-08 12:24:02 [INFO]   ✓ jaipur / JLN Marg Jawahar Circle — CI=0.000  speed=44.0/44.0 km/h
2026-10-08 12:24:03 [INFO]   ✓ jaipur / Ajmer Road 200 Feet Bypass — CI=0.257  speed=26.0/35.0 km/h
2026-10-08 12:24:03 [INFO]   ✓ kochi / Edappally Toll Junction — CI=0.000  speed=20.0/20.0 km/h
2026-10-08 12:24:04 [INFO]   ✓ lucknow / Hazratganj Crossing — CI=0.345  speed=19.0/29.0 km/h
2026-10-08 12:24:04 [INFO]   → Saved 40 records to C:\Users\albus\projects\traffic_congession\data\telemetry\city=ahmedabad\2026-10-08.parquet
2026-10-08 12:24:04 [INFO]   → Saved 101 records to C:\Users\albus\projects\traffic_congession\data\telemetry\city=bengaluru\2026-10-08.parquet
2026-10-08 12:24:04 [INFO]   → Saved 60 records to C:\Users\albus\projects\traffic_congession\data\telemetry\city=chennai\2026-10-08.parquet
2026-10-08 12:24:04 [INFO]   → Saved 101 records to C:\Users\albus\projects\traffic_congession\data\telemetry\city=delhi\2026-10-08.parquet
2026-10-08 12:24:04 [INFO]   → Saved 60 records to C:\Users\albus\projects\traffic_congession\data\telemetry\city=hyderabad\2026-10-08.parquet
2026-10-08 12:24:04 [INFO]   → Saved 40 records to C:\Users\albus\projects\traffic_congession\data\telemetry\city=jaipur\2026-10-08.parquet
2026-10-08 12:24:04 [INFO]   → Saved 20 records to C:\Users\albus\projects\traffic_congession\data\telemetry\city=kochi\2026-10-08.parquet
2026-10-08 12:24:04 [INFO]   → Saved 60 records to C:\Users\albus\projects\traffic_congession\data\telemetry\city=kolkata\2026-10-08.parquet
2026-10-08 12:24:04 [INFO]   → Saved 20 records to C:\Users\albus\projects\traffic_congession\data\telemetry\city=lucknow\2026-10-08.parquet
2026-10-08 12:24:04 [INFO]   → Saved 101 records to C:\Users\albus\projects\traffic_congession\data\telemetry\city=mumbai\2026-10-08.parquet
2026-10-08 12:24:04 [INFO]   → Saved 74 records to C:\Users\albus\projects\traffic_congession\data\telemetry\city=pune\2026-10-08.parquet
2026-10-08 12:24:04 [INFO] Next batch in 5 minutes. Sleeping...
2026-10-08 12:29:04 [INFO] --- Batch start at 12:29:04 ---
2026-10-08 12:29:05 [INFO]   ✓ bengaluru / Silk Board Junction — CI=0.000  speed=42.0/42.0 km/h
2026-10-08 12:29:06 [INFO]   ✓ bengaluru / Marathahalli Bridge — CI=0.286  speed=25.0/35.0 km/h
2026-10-08 12:29:07 [INFO]   ✓ bengaluru / Whitefield Road — CI=0.237  speed=29.0/38.0 km/h
2026-10-08 12:29:08 [INFO]   ✓ bengaluru / Hebbal Flyover — CI=0.160  speed=21.0/25.0 km/h
2026-10-08 12:29:09 [INFO]   ✓ mumbai / Western Express Highway Andheri — CI=0.273  speed=16.0/22.0 km/h
2026-10-08 12:29:10 [INFO]   ✓ mumbai / Eastern Freeway Sewri — CI=0.000  speed=26.0/26.0 km/h
2026-10-08 12:29:10 [INFO]   ✓ mumbai / BKC Bandra Kurla Complex — CI=0.179  speed=23.0/28.0 km/h
2026-10-08 12:29:11 [INFO]   ✓ mumbai / Sion Circle — CI=0.500  speed=10.0/20.0 km/h
2026-10-08 12:29:12 [INFO]   ✓ delhi / Ring Road AIIMS — CI=0.300  speed=21.0/30.0 km/h
2026-10-08 12:29:13 [INFO]   ✓ delhi / DND Flyway Noida Entry — CI=0.171  speed=34.0/41.0 km/h
2026-10-08 12:29:13 [INFO]   ✓ delhi / Cyber City Gurgaon — CI=0.318  speed=30.0/44.0 km/h
2026-10-08 12:29:14 [INFO]   ✓ delhi / ITO Junction — CI=0.407  speed=16.0/27.0 km/h
2026-10-08 12:29:15 [INFO]   ✓ pune / Hinjawadi Phase 1 — CI=0.167  speed=25.0/30.0 km/h
2026-10-08 12:29:16 [INFO]   ✓ pune / FC Road Shivajinagar — CI=0.286  speed=15.0/21.0 km/h
2026-10-08 12:29:16 [INFO]   ✓ pune / Magarpatta City Hadapsar — CI=0.194  speed=25.0/31.0 km/h
2026-10-08 12:29:17 [INFO]   ✓ hyderabad / Hitec City Cyber Towers — CI=0.419  speed=18.0/31.0 km/h
2026-10-08 12:29:18 [INFO]   ✓ hyderabad / Gachibowli Junction — CI=0.167  speed=30.0/36.0 km/h
2026-10-08 12:29:18 [INFO]   ✓ hyderabad / Punjagutta Crossing — CI=0.667  speed=10.0/30.0 km/h
2026-10-08 12:29:19 [INFO]   ✓ chennai / OMR Tidel Park — CI=0.400  speed=18.0/30.0 km/h
2026-10-08 12:29:20 [INFO]   ✓ chennai / Kathipara Junction Guindy — CI=0.000  speed=33.0/33.0 km/h
2026-10-08 12:29:21 [INFO]   ✓ chennai / Anna Nagar Roundtana — CI=0.308  speed=18.0/26.0 km/h
2026-10-08 12:29:22 [INFO]   ✓ kolkata / EM Bypass Science City — CI=0.163  speed=36.0/43.0 km/h
2026-10-08 12:29:22 [INFO]   ✓ kolkata / Park Circus 7-Point Crossing — CI=0.000  speed=48.0/48.0 km/h
2026-10-08 12:29:23 [INFO]   ✓ kolkata / Sector V Salt Lake — CI=0.524  speed=10.0/21.0 km/h
2026-10-08 12:29:24 [INFO]   ✓ ahmedabad / SG Highway ISKCON Cross Road — CI=0.086  speed=32.0/35.0 km/h
2026-10-08 12:29:24 [INFO]   ✓ ahmedabad / Ashram Road Income Tax Circle — CI=0.000  speed=40.0/40.0 km/h
2026-10-08 12:29:25 [INFO]   ✓ jaipur / JLN Marg Jawahar Circle — CI=0.000  speed=44.0/44.0 km/h
2026-10-08 12:29:26 [INFO]   ✓ jaipur / Ajmer Road 200 Feet Bypass — CI=0.171  speed=29.0/35.0 km/h
2026-10-08 12:29:26 [INFO]   ✓ kochi / Edappally Toll Junction — CI=0.000  speed=20.0/20.0 km/h
2026-10-08 12:29:27 [INFO]   ✓ lucknow / Hazratganj Crossing — CI=0.367  speed=19.0/30.0 km/h
2026-10-08 12:29:27 [INFO]   → Saved 42 records to C:\Users\albus\projects\traffic_congession\data\telemetry\city=ahmedabad\2026-10-08.parquet
2026-10-08 12:29:27 [INFO]   → Saved 105 records to C:\Users\albus\projects\traffic_congession\data\telemetry\city=bengaluru\2026-10-08.parquet
2026-10-08 12:29:27 [INFO]   → Saved 63 records to C:\Users\albus\projects\traffic_congession\data\telemetry\city=chennai\2026-10-08.parquet
2026-10-08 12:29:27 [INFO]   → Saved 105 records to C:\Users\albus\projects\traffic_congession\data\telemetry\city=delhi\2026-10-08.parquet
2026-10-08 12:29:27 [INFO]   → Saved 63 records to C:\Users\albus\projects\traffic_congession\data\telemetry\city=hyderabad\2026-10-08.parquet
2026-10-08 12:29:27 [INFO]   → Saved 42 records to C:\Users\albus\projects\traffic_congession\data\telemetry\city=jaipur\2026-10-08.parquet
2026-10-08 12:29:27 [INFO]   → Saved 21 records to C:\Users\albus\projects\traffic_congession\data\telemetry\city=kochi\2026-10-08.parquet
2026-10-08 12:29:27 [INFO]   → Saved 63 records to C:\Users\albus\projects\traffic_congession\data\telemetry\city=kolkata\2026-10-08.parquet
2026-10-08 12:29:27 [INFO]   → Saved 21 records to C:\Users\albus\projects\traffic_congession\data\telemetry\city=lucknow\2026-10-08.parquet
2026-10-08 12:29:27 [INFO]   → Saved 105 records to C:\Users\albus\projects\traffic_congession\data\telemetry\city=mumbai\2026-10-08.parquet
2026-10-08 12:29:27 [INFO]   → Saved 77 records to C:\Users\albus\projects\traffic_congession\data\telemetry\city=pune\2026-10-08.parquet
2026-10-08 12:29:27 [INFO] Next batch in 5 minutes. Sleeping...
2026-10-08 12:34:27 [INFO] --- Batch start at 12:34:27 ---
2026-10-08 12:34:28 [INFO]   ✓ bengaluru / Silk Board Junction — CI=0.000  speed=42.0/42.0 km/h
2026-10-08 12:34:29 [INFO]   ✓ bengaluru / Marathahalli Bridge — CI=0.343  speed=23.0/35.0 km/h
2026-10-08 12:34:30 [INFO]   ✓ bengaluru / Whitefield Road — CI=0.237  speed=29.0/38.0 km/h
2026-10-08 12:34:31 [INFO]   ✓ bengaluru / Hebbal Flyover — CI=0.160  speed=21.0/25.0 km/h
2026-10-08 12:34:32 [INFO]   ✓ mumbai / Western Express Highway Andheri — CI=0.318  speed=15.0/22.0 km/h
2026-10-08 12:34:33 [INFO]   ✓ mumbai / Eastern Freeway Sewri — CI=0.000  speed=26.0/26.0 km/h
2026-10-08 12:34:33 [INFO]   ✓ mumbai / BKC Bandra Kurla Complex — CI=0.185  speed=22.0/27.0 km/h
2026-10-08 12:34:34 [INFO]   ✓ mumbai / Sion Circle — CI=0.450  speed=11.0/20.0 km/h
2026-10-08 12:34:35 [INFO]   ✓ delhi / Ring Road AIIMS — CI=0.387  speed=19.0/31.0 km/h
2026-10-08 12:34:36 [INFO]   ✓ delhi / DND Flyway Noida Entry — CI=0.171  speed=34.0/41.0 km/h
2026-10-08 12:34:36 [INFO]   ✓ delhi / Cyber City Gurgaon — CI=0.267  speed=33.0/45.0 km/h
2026-10-08 12:34:37 [INFO]   ✓ delhi / ITO Junction — CI=0.462  speed=14.0/26.0 km/h
2026-10-08 12:34:38 [INFO]   ✓ pune / Hinjawadi Phase 1 — CI=0.167  speed=25.0/30.0 km/h
2026-10-08 12:34:39 [INFO]   ✓ pune / FC Road Shivajinagar — CI=0.333  speed=14.0/21.0 km/h
2026-10-08 12:34:39 [INFO]   ✓ pune / Magarpatta City Hadapsar — CI=0.000  speed=31.0/31.0 km/h
2026-10-08 12:34:40 [INFO]   ✓ hyderabad / Hitec City Cyber Towers — CI=0.467  speed=16.0/30.0 km/h
2026-10-08 12:34:41 [INFO]   ✓ hyderabad / Gachibowli Junction — CI=0.222  speed=28.0/36.0 km/h
2026-10-08 12:34:42 [INFO]   ✓ hyderabad / Punjagutta Crossing — CI=0.667  speed=10.0/30.0 km/h
2026-10-08 12:34:43 [INFO]   ✓ chennai / OMR Tidel Park — CI=0.345  speed=19.0/29.0 km/h
2026-10-08 12:34:44 [INFO]   ✓ chennai / Kathipara Junction Guindy — CI=0.000  speed=33.0/33.0 km/h
2026-10-08 12:34:44 [INFO]   ✓ chennai / Anna Nagar Roundtana — CI=0.346  speed=17.0/26.0 km/h
2026-10-08 12:34:45 [INFO]   ✓ kolkata / EM Bypass Science City — CI=0.163  speed=36.0/43.0 km/h
2026-10-08 12:34:46 [INFO]   ✓ kolkata / Park Circus 7-Point Crossing — CI=0.000  speed=48.0/48.0 km/h
2026-10-08 12:34:47 [INFO]   ✓ kolkata / Sector V Salt Lake — CI=0.429  speed=12.0/21.0 km/h
2026-10-08 12:34:47 [INFO]   ✓ ahmedabad / SG Highway ISKCON Cross Road — CI=0.171  speed=29.0/35.0 km/h
2026-10-08 12:34:48 [INFO]   ✓ ahmedabad / Ashram Road Income Tax Circle — CI=0.000  speed=40.0/40.0 km/h
2026-10-08 12:34:49 [INFO]   ✓ jaipur / JLN Marg Jawahar Circle — CI=0.000  speed=44.0/44.0 km/h
2026-10-08 12:34:49 [INFO]   ✓ jaipur / Ajmer Road 200 Feet Bypass — CI=0.000  speed=36.0/36.0 km/h
2026-10-08 12:34:50 [INFO]   ✓ kochi / Edappally Toll Junction — CI=0.000  speed=20.0/20.0 km/h
2026-10-08 12:34:51 [INFO]   ✓ lucknow / Hazratganj Crossing — CI=0.333  speed=20.0/30.0 km/h
2026-10-08 12:34:51 [INFO]   → Saved 44 records to C:\Users\albus\projects\traffic_congession\data\telemetry\city=ahmedabad\2026-10-08.parquet
2026-10-08 12:34:51 [INFO]   → Saved 109 records to C:\Users\albus\projects\traffic_congession\data\telemetry\city=bengaluru\2026-10-08.parquet
2026-10-08 12:34:51 [INFO]   → Saved 66 records to C:\Users\albus\projects\traffic_congession\data\telemetry\city=chennai\2026-10-08.parquet
2026-10-08 12:34:51 [INFO]   → Saved 109 records to C:\Users\albus\projects\traffic_congession\data\telemetry\city=delhi\2026-10-08.parquet
2026-10-08 12:34:51 [INFO]   → Saved 66 records to C:\Users\albus\projects\traffic_congession\data\telemetry\city=hyderabad\2026-10-08.parquet
2026-10-08 12:34:51 [INFO]   → Saved 44 records to C:\Users\albus\projects\traffic_congession\data\telemetry\city=jaipur\2026-10-08.parquet
2026-10-08 12:34:51 [INFO]   → Saved 22 records to C:\Users\albus\projects\traffic_congession\data\telemetry\city=kochi\2026-10-08.parquet
2026-10-08 12:34:51 [INFO]   → Saved 66 records to C:\Users\albus\projects\traffic_congession\data\telemetry\city=kolkata\2026-10-08.parquet
2026-10-08 12:34:51 [INFO]   → Saved 22 records to C:\Users\albus\projects\traffic_congession\data\telemetry\city=lucknow\2026-10-08.parquet
2026-10-08 12:34:51 [INFO]   → Saved 109 records to C:\Users\albus\projects\traffic_congession\data\telemetry\city=mumbai\2026-10-08.parquet
2026-10-08 12:34:51 [INFO]   → Saved 80 records to C:\Users\albus\projects\traffic_congession\data\telemetry\city=pune\2026-10-08.parquet
2026-10-08 12:34:51 [INFO] Next batch in 5 minutes. Sleeping...
2026-10-08 12:39:51 [INFO] --- Batch start at 12:39:51 ---
2026-10-08 12:39:52 [INFO]   ✓ bengaluru / Silk Board Junction — CI=0.000  speed=42.0/42.0 km/h
2026-10-08 12:39:53 [INFO]   ✓ bengaluru / Marathahalli Bridge — CI=0.286  speed=25.0/35.0 km/h
2026-10-08 12:39:54 [INFO]   ✓ bengaluru / Whitefield Road — CI=0.211  speed=30.0/38.0 km/h
2026-10-08 12:39:55 [INFO]   ✓ bengaluru / Hebbal Flyover — CI=0.160  speed=21.0/25.0 km/h
2026-10-08 12:39:56 [INFO]   ✓ mumbai / Western Express Highway Andheri — CI=0.318  speed=15.0/22.0 km/h
2026-10-08 12:39:56 [INFO]   ✓ mumbai / Eastern Freeway Sewri — CI=0.000  speed=26.0/26.0 km/h
2026-10-08 12:39:57 [INFO]   ✓ mumbai / BKC Bandra Kurla Complex — CI=0.000  speed=27.0/27.0 km/h
2026-10-08 12:39:57 [INFO]   ✓ mumbai / Sion Circle — CI=0.450  speed=11.0/20.0 km/h
2026-10-08 12:39:58 [INFO]   ✓ delhi / Ring Road AIIMS — CI=0.355  speed=20.0/31.0 km/h
2026-10-08 12:39:59 [INFO]   ✓ delhi / DND Flyway Noida Entry — CI=0.171  speed=34.0/41.0 km/h
2026-10-08 12:40:00 [INFO]   ✓ delhi / Cyber City Gurgaon — CI=0.400  speed=27.0/45.0 km/h
2026-10-08 12:40:00 [INFO]   ✓ delhi / ITO Junction — CI=0.481  speed=14.0/27.0 km/h
2026-10-08 12:40:02 [INFO]   ✓ pune / Hinjawadi Phase 1 — CI=0.167  speed=25.0/30.0 km/h
2026-10-08 12:40:02 [INFO]   ✓ pune / FC Road Shivajinagar — CI=0.381  speed=13.0/21.0 km/h
2026-10-08 12:40:03 [INFO]   ✓ pune / Magarpatta City Hadapsar — CI=0.000  speed=31.0/31.0 km/h
2026-10-08 12:40:03 [INFO]   ✓ hyderabad / Hitec City Cyber Towers — CI=0.531  speed=15.0/32.0 km/h
2026-10-08 12:40:05 [INFO]   ✓ hyderabad / Gachibowli Junction — CI=0.171  speed=29.0/35.0 km/h
2026-10-08 12:40:06 [INFO]   ✓ hyderabad / Punjagutta Crossing — CI=0.667  speed=10.0/30.0 km/h
2026-10-08 12:40:06 [INFO]   ✓ chennai / OMR Tidel Park — CI=0.433  speed=17.0/30.0 km/h
2026-10-08 12:40:07 [INFO]   ✓ chennai / Kathipara Junction Guindy — CI=0.250  speed=24.0/32.0 km/h
2026-10-08 12:40:08 [INFO]   ✓ chennai / Anna Nagar Roundtana — CI=0.308  speed=18.0/26.0 km/h
2026-10-08 12:40:08 [INFO]   ✓ kolkata / EM Bypass Science City — CI=0.000  speed=42.0/42.0 km/h
2026-10-08 12:40:09 [INFO]   ✓ kolkata / Park Circus 7-Point Crossing — CI=0.000  speed=48.0/48.0 km/h
2026-10-08 12:40:10 [INFO]   ✓ kolkata / Sector V Salt Lake — CI=0.500  speed=11.0/22.0 km/h
2026-10-08 12:40:10 [INFO]   ✓ ahmedabad / SG Highway ISKCON Cross Road — CI=0.171  speed=29.0/35.0 km/h
2026-10-08 12:40:11 [INFO]   ✓ ahmedabad / Ashram Road Income Tax Circle — CI=0.000  speed=40.0/40.0 km/h
2026-10-08 12:40:12 [INFO]   ✓ jaipur / JLN Marg Jawahar Circle — CI=0.000  speed=44.0/44.0 km/h
2026-10-08 12:40:13 [INFO]   ✓ jaipur / Ajmer Road 200 Feet Bypass — CI=0.229  speed=27.0/35.0 km/h
2026-10-08 12:40:14 [INFO]   ✓ kochi / Edappally Toll Junction — CI=0.000  speed=20.0/20.0 km/h
2026-10-08 12:40:15 [INFO]   ✓ lucknow / Hazratganj Crossing — CI=0.310  speed=20.0/29.0 km/h
2026-10-08 12:40:15 [INFO]   → Saved 46 records to C:\Users\albus\projects\traffic_congession\data\telemetry\city=ahmedabad\2026-10-08.parquet
2026-10-08 12:40:15 [INFO]   → Saved 113 records to C:\Users\albus\projects\traffic_congession\data\telemetry\city=bengaluru\2026-10-08.parquet
2026-10-08 12:40:15 [INFO]   → Saved 69 records to C:\Users\albus\projects\traffic_congession\data\telemetry\city=chennai\2026-10-08.parquet
2026-10-08 12:40:15 [INFO]   → Saved 113 records to C:\Users\albus\projects\traffic_congession\data\telemetry\city=delhi\2026-10-08.parquet
2026-10-08 12:40:15 [INFO]   → Saved 69 records to C:\Users\albus\projects\traffic_congession\data\telemetry\city=hyderabad\2026-10-08.parquet
2026-10-08 12:40:15 [INFO]   → Saved 46 records to C:\Users\albus\projects\traffic_congession\data\telemetry\city=jaipur\2026-10-08.parquet
2026-10-08 12:40:15 [INFO]   → Saved 23 records to C:\Users\albus\projects\traffic_congession\data\telemetry\city=kochi\2026-10-08.parquet
2026-10-08 12:40:15 [INFO]   → Saved 69 records to C:\Users\albus\projects\traffic_congession\data\telemetry\city=kolkata\2026-10-08.parquet
2026-10-08 12:40:15 [INFO]   → Saved 23 records to C:\Users\albus\projects\traffic_congession\data\telemetry\city=lucknow\2026-10-08.parquet
2026-10-08 12:40:15 [INFO]   → Saved 113 records to C:\Users\albus\projects\traffic_congession\data\telemetry\city=mumbai\2026-10-08.parquet
2026-10-08 12:40:15 [INFO]   → Saved 83 records to C:\Users\albus\projects\traffic_congession\data\telemetry\city=pune\2026-10-08.parquet
2026-10-08 12:40:15 [INFO] Next batch in 5 minutes. Sleeping...
2026-10-08 12:45:15 [INFO] --- Batch start at 12:45:15 ---
2026-10-08 12:45:16 [INFO]   ✓ bengaluru / Silk Board Junction — CI=0.000  speed=42.0/42.0 km/h
2026-10-08 12:45:16 [INFO]   ✓ bengaluru / Marathahalli Bridge — CI=0.257  speed=26.0/35.0 km/h
2026-10-08 12:45:17 [INFO]   ✓ bengaluru / Whitefield Road — CI=0.189  speed=30.0/37.0 km/h
2026-10-08 12:45:18 [INFO]   ✓ bengaluru / Hebbal Flyover — CI=0.231  speed=20.0/26.0 km/h
2026-10-08 12:45:19 [INFO]   ✓ mumbai / Western Express Highway Andheri — CI=0.364  speed=14.0/22.0 km/h
2026-10-08 12:45:20 [INFO]   ✓ mumbai / Eastern Freeway Sewri — CI=0.000  speed=26.0/26.0 km/h
2026-10-08 12:45:20 [INFO]   ✓ mumbai / BKC Bandra Kurla Complex — CI=0.148  speed=23.0/27.0 km/h
2026-10-08 12:45:21 [INFO]   ✓ mumbai / Sion Circle — CI=0.474  speed=10.0/19.0 km/h
2026-10-08 12:45:22 [INFO]   ✓ delhi / Ring Road AIIMS — CI=0.355  speed=20.0/31.0 km/h
2026-10-08 12:45:22 [INFO]   ✓ delhi / DND Flyway Noida Entry — CI=0.171  speed=34.0/41.0 km/h
2026-10-08 12:45:23 [INFO]   ✓ delhi / Cyber City Gurgaon — CI=0.409  speed=26.0/44.0 km/h
2026-10-08 12:45:24 [INFO]   ✓ delhi / ITO Junction — CI=0.462  speed=14.0/26.0 km/h
2026-10-08 12:45:25 [INFO]   ✓ pune / Hinjawadi Phase 1 — CI=0.200  speed=24.0/30.0 km/h
2026-10-08 12:45:25 [INFO]   ✓ pune / FC Road Shivajinagar — CI=0.364  speed=14.0/22.0 km/h
2026-10-08 12:45:26 [INFO]   ✓ pune / Magarpatta City Hadapsar — CI=0.000  speed=31.0/31.0 km/h
2026-10-08 12:45:27 [INFO]   ✓ hyderabad / Hitec City Cyber Towers — CI=0.531  speed=15.0/32.0 km/h
2026-10-08 12:45:28 [INFO]   ✓ hyderabad / Gachibowli Junction — CI=0.167  speed=30.0/36.0 km/h
2026-10-08 12:45:28 [INFO]   ✓ hyderabad / Punjagutta Crossing — CI=0.733  speed=8.0/30.0 km/h
2026-10-08 12:45:29 [INFO]   ✓ chennai / OMR Tidel Park — CI=0.333  speed=20.0/30.0 km/h
2026-10-08 12:45:29 [INFO]   ✓ chennai / Kathipara Junction Guindy — CI=0.000  speed=33.0/33.0 km/h
2026-10-08 12:45:30 [INFO]   ✓ chennai / Anna Nagar Roundtana — CI=0.385  speed=16.0/26.0 km/h
2026-10-08 12:45:31 [INFO]   ✓ kolkata / EM Bypass Science City — CI=0.163  speed=36.0/43.0 km/h
2026-10-08 12:45:32 [INFO]   ✓ kolkata / Park Circus 7-Point Crossing — CI=0.000  speed=48.0/48.0 km/h
2026-10-08 12:45:32 [INFO]   ✓ kolkata / Sector V Salt Lake — CI=0.571  speed=9.0/21.0 km/h
2026-10-08 12:45:33 [INFO]   ✓ ahmedabad / SG Highway ISKCON Cross Road — CI=0.114  speed=31.0/35.0 km/h
2026-10-08 12:45:34 [INFO]   ✓ ahmedabad / Ashram Road Income Tax Circle — CI=0.000  speed=40.0/40.0 km/h
2026-10-08 12:45:34 [INFO]   ✓ jaipur / JLN Marg Jawahar Circle — CI=0.000  speed=44.0/44.0 km/h
2026-10-08 12:45:35 [INFO]   ✓ jaipur / Ajmer Road 200 Feet Bypass — CI=0.229  speed=27.0/35.0 km/h
2026-10-08 12:45:36 [INFO]   ✓ kochi / Edappally Toll Junction — CI=0.000  speed=20.0/20.0 km/h
2026-10-08 12:45:37 [INFO]   ✓ lucknow / Hazratganj Crossing — CI=0.345  speed=19.0/29.0 km/h
2026-10-08 12:45:37 [INFO]   → Saved 48 records to C:\Users\albus\projects\traffic_congession\data\telemetry\city=ahmedabad\2026-10-08.parquet
2026-10-08 12:45:37 [INFO]   → Saved 117 records to C:\Users\albus\projects\traffic_congession\data\telemetry\city=bengaluru\2026-10-08.parquet
2026-10-08 12:45:37 [INFO]   → Saved 72 records to C:\Users\albus\projects\traffic_congession\data\telemetry\city=chennai\2026-10-08.parquet
2026-10-08 12:45:37 [INFO]   → Saved 117 records to C:\Users\albus\projects\traffic_congession\data\telemetry\city=delhi\2026-10-08.parquet
2026-10-08 12:45:37 [INFO]   → Saved 72 records to C:\Users\albus\projects\traffic_congession\data\telemetry\city=hyderabad\2026-10-08.parquet
2026-10-08 12:45:37 [INFO]   → Saved 48 records to C:\Users\albus\projects\traffic_congession\data\telemetry\city=jaipur\2026-10-08.parquet
2026-10-08 12:45:37 [INFO]   → Saved 24 records to C:\Users\albus\projects\traffic_congession\data\telemetry\city=kochi\2026-10-08.parquet
2026-10-08 12:45:37 [INFO]   → Saved 72 records to C:\Users\albus\projects\traffic_congession\data\telemetry\city=kolkata\2026-10-08.parquet
2026-10-08 12:45:37 [INFO]   → Saved 24 records to C:\Users\albus\projects\traffic_congession\data\telemetry\city=lucknow\2026-10-08.parquet
2026-10-08 12:45:37 [INFO]   → Saved 117 records to C:\Users\albus\projects\traffic_congession\data\telemetry\city=mumbai\2026-10-08.parquet
2026-10-08 12:45:37 [INFO]   → Saved 86 records to C:\Users\albus\projects\traffic_congession\data\telemetry\city=pune\2026-10-08.parquet
2026-10-08 12:45:37 [INFO] Next batch in 5 minutes. Sleeping...
2026-10-08 12:50:37 [INFO] --- Batch start at 12:50:37 ---
2026-10-08 12:50:38 [INFO]   ✓ bengaluru / Silk Board Junction — CI=0.293  speed=29.0/41.0 km/h
2026-10-08 12:50:39 [INFO]   ✓ bengaluru / Marathahalli Bridge — CI=0.314  speed=24.0/35.0 km/h
2026-10-08 12:50:40 [INFO]   ✓ bengaluru / Whitefield Road — CI=0.162  speed=31.0/37.0 km/h
2026-10-08 12:50:41 [INFO]   ✓ bengaluru / Hebbal Flyover — CI=0.192  speed=21.0/26.0 km/h
2026-10-08 12:50:42 [INFO]   ✓ mumbai / Western Express Highway Andheri — CI=0.381  speed=13.0/21.0 km/h
2026-10-08 12:50:42 [INFO]   ✓ mumbai / Eastern Freeway Sewri — CI=0.000  speed=26.0/26.0 km/h
2026-10-08 12:50:43 [INFO]   ✓ mumbai / BKC Bandra Kurla Complex — CI=0.222  speed=21.0/27.0 km/h
2026-10-08 12:50:44 [INFO]   ✓ mumbai / Sion Circle — CI=0.524  speed=10.0/21.0 km/h
2026-10-08 12:50:44 [INFO]   ✓ delhi / Ring Road AIIMS — CI=0.387  speed=19.0/31.0 km/h
2026-10-08 12:50:45 [INFO]   ✓ delhi / DND Flyway Noida Entry — CI=0.171  speed=34.0/41.0 km/h
2026-10-08 12:50:46 [INFO]   ✓ delhi / Cyber City Gurgaon — CI=0.227  speed=34.0/44.0 km/h
2026-10-08 12:50:47 [INFO]   ✓ delhi / ITO Junction — CI=0.481  speed=14.0/27.0 km/h
2026-10-08 12:50:48 [INFO]   ✓ pune / Hinjawadi Phase 1 — CI=0.172  speed=24.0/29.0 km/h
2026-10-08 12:50:48 [INFO]   ✓ pune / FC Road Shivajinagar — CI=0.409  speed=13.0/22.0 km/h
2026-10-08 12:50:49 [INFO]   ✓ pune / Magarpatta City Hadapsar — CI=0.000  speed=31.0/31.0 km/h
2026-10-08 12:50:50 [INFO]   ✓ hyderabad / Hitec City Cyber Towers — CI=0.594  speed=13.0/32.0 km/h
2026-10-08 12:50:51 [INFO]   ✓ hyderabad / Gachibowli Junction — CI=0.222  speed=28.0/36.0 km/h
2026-10-08 12:50:51 [INFO]   ✓ hyderabad / Punjagutta Crossing — CI=0.733  speed=8.0/30.0 km/h
2026-10-08 12:50:52 [INFO]   ✓ chennai / OMR Tidel Park — CI=0.300  speed=21.0/30.0 km/h
2026-10-08 12:50:53 [INFO]   ✓ chennai / Kathipara Junction Guindy — CI=0.000  speed=33.0/33.0 km/h
2026-10-08 12:50:53 [INFO]   ✓ chennai / Anna Nagar Roundtana — CI=0.308  speed=18.0/26.0 km/h
2026-10-08 12:50:54 [INFO]   ✓ kolkata / EM Bypass Science City — CI=0.000  speed=42.0/42.0 km/h
2026-10-08 12:50:55 [INFO]   ✓ kolkata / Park Circus 7-Point Crossing — CI=0.000  speed=48.0/48.0 km/h
2026-10-08 12:50:56 [INFO]   ✓ kolkata / Sector V Salt Lake — CI=0.571  speed=9.0/21.0 km/h
2026-10-08 12:50:56 [INFO]   ✓ ahmedabad / SG Highway ISKCON Cross Road — CI=0.167  speed=30.0/36.0 km/h
2026-10-08 12:50:57 [INFO]   ✓ ahmedabad / Ashram Road Income Tax Circle — CI=0.000  speed=40.0/40.0 km/h
2026-10-08 12:50:58 [INFO]   ✓ jaipur / JLN Marg Jawahar Circle — CI=0.000  speed=44.0/44.0 km/h
2026-10-08 12:50:58 [INFO]   ✓ jaipur / Ajmer Road 200 Feet Bypass — CI=0.229  speed=27.0/35.0 km/h
2026-10-08 12:50:59 [INFO]   ✓ kochi / Edappally Toll Junction — CI=0.000  speed=20.0/20.0 km/h
2026-10-08 12:51:00 [INFO]   ✓ lucknow / Hazratganj Crossing — CI=0.345  speed=19.0/29.0 km/h
2026-10-08 12:51:00 [INFO]   → Saved 50 records to C:\Users\albus\projects\traffic_congession\data\telemetry\city=ahmedabad\2026-10-08.parquet
2026-10-08 12:51:00 [INFO]   → Saved 121 records to C:\Users\albus\projects\traffic_congession\data\telemetry\city=bengaluru\2026-10-08.parquet
2026-10-08 12:51:00 [INFO]   → Saved 75 records to C:\Users\albus\projects\traffic_congession\data\telemetry\city=chennai\2026-10-08.parquet
2026-10-08 12:51:00 [INFO]   → Saved 121 records to C:\Users\albus\projects\traffic_congession\data\telemetry\city=delhi\2026-10-08.parquet
2026-10-08 12:51:00 [INFO]   → Saved 75 records to C:\Users\albus\projects\traffic_congession\data\telemetry\city=hyderabad\2026-10-08.parquet
2026-10-08 12:51:00 [INFO]   → Saved 50 records to C:\Users\albus\projects\traffic_congession\data\telemetry\city=jaipur\2026-10-08.parquet
2026-10-08 12:51:00 [INFO]   → Saved 25 records to C:\Users\albus\projects\traffic_congession\data\telemetry\city=kochi\2026-10-08.parquet
2026-10-08 12:51:00 [INFO]   → Saved 75 records to C:\Users\albus\projects\traffic_congession\data\telemetry\city=kolkata\2026-10-08.parquet
2026-10-08 12:51:00 [INFO]   → Saved 25 records to C:\Users\albus\projects\traffic_congession\data\telemetry\city=lucknow\2026-10-08.parquet
2026-10-08 12:51:00 [INFO]   → Saved 121 records to C:\Users\albus\projects\traffic_congession\data\telemetry\city=mumbai\2026-10-08.parquet
2026-10-08 12:51:00 [INFO]   → Saved 89 records to C:\Users\albus\projects\traffic_congession\data\telemetry\city=pune\2026-10-08.parquet
2026-10-08 12:51:00 [INFO] Next batch in 5 minutes. Sleeping...
2026-10-08 12:56:00 [INFO] --- Batch start at 12:56:00 ---
2026-10-08 12:56:01 [INFO]   ✓ bengaluru / Silk Board Junction — CI=0.415  speed=24.0/41.0 km/h
2026-10-08 12:56:02 [INFO]   ✓ bengaluru / Marathahalli Bridge — CI=0.294  speed=24.0/34.0 km/h
2026-10-08 12:56:03 [INFO]   ✓ bengaluru / Whitefield Road — CI=0.184  speed=31.0/38.0 km/h
2026-10-08 12:56:04 [INFO]   ✓ bengaluru / Hebbal Flyover — CI=0.160  speed=21.0/25.0 km/h
2026-10-08 12:56:05 [INFO]   ✓ mumbai / Western Express Highway Andheri — CI=0.318  speed=15.0/22.0 km/h
2026-10-08 12:56:06 [INFO]   ✓ mumbai / Eastern Freeway Sewri — CI=0.000  speed=26.0/26.0 km/h
2026-10-08 12:56:06 [INFO]   ✓ mumbai / BKC Bandra Kurla Complex — CI=0.000  speed=27.0/27.0 km/h
2026-10-08 12:56:07 [INFO]   ✓ mumbai / Sion Circle — CI=0.526  speed=9.0/19.0 km/h
2026-10-08 12:56:08 [INFO]   ✓ delhi / Ring Road AIIMS — CI=0.387  speed=19.0/31.0 km/h
2026-10-08 12:56:09 [INFO]   ✓ delhi / DND Flyway Noida Entry — CI=0.000  speed=41.0/41.0 km/h
2026-10-08 12:56:09 [INFO]   ✓ delhi / Cyber City Gurgaon — CI=0.279  speed=31.0/43.0 km/h
2026-10-08 12:56:10 [INFO]   ✓ delhi / ITO Junction — CI=0.481  speed=14.0/27.0 km/h
2026-10-08 12:56:11 [INFO]   ✓ pune / Hinjawadi Phase 1 — CI=0.167  speed=25.0/30.0 km/h
2026-10-08 12:56:12 [INFO]   ✓ pune / FC Road Shivajinagar — CI=0.286  speed=15.0/21.0 km/h
2026-10-08 12:56:13 [INFO]   ✓ pune / Magarpatta City Hadapsar — CI=0.000  speed=31.0/31.0 km/h
2026-10-08 12:56:13 [INFO]   ✓ hyderabad / Hitec City Cyber Towers — CI=0.567  speed=13.0/30.0 km/h
2026-10-08 12:56:14 [INFO]   ✓ hyderabad / Gachibowli Junction — CI=0.222  speed=28.0/36.0 km/h
2026-10-08 12:56:15 [INFO]   ✓ hyderabad / Punjagutta Crossing — CI=0.750  speed=7.0/28.0 km/h
2026-10-08 12:56:15 [INFO]   ✓ chennai / OMR Tidel Park — CI=0.300  speed=21.0/30.0 km/h
2026-10-08 12:56:16 [INFO]   ✓ chennai / Kathipara Junction Guindy — CI=0.000  speed=33.0/33.0 km/h
2026-10-08 12:56:16 [INFO]   ✓ chennai / Anna Nagar Roundtana — CI=0.462  speed=14.0/26.0 km/h
2026-10-08 12:56:17 [INFO]   ✓ kolkata / EM Bypass Science City — CI=0.000  speed=42.0/42.0 km/h
2026-10-08 12:56:18 [INFO]   ✓ kolkata / Park Circus 7-Point Crossing — CI=0.000  speed=48.0/48.0 km/h
2026-10-08 12:56:19 [INFO]   ✓ kolkata / Sector V Salt Lake — CI=0.524  speed=10.0/21.0 km/h
2026-10-08 12:56:19 [INFO]   ✓ ahmedabad / SG Highway ISKCON Cross Road — CI=0.086  speed=32.0/35.0 km/h
2026-10-08 12:56:20 [INFO]   ✓ ahmedabad / Ashram Road Income Tax Circle — CI=0.000  speed=40.0/40.0 km/h
2026-10-08 12:56:21 [INFO]   ✓ jaipur / JLN Marg Jawahar Circle — CI=0.000  speed=44.0/44.0 km/h
2026-10-08 12:56:21 [INFO]   ✓ jaipur / Ajmer Road 200 Feet Bypass — CI=0.229  speed=27.0/35.0 km/h
2026-10-08 12:56:22 [INFO]   ✓ kochi / Edappally Toll Junction — CI=0.000  speed=20.0/20.0 km/h
2026-10-08 12:56:23 [INFO]   ✓ lucknow / Hazratganj Crossing — CI=0.367  speed=19.0/30.0 km/h
2026-10-08 12:56:23 [INFO]   → Saved 52 records to C:\Users\albus\projects\traffic_congession\data\telemetry\city=ahmedabad\2026-10-08.parquet
2026-10-08 12:56:23 [INFO]   → Saved 125 records to C:\Users\albus\projects\traffic_congession\data\telemetry\city=bengaluru\2026-10-08.parquet
2026-10-08 12:56:23 [INFO]   → Saved 78 records to C:\Users\albus\projects\traffic_congession\data\telemetry\city=chennai\2026-10-08.parquet
2026-10-08 12:56:23 [INFO]   → Saved 125 records to C:\Users\albus\projects\traffic_congession\data\telemetry\city=delhi\2026-10-08.parquet
2026-10-08 12:56:23 [INFO]   → Saved 78 records to C:\Users\albus\projects\traffic_congession\data\telemetry\city=hyderabad\2026-10-08.parquet
2026-10-08 12:56:23 [INFO]   → Saved 52 records to C:\Users\albus\projects\traffic_congession\data\telemetry\city=jaipur\2026-10-08.parquet
2026-10-08 12:56:23 [INFO]   → Saved 26 records to C:\Users\albus\projects\traffic_congession\data\telemetry\city=kochi\2026-10-08.parquet
2026-10-08 12:56:23 [INFO]   → Saved 78 records to C:\Users\albus\projects\traffic_congession\data\telemetry\city=kolkata\2026-10-08.parquet
2026-10-08 12:56:23 [INFO]   → Saved 26 records to C:\Users\albus\projects\traffic_congession\data\telemetry\city=lucknow\2026-10-08.parquet
2026-10-08 12:56:23 [INFO]   → Saved 125 records to C:\Users\albus\projects\traffic_congession\data\telemetry\city=mumbai\2026-10-08.parquet
2026-10-08 12:56:23 [INFO]   → Saved 92 records to C:\Users\albus\projects\traffic_congession\data\telemetry\city=pune\2026-10-08.parquet
2026-10-08 12:56:23 [INFO] Next batch in 5 minutes. Sleeping...
2026-10-08 13:01:23 [INFO] --- Batch start at 13:01:23 ---
2026-10-08 13:01:24 [INFO]   ✓ bengaluru / Silk Board Junction — CI=0.350  speed=26.0/40.0 km/h
2026-10-08 13:01:25 [INFO]   ✓ bengaluru / Marathahalli Bridge — CI=0.257  speed=26.0/35.0 km/h
2026-10-08 13:01:26 [INFO]   ✓ bengaluru / Whitefield Road — CI=0.158  speed=32.0/38.0 km/h
2026-10-08 13:01:27 [INFO]   ✓ bengaluru / Hebbal Flyover — CI=0.231  speed=20.0/26.0 km/h
2026-10-08 13:01:28 [INFO]   ✓ mumbai / Western Express Highway Andheri — CI=0.318  speed=15.0/22.0 km/h
2026-10-08 13:01:29 [INFO]   ✓ mumbai / Eastern Freeway Sewri — CI=0.000  speed=26.0/26.0 km/h
2026-10-08 13:01:29 [INFO]   ✓ mumbai / BKC Bandra Kurla Complex — CI=0.000  speed=27.0/27.0 km/h
2026-10-08 13:01:30 [INFO]   ✓ mumbai / Sion Circle — CI=0.450  speed=11.0/20.0 km/h
2026-10-08 13:01:31 [INFO]   ✓ delhi / Ring Road AIIMS — CI=0.387  speed=19.0/31.0 km/h
2026-10-08 13:01:31 [INFO]   ✓ delhi / DND Flyway Noida Entry — CI=0.000  speed=41.0/41.0 km/h
2026-10-08 13:01:32 [INFO]   ✓ delhi / Cyber City Gurgaon — CI=0.318  speed=30.0/44.0 km/h
2026-10-08 13:01:33 [INFO]   ✓ delhi / ITO Junction — CI=0.370  speed=17.0/27.0 km/h
2026-10-08 13:01:34 [INFO]   ✓ pune / Hinjawadi Phase 1 — CI=0.200  speed=24.0/30.0 km/h
2026-10-08 13:01:35 [INFO]   ✓ pune / FC Road Shivajinagar — CI=0.333  speed=14.0/21.0 km/h
2026-10-08 13:01:35 [INFO]   ✓ pune / Magarpatta City Hadapsar — CI=0.000  speed=31.0/31.0 km/h
2026-10-08 13:01:36 [INFO]   ✓ hyderabad / Hitec City Cyber Towers — CI=0.656  speed=11.0/32.0 km/h
2026-10-08 13:01:37 [INFO]   ✓ hyderabad / Gachibowli Junction — CI=0.229  speed=27.0/35.0 km/h
2026-10-08 13:01:37 [INFO]   ✓ hyderabad / Punjagutta Crossing — CI=0.586  speed=12.0/29.0 km/h
2026-10-08 13:01:38 [INFO]   ✓ chennai / OMR Tidel Park — CI=0.233  speed=23.0/30.0 km/h
2026-10-08 13:01:38 [INFO]   ✓ chennai / Kathipara Junction Guindy — CI=0.000  speed=33.0/33.0 km/h
2026-10-08 13:01:39 [INFO]   ✓ chennai / Anna Nagar Roundtana — CI=0.385  speed=16.0/26.0 km/h
2026-10-08 13:01:40 [INFO]   ✓ kolkata / EM Bypass Science City — CI=0.000  speed=42.0/42.0 km/h
2026-10-08 13:01:41 [INFO]   ✓ kolkata / Park Circus 7-Point Crossing — CI=0.000  speed=48.0/48.0 km/h
2026-10-08 13:01:41 [INFO]   ✓ kolkata / Sector V Salt Lake — CI=0.409  speed=13.0/22.0 km/h
2026-10-08 13:01:42 [INFO]   ✓ ahmedabad / SG Highway ISKCON Cross Road — CI=0.000  speed=35.0/35.0 km/h
2026-10-08 13:01:43 [INFO]   ✓ ahmedabad / Ashram Road Income Tax Circle — CI=0.000  speed=40.0/40.0 km/h
2026-10-08 13:01:43 [INFO]   ✓ jaipur / JLN Marg Jawahar Circle — CI=0.000  speed=44.0/44.0 km/h
2026-10-08 13:01:44 [INFO]   ✓ jaipur / Ajmer Road 200 Feet Bypass — CI=0.229  speed=27.0/35.0 km/h
2026-10-08 13:01:44 [INFO]   ✓ kochi / Edappally Toll Junction — CI=0.000  speed=20.0/20.0 km/h
2026-10-08 13:01:46 [INFO]   ✓ lucknow / Hazratganj Crossing — CI=0.276  speed=21.0/29.0 km/h
2026-10-08 13:01:46 [INFO]   → Saved 54 records to C:\Users\albus\projects\traffic_congession\data\telemetry\city=ahmedabad\2026-10-08.parquet
2026-10-08 13:01:46 [INFO]   → Saved 129 records to C:\Users\albus\projects\traffic_congession\data\telemetry\city=bengaluru\2026-10-08.parquet
2026-10-08 13:01:46 [INFO]   → Saved 81 records to C:\Users\albus\projects\traffic_congession\data\telemetry\city=chennai\2026-10-08.parquet
2026-10-08 13:01:46 [INFO]   → Saved 129 records to C:\Users\albus\projects\traffic_congession\data\telemetry\city=delhi\2026-10-08.parquet
2026-10-08 13:01:46 [INFO]   → Saved 81 records to C:\Users\albus\projects\traffic_congession\data\telemetry\city=hyderabad\2026-10-08.parquet
2026-10-08 13:01:46 [INFO]   → Saved 54 records to C:\Users\albus\projects\traffic_congession\data\telemetry\city=jaipur\2026-10-08.parquet
2026-10-08 13:01:46 [INFO]   → Saved 27 records to C:\Users\albus\projects\traffic_congession\data\telemetry\city=kochi\2026-10-08.parquet
2026-10-08 13:01:46 [INFO]   → Saved 81 records to C:\Users\albus\projects\traffic_congession\data\telemetry\city=kolkata\2026-10-08.parquet
2026-10-08 13:01:46 [INFO]   → Saved 27 records to C:\Users\albus\projects\traffic_congession\data\telemetry\city=lucknow\2026-10-08.parquet
2026-10-08 13:01:46 [INFO]   → Saved 129 records to C:\Users\albus\projects\traffic_congession\data\telemetry\city=mumbai\2026-10-08.parquet
2026-10-08 13:01:46 [INFO]   → Saved 95 records to C:\Users\albus\projects\traffic_congession\data\telemetry\city=pune\2026-10-08.parquet
2026-10-08 13:01:46 [INFO] Next batch in 5 minutes. Sleeping...
2026-10-08 13:06:46 [INFO] --- Batch start at 13:06:46 ---
2026-10-08 13:06:47 [INFO]   ✓ bengaluru / Silk Board Junction — CI=0.366  speed=26.0/41.0 km/h
2026-10-08 13:06:48 [INFO]   ✓ bengaluru / Marathahalli Bridge — CI=0.286  speed=25.0/35.0 km/h
2026-10-08 13:06:48 [INFO]   ✓ bengaluru / Whitefield Road — CI=0.189  speed=30.0/37.0 km/h
2026-10-08 13:06:50 [INFO]   ✓ bengaluru / Hebbal Flyover — CI=0.231  speed=20.0/26.0 km/h
2026-10-08 13:06:50 [INFO]   ✓ mumbai / Western Express Highway Andheri — CI=0.273  speed=16.0/22.0 km/h
2026-10-08 13:06:51 [INFO]   ✓ mumbai / Eastern Freeway Sewri — CI=0.000  speed=26.0/26.0 km/h
2026-10-08 13:06:52 [INFO]   ✓ mumbai / BKC Bandra Kurla Complex — CI=0.214  speed=22.0/28.0 km/h
2026-10-08 13:06:52 [INFO]   ✓ mumbai / Sion Circle — CI=0.550  speed=9.0/20.0 km/h
2026-10-08 13:06:53 [INFO]   ✓ delhi / Ring Road AIIMS — CI=0.387  speed=19.0/31.0 km/h
2026-10-08 13:06:54 [INFO]   ✓ delhi / DND Flyway Noida Entry — CI=0.000  speed=41.0/41.0 km/h
2026-10-08 13:06:55 [INFO]   ✓ delhi / Cyber City Gurgaon — CI=0.318  speed=30.0/44.0 km/h
2026-10-08 13:06:55 [INFO]   ✓ delhi / ITO Junction — CI=0.333  speed=18.0/27.0 km/h
2026-10-08 13:06:56 [INFO]   ✓ pune / Hinjawadi Phase 1 — CI=0.200  speed=24.0/30.0 km/h
2026-10-08 13:06:57 [INFO]   ✓ pune / FC Road Shivajinagar — CI=0.381  speed=13.0/21.0 km/h
2026-10-08 13:06:58 [INFO]   ✓ pune / Magarpatta City Hadapsar — CI=0.000  speed=31.0/31.0 km/h
2026-10-08 13:06:58 [INFO]   ✓ hyderabad / Hitec City Cyber Towers — CI=0.645  speed=11.0/31.0 km/h
2026-10-08 13:07:00 [INFO]   ✓ hyderabad / Gachibowli Junction — CI=0.222  speed=28.0/36.0 km/h
2026-10-08 13:07:02 [INFO]   ✓ hyderabad / Punjagutta Crossing — CI=0.600  speed=12.0/30.0 km/h
2026-10-08 13:07:03 [INFO]   ✓ chennai / OMR Tidel Park — CI=0.367  speed=19.0/30.0 km/h
2026-10-08 13:07:04 [INFO]   ✓ chennai / Kathipara Junction Guindy — CI=0.000  speed=33.0/33.0 km/h
2026-10-08 13:07:05 [INFO]   ✓ chennai / Anna Nagar Roundtana — CI=0.346  speed=17.0/26.0 km/h
2026-10-08 13:07:06 [INFO]   ✓ kolkata / EM Bypass Science City — CI=0.000  speed=42.0/42.0 km/h
2026-10-08 13:07:07 [INFO]   ✓ kolkata / Park Circus 7-Point Crossing — CI=0.000  speed=48.0/48.0 km/h
2026-10-08 13:07:07 [INFO]   ✓ kolkata / Sector V Salt Lake — CI=0.545  speed=10.0/22.0 km/h
2026-10-08 13:07:09 [INFO]   ✓ ahmedabad / SG Highway ISKCON Cross Road — CI=0.000  speed=35.0/35.0 km/h
2026-10-08 13:07:11 [INFO]   ✓ ahmedabad / Ashram Road Income Tax Circle — CI=0.000  speed=40.0/40.0 km/h
2026-10-08 13:07:12 [INFO]   ✓ jaipur / JLN Marg Jawahar Circle — CI=0.000  speed=44.0/44.0 km/h
2026-10-08 13:07:12 [INFO]   ✓ jaipur / Ajmer Road 200 Feet Bypass — CI=0.194  speed=29.0/36.0 km/h
2026-10-08 13:07:13 [INFO]   ✓ kochi / Edappally Toll Junction — CI=0.000  speed=20.0/20.0 km/h
2026-10-08 13:07:14 [INFO]   ✓ lucknow / Hazratganj Crossing — CI=0.345  speed=19.0/29.0 km/h
2026-10-08 13:07:14 [INFO]   → Saved 56 records to C:\Users\albus\projects\traffic_congession\data\telemetry\city=ahmedabad\2026-10-08.parquet
2026-10-08 13:07:14 [INFO]   → Saved 133 records to C:\Users\albus\projects\traffic_congession\data\telemetry\city=bengaluru\2026-10-08.parquet
2026-10-08 13:07:14 [INFO]   → Saved 84 records to C:\Users\albus\projects\traffic_congession\data\telemetry\city=chennai\2026-10-08.parquet
2026-10-08 13:07:14 [INFO]   → Saved 133 records to C:\Users\albus\projects\traffic_congession\data\telemetry\city=delhi\2026-10-08.parquet
2026-10-08 13:07:14 [INFO]   → Saved 84 records to C:\Users\albus\projects\traffic_congession\data\telemetry\city=hyderabad\2026-10-08.parquet
2026-10-08 13:07:14 [INFO]   → Saved 56 records to C:\Users\albus\projects\traffic_congession\data\telemetry\city=jaipur\2026-10-08.parquet
2026-10-08 13:07:14 [INFO]   → Saved 28 records to C:\Users\albus\projects\traffic_congession\data\telemetry\city=kochi\2026-10-08.parquet
2026-10-08 13:07:14 [INFO]   → Saved 84 records to C:\Users\albus\projects\traffic_congession\data\telemetry\city=kolkata\2026-10-08.parquet
2026-10-08 13:07:14 [INFO]   → Saved 28 records to C:\Users\albus\projects\traffic_congession\data\telemetry\city=lucknow\2026-10-08.parquet
2026-10-08 13:07:14 [INFO]   → Saved 133 records to C:\Users\albus\projects\traffic_congession\data\telemetry\city=mumbai\2026-10-08.parquet
2026-10-08 13:07:14 [INFO]   → Saved 98 records to C:\Users\albus\projects\traffic_congession\data\telemetry\city=pune\2026-10-08.parquet
2026-10-08 13:07:14 [INFO] Next batch in 5 minutes. Sleeping...
2026-10-08 13:12:14 [INFO] --- Batch start at 13:12:14 ---
2026-10-08 13:12:15 [INFO]   ✓ bengaluru / Silk Board Junction — CI=0.366  speed=26.0/41.0 km/h
2026-10-08 13:12:16 [INFO]   ✓ bengaluru / Marathahalli Bridge — CI=0.257  speed=26.0/35.0 km/h
2026-10-08 13:12:17 [INFO]   ✓ bengaluru / Whitefield Road — CI=0.184  speed=31.0/38.0 km/h
2026-10-08 13:12:18 [INFO]   ✓ bengaluru / Hebbal Flyover — CI=0.240  speed=19.0/25.0 km/h
2026-10-08 13:12:19 [INFO]   ✓ mumbai / Western Express Highway Andheri — CI=0.318  speed=15.0/22.0 km/h
2026-10-08 13:12:19 [INFO]   ✓ mumbai / Eastern Freeway Sewri — CI=0.000  speed=26.0/26.0 km/h
2026-10-08 13:12:20 [INFO]   ✓ mumbai / BKC Bandra Kurla Complex — CI=0.259  speed=20.0/27.0 km/h
2026-10-08 13:12:20 [INFO]   ✓ mumbai / Sion Circle — CI=0.550  speed=9.0/20.0 km/h
2026-10-08 13:12:21 [INFO]   ✓ delhi / Ring Road AIIMS — CI=0.323  speed=21.0/31.0 km/h
2026-10-08 13:12:22 [INFO]   ✓ delhi / DND Flyway Noida Entry — CI=0.000  speed=41.0/41.0 km/h
2026-10-08 13:12:22 [INFO]   ✓ delhi / Cyber City Gurgaon — CI=0.227  speed=34.0/44.0 km/h
2026-10-08 13:12:23 [INFO]   ✓ delhi / ITO Junction — CI=0.346  speed=17.0/26.0 km/h
2026-10-08 13:12:24 [INFO]   ✓ pune / Hinjawadi Phase 1 — CI=0.167  speed=25.0/30.0 km/h
2026-10-08 13:12:25 [INFO]   ✓ pune / FC Road Shivajinagar — CI=0.381  speed=13.0/21.0 km/h
2026-10-08 13:12:25 [INFO]   ✓ pune / Magarpatta City Hadapsar — CI=0.000  speed=31.0/31.0 km/h
2026-10-08 13:12:26 [INFO]   ✓ hyderabad / Hitec City Cyber Towers — CI=0.719  speed=9.0/32.0 km/h
2026-10-08 13:12:26 [INFO]   ✓ hyderabad / Gachibowli Junction — CI=0.194  speed=29.0/36.0 km/h
2026-10-08 13:12:27 [INFO]   ✓ hyderabad / Punjagutta Crossing — CI=0.467  speed=16.0/30.0 km/h
2026-10-08 13:12:28 [INFO]   ✓ chennai / OMR Tidel Park — CI=0.267  speed=22.0/30.0 km/h
2026-10-08 13:12:28 [INFO]   ✓ chennai / Kathipara Junction Guindy — CI=0.188  speed=26.0/32.0 km/h
2026-10-08 13:12:29 [INFO]   ✓ chennai / Anna Nagar Roundtana — CI=0.308  speed=18.0/26.0 km/h
2026-10-08 13:12:30 [INFO]   ✓ kolkata / EM Bypass Science City — CI=0.000  speed=42.0/42.0 km/h
2026-10-08 13:12:30 [INFO]   ✓ kolkata / Park Circus 7-Point Crossing — CI=0.000  speed=48.0/48.0 km/h
2026-10-08 13:12:31 [INFO]   ✓ kolkata / Sector V Salt Lake — CI=0.591  speed=9.0/22.0 km/h
2026-10-08 13:12:31 [INFO]   ✓ ahmedabad / SG Highway ISKCON Cross Road — CI=0.114  speed=31.0/35.0 km/h
2026-10-08 13:12:32 [INFO]   ✓ ahmedabad / Ashram Road Income Tax Circle — CI=0.000  speed=40.0/40.0 km/h
2026-10-08 13:12:33 [INFO]   ✓ jaipur / JLN Marg Jawahar Circle — CI=0.000  speed=44.0/44.0 km/h
2026-10-08 13:12:33 [INFO]   ✓ jaipur / Ajmer Road 200 Feet Bypass — CI=0.229  speed=27.0/35.0 km/h
2026-10-08 13:12:34 [INFO]   ✓ kochi / Edappally Toll Junction — CI=0.000  speed=20.0/20.0 km/h
2026-10-08 13:12:35 [INFO]   ✓ lucknow / Hazratganj Crossing — CI=0.276  speed=21.0/29.0 km/h
2026-10-08 13:12:35 [INFO]   → Saved 58 records to C:\Users\albus\projects\traffic_congession\data\telemetry\city=ahmedabad\2026-10-08.parquet
2026-10-08 13:12:35 [INFO]   → Saved 137 records to C:\Users\albus\projects\traffic_congession\data\telemetry\city=bengaluru\2026-10-08.parquet
2026-10-08 13:12:35 [INFO]   → Saved 87 records to C:\Users\albus\projects\traffic_congession\data\telemetry\city=chennai\2026-10-08.parquet
2026-10-08 13:12:35 [INFO]   → Saved 137 records to C:\Users\albus\projects\traffic_congession\data\telemetry\city=delhi\2026-10-08.parquet
2026-10-08 13:12:35 [INFO]   → Saved 87 records to C:\Users\albus\projects\traffic_congession\data\telemetry\city=hyderabad\2026-10-08.parquet
2026-10-08 13:12:35 [INFO]   → Saved 58 records to C:\Users\albus\projects\traffic_congession\data\telemetry\city=jaipur\2026-10-08.parquet
2026-10-08 13:12:35 [INFO]   → Saved 29 records to C:\Users\albus\projects\traffic_congession\data\telemetry\city=kochi\2026-10-08.parquet
2026-10-08 13:12:35 [INFO]   → Saved 87 records to C:\Users\albus\projects\traffic_congession\data\telemetry\city=kolkata\2026-10-08.parquet
2026-10-08 13:12:35 [INFO]   → Saved 29 records to C:\Users\albus\projects\traffic_congession\data\telemetry\city=lucknow\2026-10-08.parquet
2026-10-08 13:12:35 [INFO]   → Saved 137 records to C:\Users\albus\projects\traffic_congession\data\telemetry\city=mumbai\2026-10-08.parquet
2026-10-08 13:12:35 [INFO]   → Saved 101 records to C:\Users\albus\projects\traffic_congession\data\telemetry\city=pune\2026-10-08.parquet
2026-10-08 13:12:35 [INFO] Next batch in 5 minutes. Sleeping...
2026-10-08 13:17:35 [INFO] --- Batch start at 13:17:35 ---
2026-10-08 13:17:35 [INFO]   ✓ bengaluru / Silk Board Junction — CI=0.537  speed=19.0/41.0 km/h
2026-10-08 13:17:36 [INFO]   ✓ bengaluru / Marathahalli Bridge — CI=0.257  speed=26.0/35.0 km/h
2026-10-08 13:17:37 [INFO]   ✓ bengaluru / Whitefield Road — CI=0.158  speed=32.0/38.0 km/h
2026-10-08 13:17:38 [INFO]   ✓ bengaluru / Hebbal Flyover — CI=0.231  speed=20.0/26.0 km/h
2026-10-08 13:17:39 [INFO]   ✓ mumbai / Western Express Highway Andheri — CI=0.273  speed=16.0/22.0 km/h
2026-10-08 13:17:39 [INFO]   ✓ mumbai / Eastern Freeway Sewri — CI=0.000  speed=26.0/26.0 km/h
2026-10-08 13:17:41 [INFO]   ✓ mumbai / BKC Bandra Kurla Complex — CI=0.296  speed=19.0/27.0 km/h
2026-10-08 13:17:42 [INFO]   ✓ mumbai / Sion Circle — CI=0.400  speed=12.0/20.0 km/h
2026-10-08 13:17:43 [INFO]   ✓ delhi / Ring Road AIIMS — CI=0.355  speed=20.0/31.0 km/h
2026-10-08 13:17:44 [INFO]   ✓ delhi / DND Flyway Noida Entry — CI=0.146  speed=35.0/41.0 km/h
2026-10-08 13:17:44 [INFO]   ✓ delhi / Cyber City Gurgaon — CI=0.200  speed=36.0/45.0 km/h
2026-10-08 13:17:45 [INFO]   ✓ delhi / ITO Junction — CI=0.357  speed=18.0/28.0 km/h
2026-10-08 13:17:46 [INFO]   ✓ pune / Hinjawadi Phase 1 — CI=0.200  speed=24.0/30.0 km/h
2026-10-08 13:17:47 [INFO]   ✓ pune / FC Road Shivajinagar — CI=0.364  speed=14.0/22.0 km/h
2026-10-08 13:17:48 [INFO]   ✓ pune / Magarpatta City Hadapsar — CI=0.000  speed=31.0/31.0 km/h
2026-10-08 13:17:48 [INFO]   ✓ hyderabad / Hitec City Cyber Towers — CI=0.600  speed=12.0/30.0 km/h
2026-10-08 13:17:49 [INFO]   ✓ hyderabad / Gachibowli Junction — CI=0.000  speed=37.0/37.0 km/h
2026-10-08 13:17:50 [INFO]   ✓ hyderabad / Punjagutta Crossing — CI=0.484  speed=16.0/31.0 km/h
2026-10-08 13:17:50 [INFO]   ✓ chennai / OMR Tidel Park — CI=0.241  speed=22.0/29.0 km/h
2026-10-08 13:17:51 [INFO]   ✓ chennai / Kathipara Junction Guindy — CI=0.000  speed=33.0/33.0 km/h
2026-10-08 13:17:52 [INFO]   ✓ chennai / Anna Nagar Roundtana — CI=0.333  speed=18.0/27.0 km/h
2026-10-08 13:17:52 [INFO]   ✓ kolkata / EM Bypass Science City — CI=0.000  speed=42.0/42.0 km/h
2026-10-08 13:17:53 [INFO]   ✓ kolkata / Park Circus 7-Point Crossing — CI=0.000  speed=48.0/48.0 km/h
2026-10-08 13:17:55 [INFO]   ✓ kolkata / Sector V Salt Lake — CI=0.591  speed=9.0/22.0 km/h
2026-10-08 13:17:55 [INFO]   ✓ ahmedabad / SG Highway ISKCON Cross Road — CI=0.056  speed=34.0/36.0 km/h
2026-10-08 13:17:56 [INFO]   ✓ ahmedabad / Ashram Road Income Tax Circle — CI=0.000  speed=40.0/40.0 km/h
2026-10-08 13:17:57 [INFO]   ✓ jaipur / JLN Marg Jawahar Circle — CI=0.000  speed=44.0/44.0 km/h
2026-10-08 13:17:58 [INFO]   ✓ jaipur / Ajmer Road 200 Feet Bypass — CI=0.257  speed=26.0/35.0 km/h
2026-10-08 13:17:58 [INFO]   ✓ kochi / Edappally Toll Junction — CI=0.000  speed=20.0/20.0 km/h
2026-10-08 13:17:59 [INFO]   ✓ lucknow / Hazratganj Crossing — CI=0.310  speed=20.0/29.0 km/h
2026-10-08 13:17:59 [INFO]   → Saved 60 records to C:\Users\albus\projects\traffic_congession\data\telemetry\city=ahmedabad\2026-10-08.parquet
2026-10-08 13:17:59 [INFO]   → Saved 141 records to C:\Users\albus\projects\traffic_congession\data\telemetry\city=bengaluru\2026-10-08.parquet
2026-10-08 13:17:59 [INFO]   → Saved 90 records to C:\Users\albus\projects\traffic_congession\data\telemetry\city=chennai\2026-10-08.parquet
2026-10-08 13:17:59 [INFO]   → Saved 141 records to C:\Users\albus\projects\traffic_congession\data\telemetry\city=delhi\2026-10-08.parquet
2026-10-08 13:17:59 [INFO]   → Saved 90 records to C:\Users\albus\projects\traffic_congession\data\telemetry\city=hyderabad\2026-10-08.parquet
2026-10-08 13:17:59 [INFO]   → Saved 60 records to C:\Users\albus\projects\traffic_congession\data\telemetry\city=jaipur\2026-10-08.parquet
2026-10-08 13:17:59 [INFO]   → Saved 30 records to C:\Users\albus\projects\traffic_congession\data\telemetry\city=kochi\2026-10-08.parquet
2026-10-08 13:17:59 [INFO]   → Saved 90 records to C:\Users\albus\projects\traffic_congession\data\telemetry\city=kolkata\2026-10-08.parquet
2026-10-08 13:17:59 [INFO]   → Saved 30 records to C:\Users\albus\projects\traffic_congession\data\telemetry\city=lucknow\2026-10-08.parquet
2026-10-08 13:17:59 [INFO]   → Saved 141 records to C:\Users\albus\projects\traffic_congession\data\telemetry\city=mumbai\2026-10-08.parquet
2026-10-08 13:17:59 [INFO]   → Saved 104 records to C:\Users\albus\projects\traffic_congession\data\telemetry\city=pune\2026-10-08.parquet
2026-10-08 13:17:59 [INFO] Next batch in 5 minutes. Sleeping...
2026-10-08 13:22:59 [INFO] --- Batch start at 13:22:59 ---
2026-10-08 13:23:00 [INFO]   ✓ bengaluru / Silk Board Junction — CI=0.268  speed=30.0/41.0 km/h
2026-10-08 13:23:01 [INFO]   ✓ bengaluru / Marathahalli Bridge — CI=0.229  speed=27.0/35.0 km/h
2026-10-08 13:23:02 [INFO]   ✓ bengaluru / Whitefield Road — CI=0.162  speed=31.0/37.0 km/h
2026-10-08 13:23:03 [INFO]   ✓ bengaluru / Hebbal Flyover — CI=0.269  speed=19.0/26.0 km/h
2026-10-08 13:23:04 [INFO]   ✓ mumbai / Western Express Highway Andheri — CI=0.318  speed=15.0/22.0 km/h
2026-10-08 13:23:04 [INFO]   ✓ mumbai / Eastern Freeway Sewri — CI=0.077  speed=24.0/26.0 km/h
2026-10-08 13:23:05 [INFO]   ✓ mumbai / BKC Bandra Kurla Complex — CI=0.300  speed=21.0/30.0 km/h
2026-10-08 13:23:07 [INFO]   ✓ mumbai / Sion Circle — CI=0.421  speed=11.0/19.0 km/h
2026-10-08 13:23:09 [INFO]   ✓ delhi / Ring Road AIIMS — CI=0.290  speed=22.0/31.0 km/h
2026-10-08 13:23:13 [INFO]   ✓ delhi / DND Flyway Noida Entry — CI=0.000  speed=41.0/41.0 km/h
2026-10-08 13:23:14 [INFO]   ✓ delhi / Cyber City Gurgaon — CI=0.205  speed=35.0/44.0 km/h
2026-10-08 13:23:16 [INFO]   ✓ delhi / ITO Junction — CI=0.333  speed=18.0/27.0 km/h
2026-10-08 13:23:18 [INFO]   ✓ pune / Hinjawadi Phase 1 — CI=0.172  speed=24.0/29.0 km/h
2026-10-08 13:23:19 [INFO]   ✓ pune / FC Road Shivajinagar — CI=0.333  speed=14.0/21.0 km/h
2026-10-08 13:23:22 [INFO]   ✓ pune / Magarpatta City Hadapsar — CI=0.000  speed=31.0/31.0 km/h
2026-10-08 13:23:24 [INFO]   ✓ hyderabad / Hitec City Cyber Towers — CI=0.656  speed=11.0/32.0 km/h
2026-10-08 13:23:26 [INFO]   ✓ hyderabad / Gachibowli Junction — CI=0.194  speed=29.0/36.0 km/h
2026-10-08 13:23:28 [INFO]   ✓ hyderabad / Punjagutta Crossing — CI=0.419  speed=18.0/31.0 km/h
2026-10-08 13:23:29 [INFO]   ✓ chennai / OMR Tidel Park — CI=0.267  speed=22.0/30.0 km/h
2026-10-08 13:23:30 [INFO]   ✓ chennai / Kathipara Junction Guindy — CI=0.000  speed=33.0/33.0 km/h
2026-10-08 13:23:30 [INFO]   ✓ chennai / Anna Nagar Roundtana — CI=0.308  speed=18.0/26.0 km/h
2026-10-08 13:23:31 [INFO]   ✓ kolkata / EM Bypass Science City — CI=0.000  speed=42.0/42.0 km/h
2026-10-08 13:23:32 [INFO]   ✓ kolkata / Park Circus 7-Point Crossing — CI=0.000  speed=48.0/48.0 km/h
2026-10-08 13:23:33 [INFO]   ✓ kolkata / Sector V Salt Lake — CI=0.476  speed=11.0/21.0 km/h
2026-10-08 13:23:34 [INFO]   ✓ ahmedabad / SG Highway ISKCON Cross Road — CI=0.057  speed=33.0/35.0 km/h
2026-10-08 13:23:34 [INFO]   ✓ ahmedabad / Ashram Road Income Tax Circle — CI=0.000  speed=40.0/40.0 km/h
2026-10-08 13:23:35 [INFO]   ✓ jaipur / JLN Marg Jawahar Circle — CI=0.000  speed=44.0/44.0 km/h
2026-10-08 13:23:36 [INFO]   ✓ jaipur / Ajmer Road 200 Feet Bypass — CI=0.306  speed=25.0/36.0 km/h
2026-10-08 13:23:36 [INFO]   ✓ kochi / Edappally Toll Junction — CI=0.000  speed=20.0/20.0 km/h
2026-10-08 13:23:37 [INFO]   ✓ lucknow / Hazratganj Crossing — CI=0.345  speed=19.0/29.0 km/h
2026-10-08 13:23:37 [INFO]   → Saved 62 records to C:\Users\albus\projects\traffic_congession\data\telemetry\city=ahmedabad\2026-10-08.parquet
2026-10-08 13:23:37 [INFO]   → Saved 145 records to C:\Users\albus\projects\traffic_congession\data\telemetry\city=bengaluru\2026-10-08.parquet
2026-10-08 13:23:37 [INFO]   → Saved 93 records to C:\Users\albus\projects\traffic_congession\data\telemetry\city=chennai\2026-10-08.parquet
2026-10-08 13:23:37 [INFO]   → Saved 145 records to C:\Users\albus\projects\traffic_congession\data\telemetry\city=delhi\2026-10-08.parquet
2026-10-08 13:23:37 [INFO]   → Saved 93 records to C:\Users\albus\projects\traffic_congession\data\telemetry\city=hyderabad\2026-10-08.parquet
2026-10-08 13:23:37 [INFO]   → Saved 62 records to C:\Users\albus\projects\traffic_congession\data\telemetry\city=jaipur\2026-10-08.parquet
2026-10-08 13:23:37 [INFO]   → Saved 31 records to C:\Users\albus\projects\traffic_congession\data\telemetry\city=kochi\2026-10-08.parquet
2026-10-08 13:23:37 [INFO]   → Saved 93 records to C:\Users\albus\projects\traffic_congession\data\telemetry\city=kolkata\2026-10-08.parquet
2026-10-08 13:23:37 [INFO]   → Saved 31 records to C:\Users\albus\projects\traffic_congession\data\telemetry\city=lucknow\2026-10-08.parquet
2026-10-08 13:23:37 [INFO]   → Saved 145 records to C:\Users\albus\projects\traffic_congession\data\telemetry\city=mumbai\2026-10-08.parquet
2026-10-08 13:23:37 [INFO]   → Saved 107 records to C:\Users\albus\projects\traffic_congession\data\telemetry\city=pune\2026-10-08.parquet
2026-10-08 13:23:37 [INFO] Next batch in 5 minutes. Sleeping...
2026-10-08 13:28:37 [INFO] --- Batch start at 13:28:37 ---
2026-10-08 13:28:38 [INFO]   ✓ bengaluru / Silk Board Junction — CI=0.214  speed=33.0/42.0 km/h
2026-10-08 13:28:39 [INFO]   ✓ bengaluru / Marathahalli Bridge — CI=0.229  speed=27.0/35.0 km/h
2026-10-08 13:28:40 [INFO]   ✓ bengaluru / Whitefield Road — CI=0.211  speed=30.0/38.0 km/h
2026-10-08 13:28:41 [INFO]   ✓ bengaluru / Hebbal Flyover — CI=0.231  speed=20.0/26.0 km/h
2026-10-08 13:28:42 [INFO]   ✓ mumbai / Western Express Highway Andheri — CI=0.318  speed=15.0/22.0 km/h
2026-10-08 13:28:42 [INFO]   ✓ mumbai / Eastern Freeway Sewri — CI=0.000  speed=26.0/26.0 km/h
2026-10-08 13:28:43 [INFO]   ✓ mumbai / BKC Bandra Kurla Complex — CI=0.286  speed=20.0/28.0 km/h
2026-10-08 13:28:43 [INFO]   ✓ mumbai / Sion Circle — CI=0.368  speed=12.0/19.0 km/h
2026-10-08 13:28:44 [INFO]   ✓ delhi / Ring Road AIIMS — CI=0.323  speed=21.0/31.0 km/h
2026-10-08 13:28:45 [INFO]   ✓ delhi / DND Flyway Noida Entry — CI=0.000  speed=41.0/41.0 km/h
2026-10-08 13:28:45 [INFO]   ✓ delhi / Cyber City Gurgaon — CI=0.227  speed=34.0/44.0 km/h
2026-10-08 13:28:46 [INFO]   ✓ delhi / ITO Junction — CI=0.462  speed=14.0/26.0 km/h
2026-10-08 13:28:47 [INFO]   ✓ pune / Hinjawadi Phase 1 — CI=0.167  speed=25.0/30.0 km/h
2026-10-08 13:28:48 [INFO]   ✓ pune / FC Road Shivajinagar — CI=0.381  speed=13.0/21.0 km/h
2026-10-08 13:28:48 [INFO]   ✓ pune / Magarpatta City Hadapsar — CI=0.000  speed=31.0/31.0 km/h
2026-10-08 13:28:49 [INFO]   ✓ hyderabad / Hitec City Cyber Towers — CI=0.567  speed=13.0/30.0 km/h
2026-10-08 13:28:50 [INFO]   ✓ hyderabad / Gachibowli Junction — CI=0.200  speed=28.0/35.0 km/h
2026-10-08 13:28:51 [INFO]   ✓ hyderabad / Punjagutta Crossing — CI=0.355  speed=20.0/31.0 km/h
2026-10-08 13:28:52 [INFO]   ✓ chennai / OMR Tidel Park — CI=0.233  speed=23.0/30.0 km/h
2026-10-08 13:28:52 [INFO]   ✓ chennai / Kathipara Junction Guindy — CI=0.000  speed=33.0/33.0 km/h
2026-10-08 13:28:53 [INFO]   ✓ chennai / Anna Nagar Roundtana — CI=0.308  speed=18.0/26.0 km/h
2026-10-08 13:28:54 [INFO]   ✓ kolkata / EM Bypass Science City — CI=0.000  speed=42.0/42.0 km/h
2026-10-08 13:28:54 [INFO]   ✓ kolkata / Park Circus 7-Point Crossing — CI=0.000  speed=48.0/48.0 km/h
2026-10-08 13:28:55 [INFO]   ✓ kolkata / Sector V Salt Lake — CI=0.455  speed=12.0/22.0 km/h
2026-10-08 13:28:55 [INFO]   ✓ ahmedabad / SG Highway ISKCON Cross Road — CI=0.114  speed=31.0/35.0 km/h
2026-10-08 13:28:56 [INFO]   ✓ ahmedabad / Ashram Road Income Tax Circle — CI=0.000  speed=40.0/40.0 km/h
2026-10-08 13:28:57 [INFO]   ✓ jaipur / JLN Marg Jawahar Circle — CI=0.000  speed=44.0/44.0 km/h
2026-10-08 13:28:57 [INFO]   ✓ jaipur / Ajmer Road 200 Feet Bypass — CI=0.229  speed=27.0/35.0 km/h
2026-10-08 13:28:58 [INFO]   ✓ kochi / Edappally Toll Junction — CI=0.000  speed=20.0/20.0 km/h
2026-10-08 13:28:59 [INFO]   ✓ lucknow / Hazratganj Crossing — CI=0.345  speed=19.0/29.0 km/h
2026-10-08 13:28:59 [INFO]   → Saved 64 records to C:\Users\albus\projects\traffic_congession\data\telemetry\city=ahmedabad\2026-10-08.parquet
2026-10-08 13:28:59 [INFO]   → Saved 149 records to C:\Users\albus\projects\traffic_congession\data\telemetry\city=bengaluru\2026-10-08.parquet
2026-10-08 13:28:59 [INFO]   → Saved 96 records to C:\Users\albus\projects\traffic_congession\data\telemetry\city=chennai\2026-10-08.parquet
2026-10-08 13:28:59 [INFO]   → Saved 149 records to C:\Users\albus\projects\traffic_congession\data\telemetry\city=delhi\2026-10-08.parquet
2026-10-08 13:28:59 [INFO]   → Saved 96 records to C:\Users\albus\projects\traffic_congession\data\telemetry\city=hyderabad\2026-10-08.parquet
2026-10-08 13:28:59 [INFO]   → Saved 64 records to C:\Users\albus\projects\traffic_congession\data\telemetry\city=jaipur\2026-10-08.parquet
2026-10-08 13:28:59 [INFO]   → Saved 32 records to C:\Users\albus\projects\traffic_congession\data\telemetry\city=kochi\2026-10-08.parquet
2026-10-08 13:28:59 [INFO]   → Saved 96 records to C:\Users\albus\projects\traffic_congession\data\telemetry\city=kolkata\2026-10-08.parquet
2026-10-08 13:28:59 [INFO]   → Saved 32 records to C:\Users\albus\projects\traffic_congession\data\telemetry\city=lucknow\2026-10-08.parquet
2026-10-08 13:28:59 [INFO]   → Saved 149 records to C:\Users\albus\projects\traffic_congession\data\telemetry\city=mumbai\2026-10-08.parquet
2026-10-08 13:28:59 [INFO]   → Saved 110 records to C:\Users\albus\projects\traffic_congession\data\telemetry\city=pune\2026-10-08.parquet
2026-10-08 13:28:59 [INFO] Next batch in 5 minutes. Sleeping...
2026-10-08 13:33:59 [INFO] --- Batch start at 13:33:59 ---
2026-10-08 13:34:01 [INFO]   ✓ bengaluru / Silk Board Junction — CI=0.000  speed=42.0/42.0 km/h
2026-10-08 13:34:02 [INFO]   ✓ bengaluru / Marathahalli Bridge — CI=0.306  speed=25.0/36.0 km/h
2026-10-08 13:34:03 [INFO]   ✓ bengaluru / Whitefield Road — CI=0.184  speed=31.0/38.0 km/h
2026-10-08 13:34:04 [INFO]   ✓ bengaluru / Hebbal Flyover — CI=0.192  speed=21.0/26.0 km/h
2026-10-08 13:34:04 [INFO]   ✓ mumbai / Western Express Highway Andheri — CI=0.318  speed=15.0/22.0 km/h
2026-10-08 13:34:05 [INFO]   ✓ mumbai / Eastern Freeway Sewri — CI=0.000  speed=26.0/26.0 km/h
2026-10-08 13:34:06 [INFO]   ✓ mumbai / BKC Bandra Kurla Complex — CI=0.321  speed=19.0/28.0 km/h
2026-10-08 13:34:07 [INFO]   ✓ mumbai / Sion Circle — CI=0.222  speed=14.0/18.0 km/h
2026-10-08 13:34:07 [INFO]   ✓ delhi / Ring Road AIIMS — CI=0.290  speed=22.0/31.0 km/h
2026-10-08 13:34:08 [INFO]   ✓ delhi / DND Flyway Noida Entry — CI=0.146  speed=35.0/41.0 km/h
2026-10-08 13:34:09 [INFO]   ✓ delhi / Cyber City Gurgaon — CI=0.227  speed=34.0/44.0 km/h
2026-10-08 13:34:10 [INFO]   ✓ delhi / ITO Junction — CI=0.462  speed=14.0/26.0 km/h
2026-10-08 13:34:11 [INFO]   ✓ pune / Hinjawadi Phase 1 — CI=0.167  speed=25.0/30.0 km/h
2026-10-08 13:34:12 [INFO]   ✓ pune / FC Road Shivajinagar — CI=0.318  speed=15.0/22.0 km/h
2026-10-08 13:34:12 [INFO]   ✓ pune / Magarpatta City Hadapsar — CI=0.000  speed=31.0/31.0 km/h
2026-10-08 13:34:13 [INFO]   ✓ hyderabad / Hitec City Cyber Towers — CI=0.594  speed=13.0/32.0 km/h
2026-10-08 13:34:14 [INFO]   ✓ hyderabad / Gachibowli Junction — CI=0.167  speed=30.0/36.0 km/h
2026-10-08 13:34:15 [INFO]   ✓ hyderabad / Punjagutta Crossing — CI=0.355  speed=20.0/31.0 km/h
2026-10-08 13:34:15 [INFO]   ✓ chennai / OMR Tidel Park — CI=0.241  speed=22.0/29.0 km/h
2026-10-08 13:34:16 [INFO]   ✓ chennai / Kathipara Junction Guindy — CI=0.000  speed=33.0/33.0 km/h
2026-10-08 13:34:17 [INFO]   ✓ chennai / Anna Nagar Roundtana — CI=0.269  speed=19.0/26.0 km/h
2026-10-08 13:34:17 [INFO]   ✓ kolkata / EM Bypass Science City — CI=0.000  speed=42.0/42.0 km/h
2026-10-08 13:34:18 [INFO]   ✓ kolkata / Park Circus 7-Point Crossing — CI=0.000  speed=48.0/48.0 km/h
2026-10-08 13:34:19 [INFO]   ✓ kolkata / Sector V Salt Lake — CI=0.364  speed=14.0/22.0 km/h
2026-10-08 13:34:19 [INFO]   ✓ ahmedabad / SG Highway ISKCON Cross Road — CI=0.083  speed=33.0/36.0 km/h
2026-10-08 13:34:20 [INFO]   ✓ ahmedabad / Ashram Road Income Tax Circle — CI=0.000  speed=40.0/40.0 km/h
2026-10-08 13:34:21 [INFO]   ✓ jaipur / JLN Marg Jawahar Circle — CI=0.000  speed=44.0/44.0 km/h
2026-10-08 13:34:22 [INFO]   ✓ jaipur / Ajmer Road 200 Feet Bypass — CI=0.257  speed=26.0/35.0 km/h
2026-10-08 13:34:22 [INFO]   ✓ kochi / Edappally Toll Junction — CI=0.250  speed=15.0/20.0 km/h
2026-10-08 13:34:23 [INFO]   ✓ lucknow / Hazratganj Crossing — CI=0.367  speed=19.0/30.0 km/h
2026-10-08 13:34:23 [INFO]   → Saved 66 records to C:\Users\albus\projects\traffic_congession\data\telemetry\city=ahmedabad\2026-10-08.parquet
2026-10-08 13:34:23 [INFO]   → Saved 153 records to C:\Users\albus\projects\traffic_congession\data\telemetry\city=bengaluru\2026-10-08.parquet
2026-10-08 13:34:23 [INFO]   → Saved 99 records to C:\Users\albus\projects\traffic_congession\data\telemetry\city=chennai\2026-10-08.parquet
2026-10-08 13:34:23 [INFO]   → Saved 153 records to C:\Users\albus\projects\traffic_congession\data\telemetry\city=delhi\2026-10-08.parquet
2026-10-08 13:34:23 [INFO]   → Saved 99 records to C:\Users\albus\projects\traffic_congession\data\telemetry\city=hyderabad\2026-10-08.parquet
2026-10-08 13:34:23 [INFO]   → Saved 66 records to C:\Users\albus\projects\traffic_congession\data\telemetry\city=jaipur\2026-10-08.parquet
2026-10-08 13:34:23 [INFO]   → Saved 33 records to C:\Users\albus\projects\traffic_congession\data\telemetry\city=kochi\2026-10-08.parquet
2026-10-08 13:34:24 [INFO]   → Saved 99 records to C:\Users\albus\projects\traffic_congession\data\telemetry\city=kolkata\2026-10-08.parquet
2026-10-08 13:34:24 [INFO]   → Saved 33 records to C:\Users\albus\projects\traffic_congession\data\telemetry\city=lucknow\2026-10-08.parquet
2026-10-08 13:34:24 [INFO]   → Saved 153 records to C:\Users\albus\projects\traffic_congession\data\telemetry\city=mumbai\2026-10-08.parquet
2026-10-08 13:34:24 [INFO]   → Saved 113 records to C:\Users\albus\projects\traffic_congession\data\telemetry\city=pune\2026-10-08.parquet
2026-10-08 13:34:24 [INFO] Next batch in 5 minutes. Sleeping...
2026-10-08 13:39:24 [INFO] --- Batch start at 13:39:24 ---
2026-10-08 13:39:24 [INFO]   ✓ bengaluru / Silk Board Junction — CI=0.310  speed=29.0/42.0 km/h
2026-10-08 13:39:25 [INFO]   ✓ bengaluru / Marathahalli Bridge — CI=0.286  speed=25.0/35.0 km/h
2026-10-08 13:39:26 [INFO]   ✓ bengaluru / Whitefield Road — CI=0.158  speed=32.0/38.0 km/h
2026-10-08 13:39:28 [INFO]   ✓ bengaluru / Hebbal Flyover — CI=0.231  speed=20.0/26.0 km/h
2026-10-08 13:39:29 [INFO]   ✓ mumbai / Western Express Highway Andheri — CI=0.318  speed=15.0/22.0 km/h
2026-10-08 13:39:29 [INFO]   ✓ mumbai / Eastern Freeway Sewri — CI=0.000  speed=26.0/26.0 km/h
2026-10-08 13:39:30 [INFO]   ✓ mumbai / BKC Bandra Kurla Complex — CI=0.179  speed=23.0/28.0 km/h
2026-10-08 13:39:31 [INFO]   ✓ mumbai / Sion Circle — CI=0.250  speed=15.0/20.0 km/h
2026-10-08 13:39:31 [INFO]   ✓ delhi / Ring Road AIIMS — CI=0.355  speed=20.0/31.0 km/h
2026-10-08 13:39:32 [INFO]   ✓ delhi / DND Flyway Noida Entry — CI=0.146  speed=35.0/41.0 km/h
2026-10-08 13:39:33 [INFO]   ✓ delhi / Cyber City Gurgaon — CI=0.250  speed=33.0/44.0 km/h
2026-10-08 13:39:34 [INFO]   ✓ delhi / ITO Junction — CI=0.444  speed=15.0/27.0 km/h
2026-10-08 13:39:35 [INFO]   ✓ pune / Hinjawadi Phase 1 — CI=0.200  speed=24.0/30.0 km/h
2026-10-08 13:39:35 [INFO]   ✓ pune / FC Road Shivajinagar — CI=0.409  speed=13.0/22.0 km/h
2026-10-08 13:39:36 [INFO]   ✓ pune / Magarpatta City Hadapsar — CI=0.000  speed=31.0/31.0 km/h
2026-10-08 13:39:37 [INFO]   ✓ hyderabad / Hitec City Cyber Towers — CI=0.600  speed=12.0/30.0 km/h
2026-10-08 13:39:37 [INFO]   ✓ hyderabad / Gachibowli Junction — CI=0.194  speed=29.0/36.0 km/h
2026-10-08 13:39:38 [INFO]   ✓ hyderabad / Punjagutta Crossing — CI=0.433  speed=17.0/30.0 km/h
2026-10-08 13:39:39 [INFO]   ✓ chennai / OMR Tidel Park — CI=0.258  speed=23.0/31.0 km/h
2026-10-08 13:39:39 [INFO]   ✓ chennai / Kathipara Junction Guindy — CI=0.188  speed=26.0/32.0 km/h
2026-10-08 13:39:40 [INFO]   ✓ chennai / Anna Nagar Roundtana — CI=0.115  speed=23.0/26.0 km/h
2026-10-08 13:39:41 [INFO]   ✓ kolkata / EM Bypass Science City — CI=0.000  speed=42.0/42.0 km/h
2026-10-08 13:39:42 [INFO]   ✓ kolkata / Park Circus 7-Point Crossing — CI=0.000  speed=48.0/48.0 km/h
2026-10-08 13:39:42 [INFO]   ✓ kolkata / Sector V Salt Lake — CI=0.381  speed=13.0/21.0 km/h
2026-10-08 13:39:43 [INFO]   ✓ ahmedabad / SG Highway ISKCON Cross Road — CI=0.139  speed=31.0/36.0 km/h
2026-10-08 13:39:44 [INFO]   ✓ ahmedabad / Ashram Road Income Tax Circle — CI=0.000  speed=40.0/40.0 km/h
2026-10-08 13:39:44 [INFO]   ✓ jaipur / JLN Marg Jawahar Circle — CI=0.000  speed=44.0/44.0 km/h
2026-10-08 13:39:45 [INFO]   ✓ jaipur / Ajmer Road 200 Feet Bypass — CI=0.250  speed=27.0/36.0 km/h
2026-10-08 13:39:45 [INFO]   ✓ kochi / Edappally Toll Junction — CI=0.000  speed=20.0/20.0 km/h
2026-10-08 13:39:46 [INFO]   ✓ lucknow / Hazratganj Crossing — CI=0.345  speed=19.0/29.0 km/h
2026-10-08 13:39:46 [INFO]   → Saved 68 records to C:\Users\albus\projects\traffic_congession\data\telemetry\city=ahmedabad\2026-10-08.parquet
2026-10-08 13:39:46 [INFO]   → Saved 157 records to C:\Users\albus\projects\traffic_congession\data\telemetry\city=bengaluru\2026-10-08.parquet
2026-10-08 13:39:46 [INFO]   → Saved 102 records to C:\Users\albus\projects\traffic_congession\data\telemetry\city=chennai\2026-10-08.parquet
2026-10-08 13:39:46 [INFO]   → Saved 157 records to C:\Users\albus\projects\traffic_congession\data\telemetry\city=delhi\2026-10-08.parquet
2026-10-08 13:39:46 [INFO]   → Saved 102 records to C:\Users\albus\projects\traffic_congession\data\telemetry\city=hyderabad\2026-10-08.parquet
2026-10-08 13:39:46 [INFO]   → Saved 68 records to C:\Users\albus\projects\traffic_congession\data\telemetry\city=jaipur\2026-10-08.parquet
2026-10-08 13:39:46 [INFO]   → Saved 34 records to C:\Users\albus\projects\traffic_congession\data\telemetry\city=kochi\2026-10-08.parquet
2026-10-08 13:39:46 [INFO]   → Saved 102 records to C:\Users\albus\projects\traffic_congession\data\telemetry\city=kolkata\2026-10-08.parquet
2026-10-08 13:39:46 [INFO]   → Saved 34 records to C:\Users\albus\projects\traffic_congession\data\telemetry\city=lucknow\2026-10-08.parquet
2026-10-08 13:39:46 [INFO]   → Saved 157 records to C:\Users\albus\projects\traffic_congession\data\telemetry\city=mumbai\2026-10-08.parquet
2026-10-08 13:39:46 [INFO]   → Saved 116 records to C:\Users\albus\projects\traffic_congession\data\telemetry\city=pune\2026-10-08.parquet
2026-10-08 13:39:46 [INFO] Next batch in 5 minutes. Sleeping...
2026-10-08 13:44:46 [INFO] --- Batch start at 13:44:46 ---
2026-10-08 13:44:47 [INFO]   ✓ bengaluru / Silk Board Junction — CI=0.310  speed=29.0/42.0 km/h
2026-10-08 13:44:48 [INFO]   ✓ bengaluru / Marathahalli Bridge — CI=0.229  speed=27.0/35.0 km/h
2026-10-08 13:44:49 [INFO]   ✓ bengaluru / Whitefield Road — CI=0.132  speed=33.0/38.0 km/h
2026-10-08 13:44:50 [INFO]   ✓ bengaluru / Hebbal Flyover — CI=0.231  speed=20.0/26.0 km/h
2026-10-08 13:44:51 [INFO]   ✓ mumbai / Western Express Highway Andheri — CI=0.318  speed=15.0/22.0 km/h
2026-10-08 13:44:51 [INFO]   ✓ mumbai / Eastern Freeway Sewri — CI=0.000  speed=26.0/26.0 km/h
2026-10-08 13:44:52 [INFO]   ✓ mumbai / BKC Bandra Kurla Complex — CI=0.333  speed=18.0/27.0 km/h
2026-10-08 13:44:52 [INFO]   ✓ mumbai / Sion Circle — CI=0.368  speed=12.0/19.0 km/h
2026-10-08 13:44:53 [INFO]   ✓ delhi / Ring Road AIIMS — CI=0.323  speed=21.0/31.0 km/h
2026-10-08 13:44:54 [INFO]   ✓ delhi / DND Flyway Noida Entry — CI=0.000  speed=41.0/41.0 km/h
2026-10-08 13:44:55 [INFO]   ✓ delhi / Cyber City Gurgaon — CI=0.000  speed=45.0/45.0 km/h
2026-10-08 13:44:55 [INFO]   ✓ delhi / ITO Junction — CI=0.462  speed=14.0/26.0 km/h
2026-10-08 13:44:56 [INFO]   ✓ pune / Hinjawadi Phase 1 — CI=0.138  speed=25.0/29.0 km/h
2026-10-08 13:44:57 [INFO]   ✓ pune / FC Road Shivajinagar — CI=0.286  speed=15.0/21.0 km/h
2026-10-08 13:44:58 [INFO]   ✓ pune / Magarpatta City Hadapsar — CI=0.000  speed=31.0/31.0 km/h
2026-10-08 13:44:58 [INFO]   ✓ hyderabad / Hitec City Cyber Towers — CI=0.710  speed=9.0/31.0 km/h
2026-10-08 13:44:59 [INFO]   ✓ hyderabad / Gachibowli Junction — CI=0.167  speed=30.0/36.0 km/h
2026-10-08 13:44:59 [INFO]   ✓ hyderabad / Punjagutta Crossing — CI=0.400  speed=18.0/30.0 km/h
2026-10-08 13:45:00 [INFO]   ✓ chennai / OMR Tidel Park — CI=0.267  speed=22.0/30.0 km/h
2026-10-08 13:45:01 [INFO]   ✓ chennai / Kathipara Junction Guindy — CI=0.000  speed=33.0/33.0 km/h
2026-10-08 13:45:01 [INFO]   ✓ chennai / Anna Nagar Roundtana — CI=0.148  speed=23.0/27.0 km/h
2026-10-08 13:45:02 [INFO]   ✓ kolkata / EM Bypass Science City — CI=0.093  speed=39.0/43.0 km/h
2026-10-08 13:45:03 [INFO]   ✓ kolkata / Park Circus 7-Point Crossing — CI=0.000  speed=48.0/48.0 km/h
2026-10-08 13:45:04 [INFO]   ✓ kolkata / Sector V Salt Lake — CI=0.381  speed=13.0/21.0 km/h
2026-10-08 13:45:04 [INFO]   ✓ ahmedabad / SG Highway ISKCON Cross Road — CI=0.088  speed=31.0/34.0 km/h
2026-10-08 13:45:05 [INFO]   ✓ ahmedabad / Ashram Road Income Tax Circle — CI=0.000  speed=40.0/40.0 km/h
2026-10-08 13:45:06 [INFO]   ✓ jaipur / JLN Marg Jawahar Circle — CI=0.000  speed=44.0/44.0 km/h
2026-10-08 13:45:07 [INFO]   ✓ jaipur / Ajmer Road 200 Feet Bypass — CI=0.278  speed=26.0/36.0 km/h
2026-10-08 13:45:07 [INFO]   ✓ kochi / Edappally Toll Junction — CI=0.000  speed=20.0/20.0 km/h
2026-10-08 13:45:08 [INFO]   ✓ lucknow / Hazratganj Crossing — CI=0.367  speed=19.0/30.0 km/h
2026-10-08 13:45:08 [INFO]   → Saved 70 records to C:\Users\albus\projects\traffic_congession\data\telemetry\city=ahmedabad\2026-10-08.parquet
2026-10-08 13:45:08 [INFO]   → Saved 161 records to C:\Users\albus\projects\traffic_congession\data\telemetry\city=bengaluru\2026-10-08.parquet
2026-10-08 13:45:08 [INFO]   → Saved 105 records to C:\Users\albus\projects\traffic_congession\data\telemetry\city=chennai\2026-10-08.parquet
2026-10-08 13:45:08 [INFO]   → Saved 161 records to C:\Users\albus\projects\traffic_congession\data\telemetry\city=delhi\2026-10-08.parquet
2026-10-08 13:45:08 [INFO]   → Saved 105 records to C:\Users\albus\projects\traffic_congession\data\telemetry\city=hyderabad\2026-10-08.parquet
2026-10-08 13:45:08 [INFO]   → Saved 70 records to C:\Users\albus\projects\traffic_congession\data\telemetry\city=jaipur\2026-10-08.parquet
2026-10-08 13:45:08 [INFO]   → Saved 35 records to C:\Users\albus\projects\traffic_congession\data\telemetry\city=kochi\2026-10-08.parquet
2026-10-08 13:45:08 [INFO]   → Saved 105 records to C:\Users\albus\projects\traffic_congession\data\telemetry\city=kolkata\2026-10-08.parquet
2026-10-08 13:45:08 [INFO]   → Saved 35 records to C:\Users\albus\projects\traffic_congession\data\telemetry\city=lucknow\2026-10-08.parquet
2026-10-08 13:45:08 [INFO]   → Saved 161 records to C:\Users\albus\projects\traffic_congession\data\telemetry\city=mumbai\2026-10-08.parquet
2026-10-08 13:45:08 [INFO]   → Saved 119 records to C:\Users\albus\projects\traffic_congession\data\telemetry\city=pune\2026-10-08.parquet
2026-10-08 13:45:08 [INFO] Next batch in 5 minutes. Sleeping...
2026-10-08 13:50:08 [INFO] --- Batch start at 13:50:08 ---
2026-10-08 13:50:09 [INFO]   ✓ bengaluru / Silk Board Junction — CI=0.000  speed=42.0/42.0 km/h
2026-10-08 13:50:10 [INFO]   ✓ bengaluru / Marathahalli Bridge — CI=0.257  speed=26.0/35.0 km/h
2026-10-08 13:50:11 [INFO]   ✓ bengaluru / Whitefield Road — CI=0.184  speed=31.0/38.0 km/h
2026-10-08 13:50:12 [INFO]   ✓ bengaluru / Hebbal Flyover — CI=0.200  speed=20.0/25.0 km/h
2026-10-08 13:50:12 [INFO]   ✓ mumbai / Western Express Highway Andheri — CI=0.227  speed=17.0/22.0 km/h
2026-10-08 13:50:13 [INFO]   ✓ mumbai / Eastern Freeway Sewri — CI=0.000  speed=26.0/26.0 km/h
2026-10-08 13:50:14 [INFO]   ✓ mumbai / BKC Bandra Kurla Complex — CI=0.269  speed=19.0/26.0 km/h
2026-10-08 13:50:14 [INFO]   ✓ mumbai / Sion Circle — CI=0.368  speed=12.0/19.0 km/h
2026-10-08 13:50:15 [INFO]   ✓ delhi / Ring Road AIIMS — CI=0.355  speed=20.0/31.0 km/h
2026-10-08 13:50:16 [INFO]   ✓ delhi / DND Flyway Noida Entry — CI=0.000  speed=41.0/41.0 km/h
2026-10-08 13:50:17 [INFO]   ✓ delhi / Cyber City Gurgaon — CI=0.200  speed=36.0/45.0 km/h
2026-10-08 13:50:17 [INFO]   ✓ delhi / ITO Junction — CI=0.385  speed=16.0/26.0 km/h
2026-10-08 13:50:18 [INFO]   ✓ pune / Hinjawadi Phase 1 — CI=0.138  speed=25.0/29.0 km/h
2026-10-08 13:50:19 [INFO]   ✓ pune / FC Road Shivajinagar — CI=0.238  speed=16.0/21.0 km/h
2026-10-08 13:50:20 [INFO]   ✓ pune / Magarpatta City Hadapsar — CI=0.000  speed=31.0/31.0 km/h
2026-10-08 13:50:20 [INFO]   ✓ hyderabad / Hitec City Cyber Towers — CI=0.600  speed=12.0/30.0 km/h
2026-10-08 13:50:21 [INFO]   ✓ hyderabad / Gachibowli Junction — CI=0.222  speed=28.0/36.0 km/h
2026-10-08 13:50:21 [INFO]   ✓ hyderabad / Punjagutta Crossing — CI=0.367  speed=19.0/30.0 km/h
2026-10-08 13:50:22 [INFO]   ✓ chennai / OMR Tidel Park — CI=0.300  speed=21.0/30.0 km/h
2026-10-08 13:50:23 [INFO]   ✓ chennai / Kathipara Junction Guindy — CI=0.000  speed=33.0/33.0 km/h
2026-10-08 13:50:23 [INFO]   ✓ chennai / Anna Nagar Roundtana — CI=0.154  speed=22.0/26.0 km/h
2026-10-08 13:50:24 [INFO]   ✓ kolkata / EM Bypass Science City — CI=0.163  speed=36.0/43.0 km/h
2026-10-08 13:50:25 [INFO]   ✓ kolkata / Park Circus 7-Point Crossing — CI=0.000  speed=48.0/48.0 km/h
2026-10-08 13:50:25 [INFO]   ✓ kolkata / Sector V Salt Lake — CI=0.381  speed=13.0/21.0 km/h
2026-10-08 13:50:26 [INFO]   ✓ ahmedabad / SG Highway ISKCON Cross Road — CI=0.086  speed=32.0/35.0 km/h
2026-10-08 13:50:27 [INFO]   ✓ ahmedabad / Ashram Road Income Tax Circle — CI=0.000  speed=40.0/40.0 km/h
2026-10-08 13:50:27 [INFO]   ✓ jaipur / JLN Marg Jawahar Circle — CI=0.000  speed=44.0/44.0 km/h
2026-10-08 13:50:28 [INFO]   ✓ jaipur / Ajmer Road 200 Feet Bypass — CI=0.250  speed=27.0/36.0 km/h
2026-10-08 13:50:28 [INFO]   ✓ kochi / Edappally Toll Junction — CI=0.000  speed=20.0/20.0 km/h
2026-10-08 13:50:29 [INFO]   ✓ lucknow / Hazratganj Crossing — CI=0.310  speed=20.0/29.0 km/h
2026-10-08 13:50:29 [INFO]   → Saved 72 records to C:\Users\albus\projects\traffic_congession\data\telemetry\city=ahmedabad\2026-10-08.parquet
2026-10-08 13:50:29 [INFO]   → Saved 165 records to C:\Users\albus\projects\traffic_congession\data\telemetry\city=bengaluru\2026-10-08.parquet
2026-10-08 13:50:29 [INFO]   → Saved 108 records to C:\Users\albus\projects\traffic_congession\data\telemetry\city=chennai\2026-10-08.parquet
2026-10-08 13:50:29 [INFO]   → Saved 165 records to C:\Users\albus\projects\traffic_congession\data\telemetry\city=delhi\2026-10-08.parquet
2026-10-08 13:50:29 [INFO]   → Saved 108 records to C:\Users\albus\projects\traffic_congession\data\telemetry\city=hyderabad\2026-10-08.parquet
2026-10-08 13:50:29 [INFO]   → Saved 72 records to C:\Users\albus\projects\traffic_congession\data\telemetry\city=jaipur\2026-10-08.parquet
2026-10-08 13:50:29 [INFO]   → Saved 36 records to C:\Users\albus\projects\traffic_congession\data\telemetry\city=kochi\2026-10-08.parquet
2026-10-08 13:50:29 [INFO]   → Saved 108 records to C:\Users\albus\projects\traffic_congession\data\telemetry\city=kolkata\2026-10-08.parquet
2026-10-08 13:50:29 [INFO]   → Saved 36 records to C:\Users\albus\projects\traffic_congession\data\telemetry\city=lucknow\2026-10-08.parquet
2026-10-08 13:50:29 [INFO]   → Saved 165 records to C:\Users\albus\projects\traffic_congession\data\telemetry\city=mumbai\2026-10-08.parquet
2026-10-08 13:50:29 [INFO]   → Saved 122 records to C:\Users\albus\projects\traffic_congession\data\telemetry\city=pune\2026-10-08.parquet
2026-10-08 13:50:29 [INFO] Next batch in 5 minutes. Sleeping...
2026-10-08 13:55:29 [INFO] --- Batch start at 13:55:29 ---
2026-10-08 13:55:31 [INFO]   ✓ bengaluru / Silk Board Junction — CI=0.000  speed=42.0/42.0 km/h
2026-10-08 13:55:32 [INFO]   ✓ bengaluru / Marathahalli Bridge — CI=0.171  speed=29.0/35.0 km/h
2026-10-08 13:55:34 [INFO]   ✓ bengaluru / Whitefield Road — CI=0.162  speed=31.0/37.0 km/h
2026-10-08 13:55:35 [INFO]   ✓ bengaluru / Hebbal Flyover — CI=0.192  speed=21.0/26.0 km/h
2026-10-08 13:55:37 [INFO]   ✓ mumbai / Western Express Highway Andheri — CI=0.273  speed=16.0/22.0 km/h
2026-10-08 13:55:38 [INFO]   ✓ mumbai / Eastern Freeway Sewri — CI=0.000  speed=26.0/26.0 km/h
2026-10-08 13:55:39 [INFO]   ✓ mumbai / BKC Bandra Kurla Complex — CI=0.000  speed=27.0/27.0 km/h
2026-10-08 13:55:40 [INFO]   ✓ mumbai / Sion Circle — CI=0.263  speed=14.0/19.0 km/h
2026-10-08 13:55:41 [INFO]   ✓ delhi / Ring Road AIIMS — CI=0.367  speed=19.0/30.0 km/h
2026-10-08 13:55:42 [INFO]   ✓ delhi / DND Flyway Noida Entry — CI=0.171  speed=34.0/41.0 km/h
2026-10-08 13:55:42 [INFO]   ✓ delhi / Cyber City Gurgaon — CI=0.000  speed=45.0/45.0 km/h
2026-10-08 13:55:43 [INFO]   ✓ delhi / ITO Junction — CI=0.429  speed=16.0/28.0 km/h
2026-10-08 13:55:44 [INFO]   ✓ pune / Hinjawadi Phase 1 — CI=0.000  speed=30.0/30.0 km/h
2026-10-08 13:55:45 [INFO]   ✓ pune / FC Road Shivajinagar — CI=0.227  speed=17.0/22.0 km/h
2026-10-08 13:55:45 [INFO]   ✓ pune / Magarpatta City Hadapsar — CI=0.000  speed=31.0/31.0 km/h
2026-10-08 13:55:46 [INFO]   ✓ hyderabad / Hitec City Cyber Towers — CI=0.750  speed=8.0/32.0 km/h
2026-10-08 13:55:47 [INFO]   ✓ hyderabad / Gachibowli Junction — CI=0.167  speed=30.0/36.0 km/h
2026-10-08 13:55:47 [INFO]   ✓ hyderabad / Punjagutta Crossing — CI=0.355  speed=20.0/31.0 km/h
2026-10-08 13:55:48 [INFO]   ✓ chennai / OMR Tidel Park — CI=0.233  speed=23.0/30.0 km/h
2026-10-08 13:55:49 [INFO]   ✓ chennai / Kathipara Junction Guindy — CI=0.000  speed=33.0/33.0 km/h
2026-10-08 13:55:49 [INFO]   ✓ chennai / Anna Nagar Roundtana — CI=0.222  speed=21.0/27.0 km/h
2026-10-08 13:55:50 [INFO]   ✓ kolkata / EM Bypass Science City — CI=0.000  speed=42.0/42.0 km/h
2026-10-08 13:55:51 [INFO]   ✓ kolkata / Park Circus 7-Point Crossing — CI=0.000  speed=48.0/48.0 km/h
2026-10-08 13:55:51 [INFO]   ✓ kolkata / Sector V Salt Lake — CI=0.318  speed=15.0/22.0 km/h
2026-10-08 13:55:52 [INFO]   ✓ ahmedabad / SG Highway ISKCON Cross Road — CI=0.167  speed=30.0/36.0 km/h
2026-10-08 13:55:53 [INFO]   ✓ ahmedabad / Ashram Road Income Tax Circle — CI=0.000  speed=40.0/40.0 km/h
2026-10-08 13:55:53 [INFO]   ✓ jaipur / JLN Marg Jawahar Circle — CI=0.000  speed=44.0/44.0 km/h
2026-10-08 13:55:54 [INFO]   ✓ jaipur / Ajmer Road 200 Feet Bypass — CI=0.200  speed=28.0/35.0 km/h
2026-10-08 13:55:54 [INFO]   ✓ kochi / Edappally Toll Junction — CI=0.000  speed=20.0/20.0 km/h
2026-10-08 13:55:55 [INFO]   ✓ lucknow / Hazratganj Crossing — CI=0.400  speed=18.0/30.0 km/h
2026-10-08 13:55:55 [INFO]   → Saved 74 records to C:\Users\albus\projects\traffic_congession\data\telemetry\city=ahmedabad\2026-10-08.parquet
2026-10-08 13:55:55 [INFO]   → Saved 169 records to C:\Users\albus\projects\traffic_congession\data\telemetry\city=bengaluru\2026-10-08.parquet
2026-10-08 13:55:55 [INFO]   → Saved 111 records to C:\Users\albus\projects\traffic_congession\data\telemetry\city=chennai\2026-10-08.parquet
2026-10-08 13:55:55 [INFO]   → Saved 169 records to C:\Users\albus\projects\traffic_congession\data\telemetry\city=delhi\2026-10-08.parquet
2026-10-08 13:55:55 [INFO]   → Saved 111 records to C:\Users\albus\projects\traffic_congession\data\telemetry\city=hyderabad\2026-10-08.parquet
2026-10-08 13:55:56 [INFO]   → Saved 74 records to C:\Users\albus\projects\traffic_congession\data\telemetry\city=jaipur\2026-10-08.parquet
2026-10-08 13:55:56 [INFO]   → Saved 37 records to C:\Users\albus\projects\traffic_congession\data\telemetry\city=kochi\2026-10-08.parquet
2026-10-08 13:55:56 [INFO]   → Saved 111 records to C:\Users\albus\projects\traffic_congession\data\telemetry\city=kolkata\2026-10-08.parquet
2026-10-08 13:55:56 [INFO]   → Saved 37 records to C:\Users\albus\projects\traffic_congession\data\telemetry\city=lucknow\2026-10-08.parquet
2026-10-08 13:55:56 [INFO]   → Saved 169 records to C:\Users\albus\projects\traffic_congession\data\telemetry\city=mumbai\2026-10-08.parquet
2026-10-08 13:55:56 [INFO]   → Saved 125 records to C:\Users\albus\projects\traffic_congession\data\telemetry\city=pune\2026-10-08.parquet
2026-10-08 13:55:56 [INFO] Next batch in 5 minutes. Sleeping...
2026-10-08 14:00:56 [INFO] --- Batch start at 14:00:56 ---
2026-10-08 14:00:56 [INFO]   ✓ bengaluru / Silk Board Junction — CI=0.000  speed=42.0/42.0 km/h
2026-10-08 14:00:57 [INFO]   ✓ bengaluru / Marathahalli Bridge — CI=0.229  speed=27.0/35.0 km/h
2026-10-08 14:00:58 [INFO]   ✓ bengaluru / Whitefield Road — CI=0.132  speed=33.0/38.0 km/h
2026-10-08 14:00:59 [INFO]   ✓ bengaluru / Hebbal Flyover — CI=0.192  speed=21.0/26.0 km/h
2026-10-08 14:01:00 [INFO]   ✓ mumbai / Western Express Highway Andheri — CI=0.318  speed=15.0/22.0 km/h
2026-10-08 14:01:00 [INFO]   ✓ mumbai / Eastern Freeway Sewri — CI=0.000  speed=26.0/26.0 km/h
2026-10-08 14:01:01 [INFO]   ✓ mumbai / BKC Bandra Kurla Complex — CI=0.214  speed=22.0/28.0 km/h
2026-10-08 14:01:01 [INFO]   ✓ mumbai / Sion Circle — CI=0.316  speed=13.0/19.0 km/h
2026-10-08 14:01:02 [INFO]   ✓ delhi / Ring Road AIIMS — CI=0.355  speed=20.0/31.0 km/h
2026-10-08 14:01:03 [INFO]   ✓ delhi / DND Flyway Noida Entry — CI=0.000  speed=41.0/41.0 km/h
2026-10-08 14:01:03 [INFO]   ✓ delhi / Cyber City Gurgaon — CI=0.227  speed=34.0/44.0 km/h
2026-10-08 14:01:04 [INFO]   ✓ delhi / ITO Junction — CI=0.500  speed=14.0/28.0 km/h
2026-10-08 14:01:05 [INFO]   ✓ pune / Hinjawadi Phase 1 — CI=0.000  speed=30.0/30.0 km/h
2026-10-08 14:01:06 [INFO]   ✓ pune / FC Road Shivajinagar — CI=0.286  speed=15.0/21.0 km/h
2026-10-08 14:01:06 [INFO]   ✓ pune / Magarpatta City Hadapsar — CI=0.000  speed=31.0/31.0 km/h
2026-10-08 14:01:07 [INFO]   ✓ hyderabad / Hitec City Cyber Towers — CI=0.677  speed=10.0/31.0 km/h
2026-10-08 14:01:08 [INFO]   ✓ hyderabad / Gachibowli Junction — CI=0.216  speed=29.0/37.0 km/h
2026-10-08 14:01:08 [INFO]   ✓ hyderabad / Punjagutta Crossing — CI=0.233  speed=23.0/30.0 km/h
2026-10-08 14:01:09 [INFO]   ✓ chennai / OMR Tidel Park — CI=0.200  speed=24.0/30.0 km/h
2026-10-08 14:01:10 [INFO]   ✓ chennai / Kathipara Junction Guindy — CI=0.000  speed=33.0/33.0 km/h
2026-10-08 14:01:10 [INFO]   ✓ chennai / Anna Nagar Roundtana — CI=0.259  speed=20.0/27.0 km/h
2026-10-08 14:01:11 [INFO]   ✓ kolkata / EM Bypass Science City — CI=0.000  speed=42.0/42.0 km/h
2026-10-08 14:01:11 [INFO]   ✓ kolkata / Park Circus 7-Point Crossing — CI=0.000  speed=48.0/48.0 km/h
2026-10-08 14:01:12 [INFO]   ✓ kolkata / Sector V Salt Lake — CI=0.381  speed=13.0/21.0 km/h
2026-10-08 14:01:13 [INFO]   ✓ ahmedabad / SG Highway ISKCON Cross Road — CI=0.111  speed=32.0/36.0 km/h
2026-10-08 14:01:13 [INFO]   ✓ ahmedabad / Ashram Road Income Tax Circle — CI=0.000  speed=40.0/40.0 km/h
2026-10-08 14:01:14 [INFO]   ✓ jaipur / JLN Marg Jawahar Circle — CI=0.000  speed=44.0/44.0 km/h
2026-10-08 14:01:15 [INFO]   ✓ jaipur / Ajmer Road 200 Feet Bypass — CI=0.139  speed=31.0/36.0 km/h
2026-10-08 14:01:15 [INFO]   ✓ kochi / Edappally Toll Junction — CI=0.000  speed=20.0/20.0 km/h
2026-10-08 14:01:16 [INFO]   ✓ lucknow / Hazratganj Crossing — CI=0.379  speed=18.0/29.0 km/h
2026-10-08 14:01:16 [INFO]   → Saved 76 records to C:\Users\albus\projects\traffic_congession\data\telemetry\city=ahmedabad\2026-10-08.parquet
2026-10-08 14:01:16 [INFO]   → Saved 173 records to C:\Users\albus\projects\traffic_congession\data\telemetry\city=bengaluru\2026-10-08.parquet
2026-10-08 14:01:16 [INFO]   → Saved 114 records to C:\Users\albus\projects\traffic_congession\data\telemetry\city=chennai\2026-10-08.parquet
2026-10-08 14:01:16 [INFO]   → Saved 173 records to C:\Users\albus\projects\traffic_congession\data\telemetry\city=delhi\2026-10-08.parquet
2026-10-08 14:01:16 [INFO]   → Saved 114 records to C:\Users\albus\projects\traffic_congession\data\telemetry\city=hyderabad\2026-10-08.parquet
2026-10-08 14:01:16 [INFO]   → Saved 76 records to C:\Users\albus\projects\traffic_congession\data\telemetry\city=jaipur\2026-10-08.parquet
2026-10-08 14:01:16 [INFO]   → Saved 38 records to C:\Users\albus\projects\traffic_congession\data\telemetry\city=kochi\2026-10-08.parquet
2026-10-08 14:01:16 [INFO]   → Saved 114 records to C:\Users\albus\projects\traffic_congession\data\telemetry\city=kolkata\2026-10-08.parquet
2026-10-08 14:01:16 [INFO]   → Saved 38 records to C:\Users\albus\projects\traffic_congession\data\telemetry\city=lucknow\2026-10-08.parquet
2026-10-08 14:01:16 [INFO]   → Saved 173 records to C:\Users\albus\projects\traffic_congession\data\telemetry\city=mumbai\2026-10-08.parquet
2026-10-08 14:01:16 [INFO]   → Saved 128 records to C:\Users\albus\projects\traffic_congession\data\telemetry\city=pune\2026-10-08.parquet
2026-10-08 14:01:16 [INFO] Next batch in 5 minutes. Sleeping...
2026-10-08 14:06:16 [INFO] --- Batch start at 14:06:16 ---
2026-10-08 14:06:17 [INFO]   ✓ bengaluru / Silk Board Junction — CI=0.000  speed=42.0/42.0 km/h
2026-10-08 14:06:18 [INFO]   ✓ bengaluru / Marathahalli Bridge — CI=0.250  speed=27.0/36.0 km/h
2026-10-08 14:06:19 [INFO]   ✓ bengaluru / Whitefield Road — CI=0.158  speed=32.0/38.0 km/h
2026-10-08 14:06:19 [INFO]   ✓ bengaluru / Hebbal Flyover — CI=0.192  speed=21.0/26.0 km/h
2026-10-08 14:06:20 [INFO]   ✓ mumbai / Western Express Highway Andheri — CI=0.273  speed=16.0/22.0 km/h
2026-10-08 14:06:21 [INFO]   ✓ mumbai / Eastern Freeway Sewri — CI=0.000  speed=26.0/26.0 km/h
2026-10-08 14:06:21 [INFO]   ✓ mumbai / BKC Bandra Kurla Complex — CI=0.385  speed=16.0/26.0 km/h
2026-10-08 14:06:22 [INFO]   ✓ mumbai / Sion Circle — CI=0.263  speed=14.0/19.0 km/h
2026-10-08 14:06:23 [INFO]   ✓ delhi / Ring Road AIIMS — CI=0.367  speed=19.0/30.0 km/h
2026-10-08 14:06:24 [INFO]   ✓ delhi / DND Flyway Noida Entry — CI=0.146  speed=35.0/41.0 km/h
2026-10-08 14:06:24 [INFO]   ✓ delhi / Cyber City Gurgaon — CI=0.227  speed=34.0/44.0 km/h
2026-10-08 14:06:25 [INFO]   ✓ delhi / ITO Junction — CI=0.370  speed=17.0/27.0 km/h
2026-10-08 14:06:26 [INFO]   ✓ pune / Hinjawadi Phase 1 — CI=0.000  speed=30.0/30.0 km/h
2026-10-08 14:06:27 [INFO]   ✓ pune / FC Road Shivajinagar — CI=0.286  speed=15.0/21.0 km/h
2026-10-08 14:06:27 [INFO]   ✓ pune / Magarpatta City Hadapsar — CI=0.000  speed=31.0/31.0 km/h
2026-10-08 14:06:28 [INFO]   ✓ hyderabad / Hitec City Cyber Towers — CI=0.719  speed=9.0/32.0 km/h
2026-10-08 14:06:29 [INFO]   ✓ hyderabad / Gachibowli Junction — CI=0.171  speed=29.0/35.0 km/h
2026-10-08 14:06:29 [INFO]   ✓ hyderabad / Punjagutta Crossing — CI=0.387  speed=19.0/31.0 km/h
2026-10-08 14:06:30 [INFO]   ✓ chennai / OMR Tidel Park — CI=0.233  speed=23.0/30.0 km/h
2026-10-08 14:06:30 [INFO]   ✓ chennai / Kathipara Junction Guindy — CI=0.000  speed=33.0/33.0 km/h
2026-10-08 14:06:31 [INFO]   ✓ chennai / Anna Nagar Roundtana — CI=0.269  speed=19.0/26.0 km/h
2026-10-08 14:06:32 [INFO]   ✓ kolkata / EM Bypass Science City — CI=0.140  speed=37.0/43.0 km/h
2026-10-08 14:06:33 [INFO]   ✓ kolkata / Park Circus 7-Point Crossing — CI=0.000  speed=48.0/48.0 km/h
2026-10-08 14:06:33 [INFO]   ✓ kolkata / Sector V Salt Lake — CI=0.409  speed=13.0/22.0 km/h
2026-10-08 14:06:34 [INFO]   ✓ ahmedabad / SG Highway ISKCON Cross Road — CI=0.143  speed=30.0/35.0 km/h
2026-10-08 14:06:35 [INFO]   ✓ ahmedabad / Ashram Road Income Tax Circle — CI=0.000  speed=40.0/40.0 km/h
2026-10-08 14:06:35 [INFO]   ✓ jaipur / JLN Marg Jawahar Circle — CI=0.000  speed=44.0/44.0 km/h
2026-10-08 14:06:36 [INFO]   ✓ jaipur / Ajmer Road 200 Feet Bypass — CI=0.314  speed=24.0/35.0 km/h
2026-10-08 14:06:36 [INFO]   ✓ kochi / Edappally Toll Junction — CI=0.000  speed=20.0/20.0 km/h
2026-10-08 14:06:37 [INFO]   ✓ lucknow / Hazratganj Crossing — CI=0.310  speed=20.0/29.0 km/h
2026-10-08 14:06:37 [INFO]   → Saved 78 records to C:\Users\albus\projects\traffic_congession\data\telemetry\city=ahmedabad\2026-10-08.parquet
2026-10-08 14:06:37 [INFO]   → Saved 177 records to C:\Users\albus\projects\traffic_congession\data\telemetry\city=bengaluru\2026-10-08.parquet
2026-10-08 14:06:37 [INFO]   → Saved 117 records to C:\Users\albus\projects\traffic_congession\data\telemetry\city=chennai\2026-10-08.parquet
2026-10-08 14:06:37 [INFO]   → Saved 177 records to C:\Users\albus\projects\traffic_congession\data\telemetry\city=delhi\2026-10-08.parquet
2026-10-08 14:06:37 [INFO]   → Saved 117 records to C:\Users\albus\projects\traffic_congession\data\telemetry\city=hyderabad\2026-10-08.parquet
2026-10-08 14:06:37 [INFO]   → Saved 78 records to C:\Users\albus\projects\traffic_congession\data\telemetry\city=jaipur\2026-10-08.parquet
2026-10-08 14:06:37 [INFO]   → Saved 39 records to C:\Users\albus\projects\traffic_congession\data\telemetry\city=kochi\2026-10-08.parquet
2026-10-08 14:06:37 [INFO]   → Saved 117 records to C:\Users\albus\projects\traffic_congession\data\telemetry\city=kolkata\2026-10-08.parquet
2026-10-08 14:06:37 [INFO]   → Saved 39 records to C:\Users\albus\projects\traffic_congession\data\telemetry\city=lucknow\2026-10-08.parquet
2026-10-08 14:06:38 [INFO]   → Saved 177 records to C:\Users\albus\projects\traffic_congession\data\telemetry\city=mumbai\2026-10-08.parquet
2026-10-08 14:06:38 [INFO]   → Saved 131 records to C:\Users\albus\projects\traffic_congession\data\telemetry\city=pune\2026-10-08.parquet
2026-10-08 14:06:38 [INFO] Next batch in 5 minutes. Sleeping...
2026-10-08 14:11:38 [INFO] --- Batch start at 14:11:38 ---
2026-10-08 14:11:38 [INFO]   ✓ bengaluru / Silk Board Junction — CI=0.000  speed=42.0/42.0 km/h
2026-10-08 14:11:39 [INFO]   ✓ bengaluru / Marathahalli Bridge — CI=0.229  speed=27.0/35.0 km/h
2026-10-08 14:11:40 [INFO]   ✓ bengaluru / Whitefield Road — CI=0.184  speed=31.0/38.0 km/h
2026-10-08 14:11:41 [INFO]   ✓ bengaluru / Hebbal Flyover — CI=0.192  speed=21.0/26.0 km/h
2026-10-08 14:11:41 [INFO]   ✓ mumbai / Western Express Highway Andheri — CI=0.273  speed=16.0/22.0 km/h
2026-10-08 14:11:42 [INFO]   ✓ mumbai / Eastern Freeway Sewri — CI=0.000  speed=26.0/26.0 km/h
2026-10-08 14:11:43 [INFO]   ✓ mumbai / BKC Bandra Kurla Complex — CI=0.000  speed=27.0/27.0 km/h
2026-10-08 14:11:43 [INFO]   ✓ mumbai / Sion Circle — CI=0.250  speed=15.0/20.0 km/h
2026-10-08 14:11:44 [INFO]   ✓ delhi / Ring Road AIIMS — CI=0.419  speed=18.0/31.0 km/h
2026-10-08 14:11:45 [INFO]   ✓ delhi / DND Flyway Noida Entry — CI=0.171  speed=34.0/41.0 km/h
2026-10-08 14:11:45 [INFO]   ✓ delhi / Cyber City Gurgaon — CI=0.000  speed=45.0/45.0 km/h
2026-10-08 14:11:46 [INFO]   ✓ delhi / ITO Junction — CI=0.407  speed=16.0/27.0 km/h
2026-10-08 14:11:47 [INFO]   ✓ pune / Hinjawadi Phase 1 — CI=0.133  speed=26.0/30.0 km/h
2026-10-08 14:11:48 [INFO]   ✓ pune / FC Road Shivajinagar — CI=0.273  speed=16.0/22.0 km/h
2026-10-08 14:11:48 [INFO]   ✓ pune / Magarpatta City Hadapsar — CI=0.000  speed=31.0/31.0 km/h
2026-10-08 14:11:49 [INFO]   ✓ hyderabad / Hitec City Cyber Towers — CI=0.613  speed=12.0/31.0 km/h
2026-10-08 14:11:50 [INFO]   ✓ hyderabad / Gachibowli Junction — CI=0.250  speed=27.0/36.0 km/h
2026-10-08 14:11:50 [INFO]   ✓ hyderabad / Punjagutta Crossing — CI=0.433  speed=17.0/30.0 km/h
2026-10-08 14:11:51 [INFO]   ✓ chennai / OMR Tidel Park — CI=0.233  speed=23.0/30.0 km/h
2026-10-08 14:11:51 [INFO]   ✓ chennai / Kathipara Junction Guindy — CI=0.000  speed=33.0/33.0 km/h
2026-10-08 14:11:52 [INFO]   ✓ chennai / Anna Nagar Roundtana — CI=0.222  speed=21.0/27.0 km/h
2026-10-08 14:11:53 [INFO]   ✓ kolkata / EM Bypass Science City — CI=0.163  speed=36.0/43.0 km/h
2026-10-08 14:11:54 [INFO]   ✓ kolkata / Park Circus 7-Point Crossing — CI=0.000  speed=48.0/48.0 km/h
2026-10-08 14:11:54 [INFO]   ✓ kolkata / Sector V Salt Lake — CI=0.522  speed=11.0/23.0 km/h
2026-10-08 14:11:55 [INFO]   ✓ ahmedabad / SG Highway ISKCON Cross Road — CI=0.114  speed=31.0/35.0 km/h
2026-10-08 14:11:56 [INFO]   ✓ ahmedabad / Ashram Road Income Tax Circle — CI=0.000  speed=40.0/40.0 km/h
2026-10-08 14:11:57 [INFO]   ✓ jaipur / JLN Marg Jawahar Circle — CI=0.000  speed=44.0/44.0 km/h
2026-10-08 14:11:58 [INFO]   ✓ jaipur / Ajmer Road 200 Feet Bypass — CI=0.222  speed=28.0/36.0 km/h
2026-10-08 14:11:58 [INFO]   ✓ kochi / Edappally Toll Junction — CI=0.000  speed=20.0/20.0 km/h
2026-10-08 14:11:59 [INFO]   ✓ lucknow / Hazratganj Crossing — CI=0.345  speed=19.0/29.0 km/h
2026-10-08 14:11:59 [INFO]   → Saved 80 records to C:\Users\albus\projects\traffic_congession\data\telemetry\city=ahmedabad\2026-10-08.parquet
2026-10-08 14:11:59 [INFO]   → Saved 181 records to C:\Users\albus\projects\traffic_congession\data\telemetry\city=bengaluru\2026-10-08.parquet
2026-10-08 14:11:59 [INFO]   → Saved 120 records to C:\Users\albus\projects\traffic_congession\data\telemetry\city=chennai\2026-10-08.parquet
2026-10-08 14:11:59 [INFO]   → Saved 181 records to C:\Users\albus\projects\traffic_congession\data\telemetry\city=delhi\2026-10-08.parquet
2026-10-08 14:11:59 [INFO]   → Saved 120 records to C:\Users\albus\projects\traffic_congession\data\telemetry\city=hyderabad\2026-10-08.parquet
2026-10-08 14:11:59 [INFO]   → Saved 80 records to C:\Users\albus\projects\traffic_congession\data\telemetry\city=jaipur\2026-10-08.parquet
2026-10-08 14:11:59 [INFO]   → Saved 40 records to C:\Users\albus\projects\traffic_congession\data\telemetry\city=kochi\2026-10-08.parquet
2026-10-08 14:11:59 [INFO]   → Saved 120 records to C:\Users\albus\projects\traffic_congession\data\telemetry\city=kolkata\2026-10-08.parquet
2026-10-08 14:11:59 [INFO]   → Saved 40 records to C:\Users\albus\projects\traffic_congession\data\telemetry\city=lucknow\2026-10-08.parquet
2026-10-08 14:11:59 [INFO]   → Saved 181 records to C:\Users\albus\projects\traffic_congession\data\telemetry\city=mumbai\2026-10-08.parquet
2026-10-08 14:11:59 [INFO]   → Saved 134 records to C:\Users\albus\projects\traffic_congession\data\telemetry\city=pune\2026-10-08.parquet
2026-10-08 14:11:59 [INFO] Next batch in 5 minutes. Sleeping...
2026-10-08 14:16:59 [INFO] --- Batch start at 14:16:59 ---
2026-10-08 14:17:00 [INFO]   ✓ bengaluru / Silk Board Junction — CI=0.000  speed=42.0/42.0 km/h
2026-10-08 14:17:01 [INFO]   ✓ bengaluru / Marathahalli Bridge — CI=0.200  speed=28.0/35.0 km/h
2026-10-08 14:17:02 [INFO]   ✓ bengaluru / Whitefield Road — CI=0.184  speed=31.0/38.0 km/h
2026-10-08 14:17:03 [INFO]   ✓ bengaluru / Hebbal Flyover — CI=0.192  speed=21.0/26.0 km/h
2026-10-08 14:17:03 [INFO]   ✓ mumbai / Western Express Highway Andheri — CI=0.227  speed=17.0/22.0 km/h
2026-10-08 14:17:04 [INFO]   ✓ mumbai / Eastern Freeway Sewri — CI=0.000  speed=26.0/26.0 km/h
2026-10-08 14:17:05 [INFO]   ✓ mumbai / BKC Bandra Kurla Complex — CI=0.000  speed=27.0/27.0 km/h
2026-10-08 14:17:05 [INFO]   ✓ mumbai / Sion Circle — CI=0.250  speed=15.0/20.0 km/h
2026-10-08 14:17:06 [INFO]   ✓ delhi / Ring Road AIIMS — CI=0.323  speed=21.0/31.0 km/h
2026-10-08 14:17:07 [INFO]   ✓ delhi / DND Flyway Noida Entry — CI=0.171  speed=34.0/41.0 km/h
2026-10-08 14:17:07 [INFO]   ✓ delhi / Cyber City Gurgaon — CI=0.000  speed=45.0/45.0 km/h
2026-10-08 14:17:08 [INFO]   ✓ delhi / ITO Junction — CI=0.407  speed=16.0/27.0 km/h
2026-10-08 14:17:09 [INFO]   ✓ pune / Hinjawadi Phase 1 — CI=0.133  speed=26.0/30.0 km/h
2026-10-08 14:17:10 [INFO]   ✓ pune / FC Road Shivajinagar — CI=0.333  speed=14.0/21.0 km/h
2026-10-08 14:17:10 [INFO]   ✓ pune / Magarpatta City Hadapsar — CI=0.000  speed=31.0/31.0 km/h
2026-10-08 14:17:11 [INFO]   ✓ hyderabad / Hitec City Cyber Towers — CI=0.613  speed=12.0/31.0 km/h
2026-10-08 14:17:11 [INFO]   ✓ hyderabad / Gachibowli Junction — CI=0.194  speed=29.0/36.0 km/h
2026-10-08 14:17:12 [INFO]   ✓ hyderabad / Punjagutta Crossing — CI=0.387  speed=19.0/31.0 km/h
2026-10-08 14:17:13 [INFO]   ✓ chennai / OMR Tidel Park — CI=0.258  speed=23.0/31.0 km/h
2026-10-08 14:17:13 [INFO]   ✓ chennai / Kathipara Junction Guindy — CI=0.000  speed=33.0/33.0 km/h
2026-10-08 14:17:14 [INFO]   ✓ chennai / Anna Nagar Roundtana — CI=0.259  speed=20.0/27.0 km/h
2026-10-08 14:17:15 [INFO]   ✓ kolkata / EM Bypass Science City — CI=0.143  speed=36.0/42.0 km/h
2026-10-08 14:17:16 [INFO]   ✓ kolkata / Park Circus 7-Point Crossing — CI=0.000  speed=48.0/48.0 km/h
2026-10-08 14:17:16 [INFO]   ✓ kolkata / Sector V Salt Lake — CI=0.522  speed=11.0/23.0 km/h
2026-10-08 14:17:17 [INFO]   ✓ ahmedabad / SG Highway ISKCON Cross Road — CI=0.057  speed=33.0/35.0 km/h
2026-10-08 14:17:18 [INFO]   ✓ ahmedabad / Ashram Road Income Tax Circle — CI=0.000  speed=40.0/40.0 km/h
2026-10-08 14:17:18 [INFO]   ✓ jaipur / JLN Marg Jawahar Circle — CI=0.000  speed=44.0/44.0 km/h
2026-10-08 14:17:19 [INFO]   ✓ jaipur / Ajmer Road 200 Feet Bypass — CI=0.278  speed=26.0/36.0 km/h
2026-10-08 14:17:20 [INFO]   ✓ kochi / Edappally Toll Junction — CI=0.000  speed=20.0/20.0 km/h
2026-10-08 14:17:21 [INFO]   ✓ lucknow / Hazratganj Crossing — CI=0.310  speed=20.0/29.0 km/h
2026-10-08 14:17:21 [INFO]   → Saved 82 records to C:\Users\albus\projects\traffic_congession\data\telemetry\city=ahmedabad\2026-10-08.parquet
2026-10-08 14:17:21 [INFO]   → Saved 185 records to C:\Users\albus\projects\traffic_congession\data\telemetry\city=bengaluru\2026-10-08.parquet
2026-10-08 14:17:21 [INFO]   → Saved 123 records to C:\Users\albus\projects\traffic_congession\data\telemetry\city=chennai\2026-10-08.parquet
2026-10-08 14:17:21 [INFO]   → Saved 185 records to C:\Users\albus\projects\traffic_congession\data\telemetry\city=delhi\2026-10-08.parquet
2026-10-08 14:17:21 [INFO]   → Saved 123 records to C:\Users\albus\projects\traffic_congession\data\telemetry\city=hyderabad\2026-10-08.parquet
2026-10-08 14:17:21 [INFO]   → Saved 82 records to C:\Users\albus\projects\traffic_congession\data\telemetry\city=jaipur\2026-10-08.parquet
2026-10-08 14:17:21 [INFO]   → Saved 41 records to C:\Users\albus\projects\traffic_congession\data\telemetry\city=kochi\2026-10-08.parquet
2026-10-08 14:17:21 [INFO]   → Saved 123 records to C:\Users\albus\projects\traffic_congession\data\telemetry\city=kolkata\2026-10-08.parquet
2026-10-08 14:17:21 [INFO]   → Saved 41 records to C:\Users\albus\projects\traffic_congession\data\telemetry\city=lucknow\2026-10-08.parquet
2026-10-08 14:17:21 [INFO]   → Saved 185 records to C:\Users\albus\projects\traffic_congession\data\telemetry\city=mumbai\2026-10-08.parquet
2026-10-08 14:17:21 [INFO]   → Saved 137 records to C:\Users\albus\projects\traffic_congession\data\telemetry\city=pune\2026-10-08.parquet
2026-10-08 14:17:21 [INFO] Next batch in 5 minutes. Sleeping...
2026-10-08 14:22:21 [INFO] --- Batch start at 14:22:21 ---
2026-10-08 14:22:22 [INFO]   ✓ bengaluru / Silk Board Junction — CI=0.000  speed=42.0/42.0 km/h
2026-10-08 14:22:23 [INFO]   ✓ bengaluru / Marathahalli Bridge — CI=0.257  speed=26.0/35.0 km/h
2026-10-08 14:22:23 [INFO]   ✓ bengaluru / Whitefield Road — CI=0.184  speed=31.0/38.0 km/h
2026-10-08 14:22:24 [INFO]   ✓ bengaluru / Hebbal Flyover — CI=0.160  speed=21.0/25.0 km/h
2026-10-08 14:22:25 [INFO]   ✓ mumbai / Western Express Highway Andheri — CI=0.227  speed=17.0/22.0 km/h
2026-10-08 14:22:26 [INFO]   ✓ mumbai / Eastern Freeway Sewri — CI=0.000  speed=26.0/26.0 km/h
2026-10-08 14:22:27 [INFO]   ✓ mumbai / BKC Bandra Kurla Complex — CI=0.259  speed=20.0/27.0 km/h
2026-10-08 14:22:27 [INFO]   ✓ mumbai / Sion Circle — CI=0.263  speed=14.0/19.0 km/h
2026-10-08 14:22:28 [INFO]   ✓ delhi / Ring Road AIIMS — CI=0.452  speed=17.0/31.0 km/h
2026-10-08 14:22:29 [INFO]   ✓ delhi / DND Flyway Noida Entry — CI=0.171  speed=34.0/41.0 km/h
2026-10-08 14:22:30 [INFO]   ✓ delhi / Cyber City Gurgaon — CI=0.000  speed=45.0/45.0 km/h
2026-10-08 14:22:31 [INFO]   ✓ delhi / ITO Junction — CI=0.407  speed=16.0/27.0 km/h
2026-10-08 14:22:32 [INFO]   ✓ pune / Hinjawadi Phase 1 — CI=0.133  speed=26.0/30.0 km/h
2026-10-08 14:22:32 [INFO]   ✓ pune / FC Road Shivajinagar — CI=0.286  speed=15.0/21.0 km/h
2026-10-08 14:22:33 [INFO]   ✓ pune / Magarpatta City Hadapsar — CI=0.000  speed=31.0/31.0 km/h
2026-10-08 14:22:34 [INFO]   ✓ hyderabad / Hitec City Cyber Towers — CI=0.625  speed=12.0/32.0 km/h
2026-10-08 14:22:34 [INFO]   ✓ hyderabad / Gachibowli Junction — CI=0.167  speed=30.0/36.0 km/h
2026-10-08 14:22:35 [INFO]   ✓ hyderabad / Punjagutta Crossing — CI=0.300  speed=21.0/30.0 km/h
2026-10-08 14:22:36 [INFO]   ✓ chennai / OMR Tidel Park — CI=0.167  speed=25.0/30.0 km/h
2026-10-08 14:22:36 [INFO]   ✓ chennai / Kathipara Junction Guindy — CI=0.000  speed=33.0/33.0 km/h
2026-10-08 14:22:37 [INFO]   ✓ chennai / Anna Nagar Roundtana — CI=0.269  speed=19.0/26.0 km/h
2026-10-08 14:22:38 [INFO]   ✓ kolkata / EM Bypass Science City — CI=0.186  speed=35.0/43.0 km/h
2026-10-08 14:22:38 [INFO]   ✓ kolkata / Park Circus 7-Point Crossing — CI=0.000  speed=48.0/48.0 km/h
2026-10-08 14:22:39 [INFO]   ✓ kolkata / Sector V Salt Lake — CI=0.591  speed=9.0/22.0 km/h
2026-10-08 14:22:40 [INFO]   ✓ ahmedabad / SG Highway ISKCON Cross Road — CI=0.111  speed=32.0/36.0 km/h
2026-10-08 14:22:40 [INFO]   ✓ ahmedabad / Ashram Road Income Tax Circle — CI=0.000  speed=40.0/40.0 km/h
2026-10-08 14:22:41 [INFO]   ✓ jaipur / JLN Marg Jawahar Circle — CI=0.000  speed=44.0/44.0 km/h
2026-10-08 14:22:42 [INFO]   ✓ jaipur / Ajmer Road 200 Feet Bypass — CI=0.229  speed=27.0/35.0 km/h
2026-10-08 14:22:42 [INFO]   ✓ kochi / Edappally Toll Junction — CI=0.000  speed=20.0/20.0 km/h
2026-10-08 14:22:43 [INFO]   ✓ lucknow / Hazratganj Crossing — CI=0.333  speed=20.0/30.0 km/h
2026-10-08 14:22:43 [INFO]   → Saved 84 records to C:\Users\albus\projects\traffic_congession\data\telemetry\city=ahmedabad\2026-10-08.parquet
2026-10-08 14:22:43 [INFO]   → Saved 189 records to C:\Users\albus\projects\traffic_congession\data\telemetry\city=bengaluru\2026-10-08.parquet
2026-10-08 14:22:43 [INFO]   → Saved 126 records to C:\Users\albus\projects\traffic_congession\data\telemetry\city=chennai\2026-10-08.parquet
2026-10-08 14:22:43 [INFO]   → Saved 189 records to C:\Users\albus\projects\traffic_congession\data\telemetry\city=delhi\2026-10-08.parquet
2026-10-08 14:22:43 [INFO]   → Saved 126 records to C:\Users\albus\projects\traffic_congession\data\telemetry\city=hyderabad\2026-10-08.parquet
2026-10-08 14:22:43 [INFO]   → Saved 84 records to C:\Users\albus\projects\traffic_congession\data\telemetry\city=jaipur\2026-10-08.parquet
2026-10-08 14:22:43 [INFO]   → Saved 42 records to C:\Users\albus\projects\traffic_congession\data\telemetry\city=kochi\2026-10-08.parquet
2026-10-08 14:22:43 [INFO]   → Saved 126 records to C:\Users\albus\projects\traffic_congession\data\telemetry\city=kolkata\2026-10-08.parquet
2026-10-08 14:22:43 [INFO]   → Saved 42 records to C:\Users\albus\projects\traffic_congession\data\telemetry\city=lucknow\2026-10-08.parquet
2026-10-08 14:22:43 [INFO]   → Saved 189 records to C:\Users\albus\projects\traffic_congession\data\telemetry\city=mumbai\2026-10-08.parquet
2026-10-08 14:22:43 [INFO]   → Saved 140 records to C:\Users\albus\projects\traffic_congession\data\telemetry\city=pune\2026-10-08.parquet
2026-10-08 14:22:43 [INFO] Next batch in 5 minutes. Sleeping...
2026-10-08 14:27:43 [INFO] --- Batch start at 14:27:43 ---
2026-10-08 14:27:45 [INFO]   ✓ bengaluru / Silk Board Junction — CI=0.000  speed=42.0/42.0 km/h
2026-10-08 14:27:47 [INFO]   ✓ bengaluru / Marathahalli Bridge — CI=0.229  speed=27.0/35.0 km/h
2026-10-08 14:27:48 [INFO]   ✓ bengaluru / Whitefield Road — CI=0.237  speed=29.0/38.0 km/h
2026-10-08 14:27:49 [INFO]   ✓ bengaluru / Hebbal Flyover — CI=0.192  speed=21.0/26.0 km/h
2026-10-08 14:27:50 [INFO]   ✓ mumbai / Western Express Highway Andheri — CI=0.227  speed=17.0/22.0 km/h
2026-10-08 14:27:51 [INFO]   ✓ mumbai / Eastern Freeway Sewri — CI=0.000  speed=26.0/26.0 km/h
2026-10-08 14:27:51 [INFO]   ✓ mumbai / BKC Bandra Kurla Complex — CI=0.222  speed=21.0/27.0 km/h
2026-10-08 14:27:52 [INFO]   ✓ mumbai / Sion Circle — CI=0.421  speed=11.0/19.0 km/h
2026-10-08 14:27:53 [INFO]   ✓ delhi / Ring Road AIIMS — CI=0.438  speed=18.0/32.0 km/h
2026-10-08 14:27:54 [INFO]   ✓ delhi / DND Flyway Noida Entry — CI=0.171  speed=34.0/41.0 km/h
2026-10-08 14:27:54 [INFO]   ✓ delhi / Cyber City Gurgaon — CI=0.000  speed=45.0/45.0 km/h
2026-10-08 14:27:55 [INFO]   ✓ delhi / ITO Junction — CI=0.423  speed=15.0/26.0 km/h
2026-10-08 14:27:56 [INFO]   ✓ pune / Hinjawadi Phase 1 — CI=0.133  speed=26.0/30.0 km/h
2026-10-08 14:27:57 [INFO]   ✓ pune / FC Road Shivajinagar — CI=0.250  speed=15.0/20.0 km/h
2026-10-08 14:27:57 [INFO]   ✓ pune / Magarpatta City Hadapsar — CI=0.000  speed=31.0/31.0 km/h
2026-10-08 14:27:58 [INFO]   ✓ hyderabad / Hitec City Cyber Towers — CI=0.548  speed=14.0/31.0 km/h
2026-10-08 14:27:58 [INFO]   ✓ hyderabad / Gachibowli Junction — CI=0.000  speed=37.0/37.0 km/h
2026-10-08 14:27:59 [INFO]   ✓ hyderabad / Punjagutta Crossing — CI=0.276  speed=21.0/29.0 km/h
2026-10-08 14:28:00 [INFO]   ✓ chennai / OMR Tidel Park — CI=0.267  speed=22.0/30.0 km/h
2026-10-08 14:28:00 [INFO]   ✓ chennai / Kathipara Junction Guindy — CI=0.000  speed=33.0/33.0 km/h
2026-10-08 14:28:01 [INFO]   ✓ chennai / Anna Nagar Roundtana — CI=0.192  speed=21.0/26.0 km/h
2026-10-08 14:28:02 [INFO]   ✓ kolkata / EM Bypass Science City — CI=0.140  speed=37.0/43.0 km/h
2026-10-08 14:28:03 [INFO]   ✓ kolkata / Park Circus 7-Point Crossing — CI=0.000  speed=48.0/48.0 km/h
2026-10-08 14:28:03 [INFO]   ✓ kolkata / Sector V Salt Lake — CI=0.455  speed=12.0/22.0 km/h
2026-10-08 14:28:04 [INFO]   ✓ ahmedabad / SG Highway ISKCON Cross Road — CI=0.114  speed=31.0/35.0 km/h
2026-10-08 14:28:04 [INFO]   ✓ ahmedabad / Ashram Road Income Tax Circle — CI=0.000  speed=40.0/40.0 km/h
2026-10-08 14:28:05 [INFO]   ✓ jaipur / JLN Marg Jawahar Circle — CI=0.000  speed=44.0/44.0 km/h
2026-10-08 14:28:06 [INFO]   ✓ jaipur / Ajmer Road 200 Feet Bypass — CI=0.194  speed=29.0/36.0 km/h
2026-10-08 14:28:06 [INFO]   ✓ kochi / Edappally Toll Junction — CI=0.000  speed=20.0/20.0 km/h
2026-10-08 14:28:07 [INFO]   ✓ lucknow / Hazratganj Crossing — CI=0.310  speed=20.0/29.0 km/h
2026-10-08 14:28:07 [INFO]   → Saved 86 records to C:\Users\albus\projects\traffic_congession\data\telemetry\city=ahmedabad\2026-10-08.parquet
2026-10-08 14:28:07 [INFO]   → Saved 193 records to C:\Users\albus\projects\traffic_congession\data\telemetry\city=bengaluru\2026-10-08.parquet
2026-10-08 14:28:07 [INFO]   → Saved 129 records to C:\Users\albus\projects\traffic_congession\data\telemetry\city=chennai\2026-10-08.parquet
2026-10-08 14:28:07 [INFO]   → Saved 193 records to C:\Users\albus\projects\traffic_congession\data\telemetry\city=delhi\2026-10-08.parquet
2026-10-08 14:28:07 [INFO]   → Saved 129 records to C:\Users\albus\projects\traffic_congession\data\telemetry\city=hyderabad\2026-10-08.parquet
2026-10-08 14:28:07 [INFO]   → Saved 86 records to C:\Users\albus\projects\traffic_congession\data\telemetry\city=jaipur\2026-10-08.parquet
2026-10-08 14:28:07 [INFO]   → Saved 43 records to C:\Users\albus\projects\traffic_congession\data\telemetry\city=kochi\2026-10-08.parquet
2026-10-08 14:28:07 [INFO]   → Saved 129 records to C:\Users\albus\projects\traffic_congession\data\telemetry\city=kolkata\2026-10-08.parquet
2026-10-08 14:28:07 [INFO]   → Saved 43 records to C:\Users\albus\projects\traffic_congession\data\telemetry\city=lucknow\2026-10-08.parquet
2026-10-08 14:28:07 [INFO]   → Saved 193 records to C:\Users\albus\projects\traffic_congession\data\telemetry\city=mumbai\2026-10-08.parquet
2026-10-08 14:28:07 [INFO]   → Saved 143 records to C:\Users\albus\projects\traffic_congession\data\telemetry\city=pune\2026-10-08.parquet
2026-10-08 14:28:07 [INFO] Next batch in 5 minutes. Sleeping...
2026-10-08 14:33:07 [INFO] --- Batch start at 14:33:07 ---
2026-10-08 14:33:08 [INFO]   ✓ bengaluru / Silk Board Junction — CI=0.000  speed=42.0/42.0 km/h
2026-10-08 14:33:09 [INFO]   ✓ bengaluru / Marathahalli Bridge — CI=0.257  speed=26.0/35.0 km/h
2026-10-08 14:33:10 [INFO]   ✓ bengaluru / Whitefield Road — CI=0.184  speed=31.0/38.0 km/h
2026-10-08 14:33:11 [INFO]   ✓ bengaluru / Hebbal Flyover — CI=0.192  speed=21.0/26.0 km/h
2026-10-08 14:33:11 [INFO]   ✓ mumbai / Western Express Highway Andheri — CI=0.273  speed=16.0/22.0 km/h
2026-10-08 14:33:12 [INFO]   ✓ mumbai / Eastern Freeway Sewri — CI=0.000  speed=26.0/26.0 km/h
2026-10-08 14:33:13 [INFO]   ✓ mumbai / BKC Bandra Kurla Complex — CI=0.000  speed=27.0/27.0 km/h
2026-10-08 14:33:13 [INFO]   ✓ mumbai / Sion Circle — CI=0.450  speed=11.0/20.0 km/h
2026-10-08 14:33:14 [INFO]   ✓ delhi / Ring Road AIIMS — CI=0.419  speed=18.0/31.0 km/h
2026-10-08 14:33:15 [INFO]   ✓ delhi / DND Flyway Noida Entry — CI=0.171  speed=34.0/41.0 km/h
2026-10-08 14:33:15 [INFO]   ✓ delhi / Cyber City Gurgaon — CI=0.205  speed=35.0/44.0 km/h
2026-10-08 14:33:16 [INFO]   ✓ delhi / ITO Junction — CI=0.444  speed=15.0/27.0 km/h
2026-10-08 14:33:17 [INFO]   ✓ pune / Hinjawadi Phase 1 — CI=0.000  speed=30.0/30.0 km/h
2026-10-08 14:33:18 [INFO]   ✓ pune / FC Road Shivajinagar — CI=0.364  speed=14.0/22.0 km/h
2026-10-08 14:33:18 [INFO]   ✓ pune / Magarpatta City Hadapsar — CI=0.000  speed=31.0/31.0 km/h
2026-10-08 14:33:19 [INFO]   ✓ hyderabad / Hitec City Cyber Towers — CI=0.533  speed=14.0/30.0 km/h
2026-10-08 14:33:20 [INFO]   ✓ hyderabad / Gachibowli Junction — CI=0.139  speed=31.0/36.0 km/h
2026-10-08 14:33:20 [INFO]   ✓ hyderabad / Punjagutta Crossing — CI=0.333  speed=20.0/30.0 km/h
2026-10-08 14:33:21 [INFO]   ✓ chennai / OMR Tidel Park — CI=0.290  speed=22.0/31.0 km/h
2026-10-08 14:33:22 [INFO]   ✓ chennai / Kathipara Junction Guindy — CI=0.000  speed=33.0/33.0 km/h
2026-10-08 14:33:22 [INFO]   ✓ chennai / Anna Nagar Roundtana — CI=0.231  speed=20.0/26.0 km/h
2026-10-08 14:33:23 [INFO]   ✓ kolkata / EM Bypass Science City — CI=0.000  speed=42.0/42.0 km/h
2026-10-08 14:33:24 [INFO]   ✓ kolkata / Park Circus 7-Point Crossing — CI=0.000  speed=48.0/48.0 km/h
2026-10-08 14:33:24 [INFO]   ✓ kolkata / Sector V Salt Lake — CI=0.455  speed=12.0/22.0 km/h
2026-10-08 14:33:25 [INFO]   ✓ ahmedabad / SG Highway ISKCON Cross Road — CI=0.086  speed=32.0/35.0 km/h
2026-10-08 14:33:26 [INFO]   ✓ ahmedabad / Ashram Road Income Tax Circle — CI=0.000  speed=40.0/40.0 km/h
2026-10-08 14:33:26 [INFO]   ✓ jaipur / JLN Marg Jawahar Circle — CI=0.000  speed=44.0/44.0 km/h
2026-10-08 14:33:27 [INFO]   ✓ jaipur / Ajmer Road 200 Feet Bypass — CI=0.143  speed=30.0/35.0 km/h
2026-10-08 14:33:27 [INFO]   ✓ kochi / Edappally Toll Junction — CI=0.000  speed=20.0/20.0 km/h
2026-10-08 14:33:28 [INFO]   ✓ lucknow / Hazratganj Crossing — CI=0.310  speed=20.0/29.0 km/h
2026-10-08 14:33:28 [INFO]   → Saved 88 records to C:\Users\albus\projects\traffic_congession\data\telemetry\city=ahmedabad\2026-10-08.parquet
2026-10-08 14:33:28 [INFO]   → Saved 197 records to C:\Users\albus\projects\traffic_congession\data\telemetry\city=bengaluru\2026-10-08.parquet
2026-10-08 14:33:29 [INFO]   → Saved 132 records to C:\Users\albus\projects\traffic_congession\data\telemetry\city=chennai\2026-10-08.parquet
2026-10-08 14:33:29 [INFO]   → Saved 197 records to C:\Users\albus\projects\traffic_congession\data\telemetry\city=delhi\2026-10-08.parquet
2026-10-08 14:33:29 [INFO]   → Saved 132 records to C:\Users\albus\projects\traffic_congession\data\telemetry\city=hyderabad\2026-10-08.parquet
2026-10-08 14:33:29 [INFO]   → Saved 88 records to C:\Users\albus\projects\traffic_congession\data\telemetry\city=jaipur\2026-10-08.parquet
2026-10-08 14:33:29 [INFO]   → Saved 44 records to C:\Users\albus\projects\traffic_congession\data\telemetry\city=kochi\2026-10-08.parquet
2026-10-08 14:33:29 [INFO]   → Saved 132 records to C:\Users\albus\projects\traffic_congession\data\telemetry\city=kolkata\2026-10-08.parquet
2026-10-08 14:33:29 [INFO]   → Saved 44 records to C:\Users\albus\projects\traffic_congession\data\telemetry\city=lucknow\2026-10-08.parquet
2026-10-08 14:33:29 [INFO]   → Saved 197 records to C:\Users\albus\projects\traffic_congession\data\telemetry\city=mumbai\2026-10-08.parquet
2026-10-08 14:33:29 [INFO]   → Saved 146 records to C:\Users\albus\projects\traffic_congession\data\telemetry\city=pune\2026-10-08.parquet
2026-10-08 14:33:29 [INFO] Next batch in 5 minutes. Sleeping...
2026-10-08 14:38:29 [INFO] --- Batch start at 14:38:29 ---
2026-10-08 14:38:29 [INFO]   ✓ bengaluru / Silk Board Junction — CI=0.000  speed=42.0/42.0 km/h
2026-10-08 14:38:30 [INFO]   ✓ bengaluru / Marathahalli Bridge — CI=0.229  speed=27.0/35.0 km/h
2026-10-08 14:38:31 [INFO]   ✓ bengaluru / Whitefield Road — CI=0.211  speed=30.0/38.0 km/h
2026-10-08 14:38:32 [INFO]   ✓ bengaluru / Hebbal Flyover — CI=0.192  speed=21.0/26.0 km/h
2026-10-08 14:38:33 [INFO]   ✓ mumbai / Western Express Highway Andheri — CI=0.238  speed=16.0/21.0 km/h
2026-10-08 14:38:33 [INFO]   ✓ mumbai / Eastern Freeway Sewri — CI=0.000  speed=26.0/26.0 km/h
2026-10-08 14:38:34 [INFO]   ✓ mumbai / BKC Bandra Kurla Complex — CI=0.000  speed=27.0/27.0 km/h
2026-10-08 14:38:34 [INFO]   ✓ mumbai / Sion Circle — CI=0.350  speed=13.0/20.0 km/h
2026-10-08 14:38:35 [INFO]   ✓ delhi / Ring Road AIIMS — CI=0.438  speed=18.0/32.0 km/h
2026-10-08 14:38:36 [INFO]   ✓ delhi / DND Flyway Noida Entry — CI=0.171  speed=34.0/41.0 km/h
2026-10-08 14:38:37 [INFO]   ✓ delhi / Cyber City Gurgaon — CI=0.000  speed=45.0/45.0 km/h
2026-10-08 14:38:37 [INFO]   ✓ delhi / ITO Junction — CI=0.519  speed=13.0/27.0 km/h
2026-10-08 14:38:38 [INFO]   ✓ pune / Hinjawadi Phase 1 — CI=0.000  speed=30.0/30.0 km/h
2026-10-08 14:38:39 [INFO]   ✓ pune / FC Road Shivajinagar — CI=0.318  speed=15.0/22.0 km/h
2026-10-08 14:38:39 [INFO]   ✓ pune / Magarpatta City Hadapsar — CI=0.000  speed=31.0/31.0 km/h
2026-10-08 14:38:40 [INFO]   ✓ hyderabad / Hitec City Cyber Towers — CI=0.600  speed=12.0/30.0 km/h
2026-10-08 14:38:41 [INFO]   ✓ hyderabad / Gachibowli Junction — CI=0.194  speed=29.0/36.0 km/h
2026-10-08 14:38:41 [INFO]   ✓ hyderabad / Punjagutta Crossing — CI=0.387  speed=19.0/31.0 km/h
2026-10-08 14:38:42 [INFO]   ✓ chennai / OMR Tidel Park — CI=0.300  speed=21.0/30.0 km/h
2026-10-08 14:38:43 [INFO]   ✓ chennai / Kathipara Junction Guindy — CI=0.312  speed=22.0/32.0 km/h
2026-10-08 14:38:43 [INFO]   ✓ chennai / Anna Nagar Roundtana — CI=0.269  speed=19.0/26.0 km/h
2026-10-08 14:38:44 [INFO]   ✓ kolkata / EM Bypass Science City — CI=0.000  speed=42.0/42.0 km/h
2026-10-08 14:38:45 [INFO]   ✓ kolkata / Park Circus 7-Point Crossing — CI=0.000  speed=48.0/48.0 km/h
2026-10-08 14:38:45 [INFO]   ✓ kolkata / Sector V Salt Lake — CI=0.478  speed=12.0/23.0 km/h
2026-10-08 14:38:46 [INFO]   ✓ ahmedabad / SG Highway ISKCON Cross Road — CI=0.059  speed=32.0/34.0 km/h
2026-10-08 14:38:47 [INFO]   ✓ ahmedabad / Ashram Road Income Tax Circle — CI=0.000  speed=40.0/40.0 km/h
2026-10-08 14:38:47 [INFO]   ✓ jaipur / JLN Marg Jawahar Circle — CI=0.000  speed=44.0/44.0 km/h
2026-10-08 14:38:48 [INFO]   ✓ jaipur / Ajmer Road 200 Feet Bypass — CI=0.194  speed=29.0/36.0 km/h
2026-10-08 14:38:49 [INFO]   ✓ kochi / Edappally Toll Junction — CI=0.000  speed=20.0/20.0 km/h
2026-10-08 14:38:50 [INFO]   ✓ lucknow / Hazratganj Crossing — CI=0.310  speed=20.0/29.0 km/h
2026-10-08 14:38:50 [INFO]   → Saved 90 records to C:\Users\albus\projects\traffic_congession\data\telemetry\city=ahmedabad\2026-10-08.parquet
2026-10-08 14:38:50 [INFO]   → Saved 201 records to C:\Users\albus\projects\traffic_congession\data\telemetry\city=bengaluru\2026-10-08.parquet
2026-10-08 14:38:50 [INFO]   → Saved 135 records to C:\Users\albus\projects\traffic_congession\data\telemetry\city=chennai\2026-10-08.parquet
2026-10-08 14:38:50 [INFO]   → Saved 201 records to C:\Users\albus\projects\traffic_congession\data\telemetry\city=delhi\2026-10-08.parquet
2026-10-08 14:38:50 [INFO]   → Saved 135 records to C:\Users\albus\projects\traffic_congession\data\telemetry\city=hyderabad\2026-10-08.parquet
2026-10-08 14:38:50 [INFO]   → Saved 90 records to C:\Users\albus\projects\traffic_congession\data\telemetry\city=jaipur\2026-10-08.parquet
2026-10-08 14:38:50 [INFO]   → Saved 45 records to C:\Users\albus\projects\traffic_congession\data\telemetry\city=kochi\2026-10-08.parquet
2026-10-08 14:38:50 [INFO]   → Saved 135 records to C:\Users\albus\projects\traffic_congession\data\telemetry\city=kolkata\2026-10-08.parquet
2026-10-08 14:38:50 [INFO]   → Saved 45 records to C:\Users\albus\projects\traffic_congession\data\telemetry\city=lucknow\2026-10-08.parquet
2026-10-08 14:38:50 [INFO]   → Saved 201 records to C:\Users\albus\projects\traffic_congession\data\telemetry\city=mumbai\2026-10-08.parquet
2026-10-08 14:38:50 [INFO]   → Saved 149 records to C:\Users\albus\projects\traffic_congession\data\telemetry\city=pune\2026-10-08.parquet
2026-10-08 14:38:50 [INFO] Next batch in 5 minutes. Sleeping...
2026-10-08 14:43:50 [INFO] --- Batch start at 14:43:50 ---
2026-10-08 14:43:50 [INFO]   ✓ bengaluru / Silk Board Junction — CI=0.000  speed=42.0/42.0 km/h
2026-10-08 14:43:51 [INFO]   ✓ bengaluru / Marathahalli Bridge — CI=0.229  speed=27.0/35.0 km/h
2026-10-08 14:43:52 [INFO]   ✓ bengaluru / Whitefield Road — CI=0.162  speed=31.0/37.0 km/h
2026-10-08 14:43:53 [INFO]   ✓ bengaluru / Hebbal Flyover — CI=0.154  speed=22.0/26.0 km/h
2026-10-08 14:43:54 [INFO]   ✓ mumbai / Western Express Highway Andheri — CI=0.273  speed=16.0/22.0 km/h
2026-10-08 14:43:55 [INFO]   ✓ mumbai / Eastern Freeway Sewri — CI=0.000  speed=26.0/26.0 km/h
2026-10-08 14:43:55 [INFO]   ✓ mumbai / BKC Bandra Kurla Complex — CI=0.222  speed=21.0/27.0 km/h
2026-10-08 14:43:56 [INFO]   ✓ mumbai / Sion Circle — CI=0.368  speed=12.0/19.0 km/h
2026-10-08 14:43:56 [INFO]   ✓ delhi / Ring Road AIIMS — CI=0.419  speed=18.0/31.0 km/h
2026-10-08 14:43:58 [INFO]   ✓ delhi / DND Flyway Noida Entry — CI=0.171  speed=34.0/41.0 km/h
2026-10-08 14:43:58 [INFO]   ✓ delhi / Cyber City Gurgaon — CI=0.227  speed=34.0/44.0 km/h
2026-10-08 14:43:59 [INFO]   ✓ delhi / ITO Junction — CI=0.462  speed=14.0/26.0 km/h
2026-10-08 14:44:00 [INFO]   ✓ pune / Hinjawadi Phase 1 — CI=0.000  speed=30.0/30.0 km/h
2026-10-08 14:44:00 [INFO]   ✓ pune / FC Road Shivajinagar — CI=0.227  speed=17.0/22.0 km/h
2026-10-08 14:44:01 [INFO]   ✓ pune / Magarpatta City Hadapsar — CI=0.000  speed=31.0/31.0 km/h
2026-10-08 14:44:02 [INFO]   ✓ hyderabad / Hitec City Cyber Towers — CI=0.594  speed=13.0/32.0 km/h
2026-10-08 14:44:03 [INFO]   ✓ hyderabad / Gachibowli Junction — CI=0.222  speed=28.0/36.0 km/h
2026-10-08 14:44:03 [INFO]   ✓ hyderabad / Punjagutta Crossing — CI=0.323  speed=21.0/31.0 km/h
2026-10-08 14:44:04 [INFO]   ✓ chennai / OMR Tidel Park — CI=0.172  speed=24.0/29.0 km/h
2026-10-08 14:44:05 [INFO]   ✓ chennai / Kathipara Junction Guindy — CI=0.000  speed=33.0/33.0 km/h
2026-10-08 14:44:05 [INFO]   ✓ chennai / Anna Nagar Roundtana — CI=0.269  speed=19.0/26.0 km/h
2026-10-08 14:44:06 [INFO]   ✓ kolkata / EM Bypass Science City — CI=0.000  speed=42.0/42.0 km/h
2026-10-08 14:44:07 [INFO]   ✓ kolkata / Park Circus 7-Point Crossing — CI=0.000  speed=48.0/48.0 km/h
2026-10-08 14:44:07 [INFO]   ✓ kolkata / Sector V Salt Lake — CI=0.476  speed=11.0/21.0 km/h
2026-10-08 14:44:08 [INFO]   ✓ ahmedabad / SG Highway ISKCON Cross Road — CI=0.143  speed=30.0/35.0 km/h
2026-10-08 14:44:09 [INFO]   ✓ ahmedabad / Ashram Road Income Tax Circle — CI=0.000  speed=40.0/40.0 km/h
2026-10-08 14:44:09 [INFO]   ✓ jaipur / JLN Marg Jawahar Circle — CI=0.000  speed=44.0/44.0 km/h
2026-10-08 14:44:10 [INFO]   ✓ jaipur / Ajmer Road 200 Feet Bypass — CI=0.250  speed=27.0/36.0 km/h
2026-10-08 14:44:11 [INFO]   ✓ kochi / Edappally Toll Junction — CI=0.000  speed=20.0/20.0 km/h
2026-10-08 14:44:12 [INFO]   ✓ lucknow / Hazratganj Crossing — CI=0.345  speed=19.0/29.0 km/h
2026-10-08 14:44:12 [INFO]   → Saved 92 records to C:\Users\albus\projects\traffic_congession\data\telemetry\city=ahmedabad\2026-10-08.parquet
2026-10-08 14:44:12 [INFO]   → Saved 205 records to C:\Users\albus\projects\traffic_congession\data\telemetry\city=bengaluru\2026-10-08.parquet
2026-10-08 14:44:12 [INFO]   → Saved 138 records to C:\Users\albus\projects\traffic_congession\data\telemetry\city=chennai\2026-10-08.parquet
2026-10-08 14:44:12 [INFO]   → Saved 205 records to C:\Users\albus\projects\traffic_congession\data\telemetry\city=delhi\2026-10-08.parquet
2026-10-08 14:44:12 [INFO]   → Saved 138 records to C:\Users\albus\projects\traffic_congession\data\telemetry\city=hyderabad\2026-10-08.parquet
2026-10-08 14:44:12 [INFO]   → Saved 92 records to C:\Users\albus\projects\traffic_congession\data\telemetry\city=jaipur\2026-10-08.parquet
2026-10-08 14:44:12 [INFO]   → Saved 46 records to C:\Users\albus\projects\traffic_congession\data\telemetry\city=kochi\2026-10-08.parquet
2026-10-08 14:44:12 [INFO]   → Saved 138 records to C:\Users\albus\projects\traffic_congession\data\telemetry\city=kolkata\2026-10-08.parquet
2026-10-08 14:44:12 [INFO]   → Saved 46 records to C:\Users\albus\projects\traffic_congession\data\telemetry\city=lucknow\2026-10-08.parquet
2026-10-08 14:44:12 [INFO]   → Saved 205 records to C:\Users\albus\projects\traffic_congession\data\telemetry\city=mumbai\2026-10-08.parquet
2026-10-08 14:44:12 [INFO]   → Saved 152 records to C:\Users\albus\projects\traffic_congession\data\telemetry\city=pune\2026-10-08.parquet
2026-10-08 14:44:12 [INFO] Next batch in 5 minutes. Sleeping...
2026-10-08 14:49:12 [INFO] --- Batch start at 14:49:12 ---
2026-10-08 14:49:12 [INFO]   ✓ bengaluru / Silk Board Junction — CI=0.000  speed=42.0/42.0 km/h
2026-10-08 14:49:13 [INFO]   ✓ bengaluru / Marathahalli Bridge — CI=0.229  speed=27.0/35.0 km/h
2026-10-08 14:49:14 [INFO]   ✓ bengaluru / Whitefield Road — CI=0.211  speed=30.0/38.0 km/h
2026-10-08 14:49:15 [INFO]   ✓ bengaluru / Hebbal Flyover — CI=0.160  speed=21.0/25.0 km/h
2026-10-08 14:49:16 [INFO]   ✓ mumbai / Western Express Highway Andheri — CI=0.227  speed=17.0/22.0 km/h
2026-10-08 14:49:17 [INFO]   ✓ mumbai / Eastern Freeway Sewri — CI=0.000  speed=26.0/26.0 km/h
2026-10-08 14:49:17 [INFO]   ✓ mumbai / BKC Bandra Kurla Complex — CI=0.222  speed=21.0/27.0 km/h
2026-10-08 14:49:18 [INFO]   ✓ mumbai / Sion Circle — CI=0.368  speed=12.0/19.0 km/h
2026-10-08 14:49:19 [INFO]   ✓ delhi / Ring Road AIIMS — CI=0.387  speed=19.0/31.0 km/h
2026-10-08 14:49:20 [INFO]   ✓ delhi / DND Flyway Noida Entry — CI=0.171  speed=34.0/41.0 km/h
2026-10-08 14:49:20 [INFO]   ✓ delhi / Cyber City Gurgaon — CI=0.318  speed=30.0/44.0 km/h
2026-10-08 14:49:21 [INFO]   ✓ delhi / ITO Junction — CI=0.423  speed=15.0/26.0 km/h
2026-10-08 14:49:22 [INFO]   ✓ pune / Hinjawadi Phase 1 — CI=0.000  speed=30.0/30.0 km/h
2026-10-08 14:49:23 [INFO]   ✓ pune / FC Road Shivajinagar — CI=0.227  speed=17.0/22.0 km/h
2026-10-08 14:49:24 [INFO]   ✓ pune / Magarpatta City Hadapsar — CI=0.000  speed=31.0/31.0 km/h
2026-10-08 14:49:24 [INFO]   ✓ hyderabad / Hitec City Cyber Towers — CI=0.667  speed=11.0/33.0 km/h
2026-10-08 14:49:25 [INFO]   ✓ hyderabad / Gachibowli Junction — CI=0.222  speed=28.0/36.0 km/h
2026-10-08 14:49:26 [INFO]   ✓ hyderabad / Punjagutta Crossing — CI=0.333  speed=20.0/30.0 km/h
2026-10-08 14:49:26 [INFO]   ✓ chennai / OMR Tidel Park — CI=0.267  speed=22.0/30.0 km/h
2026-10-08 14:49:27 [INFO]   ✓ chennai / Kathipara Junction Guindy — CI=0.219  speed=25.0/32.0 km/h
2026-10-08 14:49:28 [INFO]   ✓ chennai / Anna Nagar Roundtana — CI=0.231  speed=20.0/26.0 km/h
2026-10-08 14:49:28 [INFO]   ✓ kolkata / EM Bypass Science City — CI=0.000  speed=42.0/42.0 km/h
2026-10-08 14:49:29 [INFO]   ✓ kolkata / Park Circus 7-Point Crossing — CI=0.000  speed=48.0/48.0 km/h
2026-10-08 14:49:30 [INFO]   ✓ kolkata / Sector V Salt Lake — CI=0.500  speed=11.0/22.0 km/h
2026-10-08 14:49:30 [INFO]   ✓ ahmedabad / SG Highway ISKCON Cross Road — CI=0.029  speed=33.0/34.0 km/h
2026-10-08 14:49:31 [INFO]   ✓ ahmedabad / Ashram Road Income Tax Circle — CI=0.000  speed=40.0/40.0 km/h
2026-10-08 14:49:32 [INFO]   ✓ jaipur / JLN Marg Jawahar Circle — CI=0.000  speed=44.0/44.0 km/h
2026-10-08 14:49:32 [INFO]   ✓ jaipur / Ajmer Road 200 Feet Bypass — CI=0.143  speed=30.0/35.0 km/h
2026-10-08 14:49:33 [INFO]   ✓ kochi / Edappally Toll Junction — CI=0.000  speed=20.0/20.0 km/h
2026-10-08 14:49:34 [INFO]   ✓ lucknow / Hazratganj Crossing — CI=0.310  speed=20.0/29.0 km/h
2026-10-08 14:49:34 [INFO]   → Saved 94 records to C:\Users\albus\projects\traffic_congession\data\telemetry\city=ahmedabad\2026-10-08.parquet
2026-10-08 14:49:34 [INFO]   → Saved 209 records to C:\Users\albus\projects\traffic_congession\data\telemetry\city=bengaluru\2026-10-08.parquet
2026-10-08 14:49:34 [INFO]   → Saved 141 records to C:\Users\albus\projects\traffic_congession\data\telemetry\city=chennai\2026-10-08.parquet
2026-10-08 14:49:34 [INFO]   → Saved 209 records to C:\Users\albus\projects\traffic_congession\data\telemetry\city=delhi\2026-10-08.parquet
2026-10-08 14:49:34 [INFO]   → Saved 141 records to C:\Users\albus\projects\traffic_congession\data\telemetry\city=hyderabad\2026-10-08.parquet
2026-10-08 14:49:34 [INFO]   → Saved 94 records to C:\Users\albus\projects\traffic_congession\data\telemetry\city=jaipur\2026-10-08.parquet
2026-10-08 14:49:34 [INFO]   → Saved 47 records to C:\Users\albus\projects\traffic_congession\data\telemetry\city=kochi\2026-10-08.parquet
2026-10-08 14:49:34 [INFO]   → Saved 141 records to C:\Users\albus\projects\traffic_congession\data\telemetry\city=kolkata\2026-10-08.parquet
2026-10-08 14:49:34 [INFO]   → Saved 47 records to C:\Users\albus\projects\traffic_congession\data\telemetry\city=lucknow\2026-10-08.parquet
2026-10-08 14:49:34 [INFO]   → Saved 209 records to C:\Users\albus\projects\traffic_congession\data\telemetry\city=mumbai\2026-10-08.parquet
2026-10-08 14:49:34 [INFO]   → Saved 155 records to C:\Users\albus\projects\traffic_congession\data\telemetry\city=pune\2026-10-08.parquet
2026-10-08 14:49:34 [INFO] Next batch in 5 minutes. Sleeping...
2026-10-08 14:54:34 [INFO] --- Batch start at 14:54:34 ---
2026-10-08 14:54:35 [INFO]   ✓ bengaluru / Silk Board Junction — CI=0.000  speed=42.0/42.0 km/h
2026-10-08 14:54:36 [INFO]   ✓ bengaluru / Marathahalli Bridge — CI=0.229  speed=27.0/35.0 km/h
2026-10-08 14:54:37 [INFO]   ✓ bengaluru / Whitefield Road — CI=0.184  speed=31.0/38.0 km/h
2026-10-08 14:54:37 [INFO]   ✓ bengaluru / Hebbal Flyover — CI=0.192  speed=21.0/26.0 km/h
2026-10-08 14:54:38 [INFO]   ✓ mumbai / Western Express Highway Andheri — CI=0.273  speed=16.0/22.0 km/h
2026-10-08 14:54:39 [INFO]   ✓ mumbai / Eastern Freeway Sewri — CI=0.000  speed=26.0/26.0 km/h
2026-10-08 14:54:39 [INFO]   ✓ mumbai / BKC Bandra Kurla Complex — CI=0.148  speed=23.0/27.0 km/h
2026-10-08 14:54:40 [INFO]   ✓ mumbai / Sion Circle — CI=0.368  speed=12.0/19.0 km/h
2026-10-08 14:54:41 [INFO]   ✓ delhi / Ring Road AIIMS — CI=0.467  speed=16.0/30.0 km/h
2026-10-08 14:54:42 [INFO]   ✓ delhi / DND Flyway Noida Entry — CI=0.171  speed=34.0/41.0 km/h
2026-10-08 14:54:43 [INFO]   ✓ delhi / Cyber City Gurgaon — CI=0.000  speed=45.0/45.0 km/h
2026-10-08 14:54:44 [INFO]   ✓ delhi / ITO Junction — CI=0.481  speed=14.0/27.0 km/h
2026-10-08 14:54:45 [WARNING] TomTom unexpected error for (18.5912, 73.7389): IncompleteRead(26332 bytes read, 25909 more expected)
2026-10-08 14:54:45 [WARNING] Skipping pune/Hinjawadi Phase 1 — no TomTom data
2026-10-08 14:54:46 [INFO]   ✓ pune / FC Road Shivajinagar — CI=0.182  speed=18.0/22.0 km/h
2026-10-08 14:54:46 [INFO]   ✓ pune / Magarpatta City Hadapsar — CI=0.000  speed=31.0/31.0 km/h
2026-10-08 14:54:47 [INFO]   ✓ hyderabad / Hitec City Cyber Towers — CI=0.700  speed=9.0/30.0 km/h
2026-10-08 14:54:48 [INFO]   ✓ hyderabad / Gachibowli Junction — CI=0.222  speed=28.0/36.0 km/h
2026-10-08 14:54:49 [INFO]   ✓ hyderabad / Punjagutta Crossing — CI=0.452  speed=17.0/31.0 km/h
2026-10-08 14:54:49 [INFO]   ✓ chennai / OMR Tidel Park — CI=0.233  speed=23.0/30.0 km/h
2026-10-08 14:54:50 [INFO]   ✓ chennai / Kathipara Junction Guindy — CI=0.000  speed=33.0/33.0 km/h
2026-10-08 14:54:50 [INFO]   ✓ chennai / Anna Nagar Roundtana — CI=0.231  speed=20.0/26.0 km/h
2026-10-08 14:54:51 [INFO]   ✓ kolkata / EM Bypass Science City — CI=0.119  speed=37.0/42.0 km/h
2026-10-08 14:54:52 [INFO]   ✓ kolkata / Park Circus 7-Point Crossing — CI=0.000  speed=48.0/48.0 km/h
2026-10-08 14:54:52 [INFO]   ✓ kolkata / Sector V Salt Lake — CI=0.409  speed=13.0/22.0 km/h
2026-10-08 14:54:53 [INFO]   ✓ ahmedabad / SG Highway ISKCON Cross Road — CI=0.111  speed=32.0/36.0 km/h
2026-10-08 14:54:54 [INFO]   ✓ ahmedabad / Ashram Road Income Tax Circle — CI=0.000  speed=40.0/40.0 km/h
2026-10-08 14:54:54 [INFO]   ✓ jaipur / JLN Marg Jawahar Circle — CI=0.000  speed=44.0/44.0 km/h
2026-10-08 14:54:55 [INFO]   ✓ jaipur / Ajmer Road 200 Feet Bypass — CI=0.000  speed=36.0/36.0 km/h
2026-10-08 14:54:56 [INFO]   ✓ kochi / Edappally Toll Junction — CI=0.000  speed=20.0/20.0 km/h
2026-10-08 14:54:57 [INFO]   ✓ lucknow / Hazratganj Crossing — CI=0.379  speed=18.0/29.0 km/h
2026-10-08 14:54:57 [INFO]   → Saved 96 records to C:\Users\albus\projects\traffic_congession\data\telemetry\city=ahmedabad\2026-10-08.parquet
2026-10-08 14:54:57 [INFO]   → Saved 213 records to C:\Users\albus\projects\traffic_congession\data\telemetry\city=bengaluru\2026-10-08.parquet
2026-10-08 14:54:57 [INFO]   → Saved 144 records to C:\Users\albus\projects\traffic_congession\data\telemetry\city=chennai\2026-10-08.parquet
2026-10-08 14:54:57 [INFO]   → Saved 213 records to C:\Users\albus\projects\traffic_congession\data\telemetry\city=delhi\2026-10-08.parquet
2026-10-08 14:54:57 [INFO]   → Saved 144 records to C:\Users\albus\projects\traffic_congession\data\telemetry\city=hyderabad\2026-10-08.parquet
2026-10-08 14:54:57 [INFO]   → Saved 96 records to C:\Users\albus\projects\traffic_congession\data\telemetry\city=jaipur\2026-10-08.parquet
2026-10-08 14:54:57 [INFO]   → Saved 48 records to C:\Users\albus\projects\traffic_congession\data\telemetry\city=kochi\2026-10-08.parquet
2026-10-08 14:54:57 [INFO]   → Saved 144 records to C:\Users\albus\projects\traffic_congession\data\telemetry\city=kolkata\2026-10-08.parquet
2026-10-08 14:54:57 [INFO]   → Saved 48 records to C:\Users\albus\projects\traffic_congession\data\telemetry\city=lucknow\2026-10-08.parquet
2026-10-08 14:54:57 [INFO]   → Saved 213 records to C:\Users\albus\projects\traffic_congession\data\telemetry\city=mumbai\2026-10-08.parquet
2026-10-08 14:54:57 [INFO]   → Saved 157 records to C:\Users\albus\projects\traffic_congession\data\telemetry\city=pune\2026-10-08.parquet
2026-10-08 14:54:57 [INFO] Next batch in 5 minutes. Sleeping...
2026-10-08 14:59:57 [INFO] --- Batch start at 14:59:57 ---
2026-10-08 14:59:57 [INFO]   ✓ bengaluru / Silk Board Junction — CI=0.000  speed=42.0/42.0 km/h
2026-10-08 14:59:58 [INFO]   ✓ bengaluru / Marathahalli Bridge — CI=0.200  speed=28.0/35.0 km/h
2026-10-08 14:59:59 [INFO]   ✓ bengaluru / Whitefield Road — CI=0.237  speed=29.0/38.0 km/h
2026-10-08 15:00:00 [INFO]   ✓ bengaluru / Hebbal Flyover — CI=0.192  speed=21.0/26.0 km/h
2026-10-08 15:00:01 [INFO]   ✓ mumbai / Western Express Highway Andheri — CI=0.273  speed=16.0/22.0 km/h
2026-10-08 15:00:01 [INFO]   ✓ mumbai / Eastern Freeway Sewri — CI=0.000  speed=26.0/26.0 km/h
2026-10-08 15:00:02 [INFO]   ✓ mumbai / BKC Bandra Kurla Complex — CI=0.000  speed=27.0/27.0 km/h
2026-10-08 15:00:03 [INFO]   ✓ mumbai / Sion Circle — CI=0.450  speed=11.0/20.0 km/h
2026-10-08 15:00:04 [INFO]   ✓ delhi / Ring Road AIIMS — CI=0.387  speed=19.0/31.0 km/h
2026-10-08 15:00:04 [INFO]   ✓ delhi / DND Flyway Noida Entry — CI=0.195  speed=33.0/41.0 km/h
2026-10-08 15:00:05 [INFO]   ✓ delhi / Cyber City Gurgaon — CI=0.000  speed=45.0/45.0 km/h
2026-10-08 15:00:06 [INFO]   ✓ delhi / ITO Junction — CI=0.481  speed=14.0/27.0 km/h
2026-10-08 15:00:07 [INFO]   ✓ pune / Hinjawadi Phase 1 — CI=0.000  speed=30.0/30.0 km/h
2026-10-08 15:00:07 [INFO]   ✓ pune / FC Road Shivajinagar — CI=0.238  speed=16.0/21.0 km/h
2026-10-08 15:00:08 [INFO]   ✓ pune / Magarpatta City Hadapsar — CI=0.000  speed=31.0/31.0 km/h
2026-10-08 15:00:09 [INFO]   ✓ hyderabad / Hitec City Cyber Towers — CI=0.452  speed=17.0/31.0 km/h
2026-10-08 15:00:10 [INFO]   ✓ hyderabad / Gachibowli Junction — CI=0.000  speed=37.0/37.0 km/h
2026-10-08 15:00:10 [INFO]   ✓ hyderabad / Punjagutta Crossing — CI=0.548  speed=14.0/31.0 km/h
2026-10-08 15:00:11 [INFO]   ✓ chennai / OMR Tidel Park — CI=0.233  speed=23.0/30.0 km/h
2026-10-08 15:00:11 [INFO]   ✓ chennai / Kathipara Junction Guindy — CI=0.212  speed=26.0/33.0 km/h
2026-10-08 15:00:12 [INFO]   ✓ chennai / Anna Nagar Roundtana — CI=0.259  speed=20.0/27.0 km/h
2026-10-08 15:00:13 [INFO]   ✓ kolkata / EM Bypass Science City — CI=0.140  speed=37.0/43.0 km/h
2026-10-08 15:00:14 [INFO]   ✓ kolkata / Park Circus 7-Point Crossing — CI=0.000  speed=48.0/48.0 km/h
2026-10-08 15:00:14 [INFO]   ✓ kolkata / Sector V Salt Lake — CI=0.000  speed=22.0/22.0 km/h
2026-10-08 15:00:15 [INFO]   ✓ ahmedabad / SG Highway ISKCON Cross Road — CI=0.057  speed=33.0/35.0 km/h
2026-10-08 15:00:16 [INFO]   ✓ ahmedabad / Ashram Road Income Tax Circle — CI=0.000  speed=40.0/40.0 km/h
2026-10-08 15:00:16 [INFO]   ✓ jaipur / JLN Marg Jawahar Circle — CI=0.000  speed=44.0/44.0 km/h
2026-10-08 15:00:17 [INFO]   ✓ jaipur / Ajmer Road 200 Feet Bypass — CI=0.000  speed=36.0/36.0 km/h
2026-10-08 15:00:17 [INFO]   ✓ kochi / Edappally Toll Junction — CI=0.000  speed=20.0/20.0 km/h
2026-10-08 15:00:18 [INFO]   ✓ lucknow / Hazratganj Crossing — CI=0.345  speed=19.0/29.0 km/h
2026-10-08 15:00:18 [INFO]   → Saved 98 records to C:\Users\albus\projects\traffic_congession\data\telemetry\city=ahmedabad\2026-10-08.parquet
2026-10-08 15:00:18 [INFO]   → Saved 217 records to C:\Users\albus\projects\traffic_congession\data\telemetry\city=bengaluru\2026-10-08.parquet
2026-10-08 15:00:19 [INFO]   → Saved 147 records to C:\Users\albus\projects\traffic_congession\data\telemetry\city=chennai\2026-10-08.parquet
2026-10-08 15:00:19 [INFO]   → Saved 217 records to C:\Users\albus\projects\traffic_congession\data\telemetry\city=delhi\2026-10-08.parquet
2026-10-08 15:00:19 [INFO]   → Saved 147 records to C:\Users\albus\projects\traffic_congession\data\telemetry\city=hyderabad\2026-10-08.parquet
2026-10-08 15:00:19 [INFO]   → Saved 98 records to C:\Users\albus\projects\traffic_congession\data\telemetry\city=jaipur\2026-10-08.parquet
2026-10-08 15:00:19 [INFO]   → Saved 49 records to C:\Users\albus\projects\traffic_congession\data\telemetry\city=kochi\2026-10-08.parquet
2026-10-08 15:00:19 [INFO]   → Saved 147 records to C:\Users\albus\projects\traffic_congession\data\telemetry\city=kolkata\2026-10-08.parquet
2026-10-08 15:00:19 [INFO]   → Saved 49 records to C:\Users\albus\projects\traffic_congession\data\telemetry\city=lucknow\2026-10-08.parquet
2026-10-08 15:00:19 [INFO]   → Saved 217 records to C:\Users\albus\projects\traffic_congession\data\telemetry\city=mumbai\2026-10-08.parquet
2026-10-08 15:00:19 [INFO]   → Saved 160 records to C:\Users\albus\projects\traffic_congession\data\telemetry\city=pune\2026-10-08.parquet
2026-10-08 15:00:19 [INFO] Next batch in 5 minutes. Sleeping...
2026-10-08 15:05:19 [INFO] --- Batch start at 15:05:19 ---
2026-10-08 15:05:19 [INFO]   ✓ bengaluru / Silk Board Junction — CI=0.000  speed=42.0/42.0 km/h
2026-10-08 15:05:20 [INFO]   ✓ bengaluru / Marathahalli Bridge — CI=0.257  speed=26.0/35.0 km/h
2026-10-08 15:05:21 [INFO]   ✓ bengaluru / Whitefield Road — CI=0.211  speed=30.0/38.0 km/h
2026-10-08 15:05:22 [INFO]   ✓ bengaluru / Hebbal Flyover — CI=0.160  speed=21.0/25.0 km/h
2026-10-08 15:05:23 [INFO]   ✓ mumbai / Western Express Highway Andheri — CI=0.273  speed=16.0/22.0 km/h
2026-10-08 15:05:23 [INFO]   ✓ mumbai / Eastern Freeway Sewri — CI=0.000  speed=26.0/26.0 km/h
2026-10-08 15:05:24 [INFO]   ✓ mumbai / BKC Bandra Kurla Complex — CI=0.000  speed=27.0/27.0 km/h
2026-10-08 15:05:24 [INFO]   ✓ mumbai / Sion Circle — CI=0.450  speed=11.0/20.0 km/h
2026-10-08 15:05:25 [INFO]   ✓ delhi / Ring Road AIIMS — CI=0.419  speed=18.0/31.0 km/h
2026-10-08 15:05:26 [INFO]   ✓ delhi / DND Flyway Noida Entry — CI=0.171  speed=34.0/41.0 km/h
2026-10-08 15:05:26 [INFO]   ✓ delhi / Cyber City Gurgaon — CI=0.205  speed=35.0/44.0 km/h
2026-10-08 15:05:27 [INFO]   ✓ delhi / ITO Junction — CI=0.500  speed=13.0/26.0 km/h
2026-10-08 15:05:28 [INFO]   ✓ pune / Hinjawadi Phase 1 — CI=0.000  speed=30.0/30.0 km/h
2026-10-08 15:05:29 [INFO]   ✓ pune / FC Road Shivajinagar — CI=0.200  speed=16.0/20.0 km/h
2026-10-08 15:05:29 [INFO]   ✓ pune / Magarpatta City Hadapsar — CI=0.000  speed=31.0/31.0 km/h
2026-10-08 15:05:30 [INFO]   ✓ hyderabad / Hitec City Cyber Towers — CI=0.613  speed=12.0/31.0 km/h
2026-10-08 15:05:31 [INFO]   ✓ hyderabad / Gachibowli Junction — CI=0.243  speed=28.0/37.0 km/h
2026-10-08 15:05:31 [INFO]   ✓ hyderabad / Punjagutta Crossing — CI=0.581  speed=13.0/31.0 km/h
2026-10-08 15:05:32 [INFO]   ✓ chennai / OMR Tidel Park — CI=0.300  speed=21.0/30.0 km/h
2026-10-08 15:05:33 [INFO]   ✓ chennai / Kathipara Junction Guindy — CI=0.212  speed=26.0/33.0 km/h
2026-10-08 15:05:33 [INFO]   ✓ chennai / Anna Nagar Roundtana — CI=0.231  speed=20.0/26.0 km/h
2026-10-08 15:05:34 [INFO]   ✓ kolkata / EM Bypass Science City — CI=0.163  speed=36.0/43.0 km/h
2026-10-08 15:05:35 [INFO]   ✓ kolkata / Park Circus 7-Point Crossing — CI=0.000  speed=48.0/48.0 km/h
2026-10-08 15:05:35 [INFO]   ✓ kolkata / Sector V Salt Lake — CI=0.182  speed=18.0/22.0 km/h
2026-10-08 15:05:36 [INFO]   ✓ ahmedabad / SG Highway ISKCON Cross Road — CI=0.029  speed=34.0/35.0 km/h
2026-10-08 15:05:36 [INFO]   ✓ ahmedabad / Ashram Road Income Tax Circle — CI=0.000  speed=40.0/40.0 km/h
2026-10-08 15:05:37 [INFO]   ✓ jaipur / JLN Marg Jawahar Circle — CI=0.000  speed=44.0/44.0 km/h
2026-10-08 15:05:37 [INFO]   ✓ jaipur / Ajmer Road 200 Feet Bypass — CI=0.000  speed=36.0/36.0 km/h
2026-10-08 15:05:38 [INFO]   ✓ kochi / Edappally Toll Junction — CI=0.000  speed=20.0/20.0 km/h
2026-10-08 15:05:39 [INFO]   ✓ lucknow / Hazratganj Crossing — CI=0.310  speed=20.0/29.0 km/h
2026-10-08 15:05:39 [INFO]   → Saved 100 records to C:\Users\albus\projects\traffic_congession\data\telemetry\city=ahmedabad\2026-10-08.parquet
2026-10-08 15:05:39 [INFO]   → Saved 221 records to C:\Users\albus\projects\traffic_congession\data\telemetry\city=bengaluru\2026-10-08.parquet
2026-10-08 15:05:39 [INFO]   → Saved 150 records to C:\Users\albus\projects\traffic_congession\data\telemetry\city=chennai\2026-10-08.parquet
2026-10-08 15:05:39 [INFO]   → Saved 221 records to C:\Users\albus\projects\traffic_congession\data\telemetry\city=delhi\2026-10-08.parquet
2026-10-08 15:05:39 [INFO]   → Saved 150 records to C:\Users\albus\projects\traffic_congession\data\telemetry\city=hyderabad\2026-10-08.parquet
2026-10-08 15:05:39 [INFO]   → Saved 100 records to C:\Users\albus\projects\traffic_congession\data\telemetry\city=jaipur\2026-10-08.parquet
2026-10-08 15:05:39 [INFO]   → Saved 50 records to C:\Users\albus\projects\traffic_congession\data\telemetry\city=kochi\2026-10-08.parquet
2026-10-08 15:05:39 [INFO]   → Saved 150 records to C:\Users\albus\projects\traffic_congession\data\telemetry\city=kolkata\2026-10-08.parquet
2026-10-08 15:05:39 [INFO]   → Saved 50 records to C:\Users\albus\projects\traffic_congession\data\telemetry\city=lucknow\2026-10-08.parquet
2026-10-08 15:05:39 [INFO]   → Saved 221 records to C:\Users\albus\projects\traffic_congession\data\telemetry\city=mumbai\2026-10-08.parquet
2026-10-08 15:05:39 [INFO]   → Saved 163 records to C:\Users\albus\projects\traffic_congession\data\telemetry\city=pune\2026-10-08.parquet
2026-10-08 15:05:39 [INFO] Next batch in 5 minutes. Sleeping...
2026-10-08 15:10:39 [INFO] --- Batch start at 15:10:39 ---
2026-10-08 15:10:40 [INFO]   ✓ bengaluru / Silk Board Junction — CI=0.000  speed=42.0/42.0 km/h
2026-10-08 15:10:41 [INFO]   ✓ bengaluru / Marathahalli Bridge — CI=0.257  speed=26.0/35.0 km/h
2026-10-08 15:10:42 [INFO]   ✓ bengaluru / Whitefield Road — CI=0.211  speed=30.0/38.0 km/h
2026-10-08 15:10:43 [INFO]   ✓ bengaluru / Hebbal Flyover — CI=0.192  speed=21.0/26.0 km/h
2026-10-08 15:10:44 [INFO]   ✓ mumbai / Western Express Highway Andheri — CI=0.227  speed=17.0/22.0 km/h
2026-10-08 15:10:44 [INFO]   ✓ mumbai / Eastern Freeway Sewri — CI=0.000  speed=26.0/26.0 km/h
2026-10-08 15:10:45 [INFO]   ✓ mumbai / BKC Bandra Kurla Complex — CI=0.192  speed=21.0/26.0 km/h
2026-10-08 15:10:46 [INFO]   ✓ mumbai / Sion Circle — CI=0.368  speed=12.0/19.0 km/h
2026-10-08 15:10:47 [INFO]   ✓ delhi / Ring Road AIIMS — CI=0.419  speed=18.0/31.0 km/h
2026-10-08 15:10:48 [INFO]   ✓ delhi / DND Flyway Noida Entry — CI=0.195  speed=33.0/41.0 km/h
2026-10-08 15:10:48 [INFO]   ✓ delhi / Cyber City Gurgaon — CI=0.000  speed=45.0/45.0 km/h
2026-10-08 15:10:49 [INFO]   ✓ delhi / ITO Junction — CI=0.577  speed=11.0/26.0 km/h
2026-10-08 15:10:50 [INFO]   ✓ pune / Hinjawadi Phase 1 — CI=0.000  speed=30.0/30.0 km/h
2026-10-08 15:10:51 [INFO]   ✓ pune / FC Road Shivajinagar — CI=0.200  speed=16.0/20.0 km/h
2026-10-08 15:10:52 [INFO]   ✓ pune / Magarpatta City Hadapsar — CI=0.000  speed=31.0/31.0 km/h
2026-10-08 15:10:52 [INFO]   ✓ hyderabad / Hitec City Cyber Towers — CI=0.531  speed=15.0/32.0 km/h
2026-10-08 15:10:53 [INFO]   ✓ hyderabad / Gachibowli Junction — CI=0.250  speed=27.0/36.0 km/h
2026-10-08 15:10:54 [INFO]   ✓ hyderabad / Punjagutta Crossing — CI=0.548  speed=14.0/31.0 km/h
2026-10-08 15:10:54 [INFO]   ✓ chennai / OMR Tidel Park — CI=0.323  speed=21.0/31.0 km/h
2026-10-08 15:10:55 [INFO]   ✓ chennai / Kathipara Junction Guindy — CI=0.000  speed=33.0/33.0 km/h
2026-10-08 15:10:56 [INFO]   ✓ chennai / Anna Nagar Roundtana — CI=0.222  speed=21.0/27.0 km/h
2026-10-08 15:10:57 [INFO]   ✓ kolkata / EM Bypass Science City — CI=0.163  speed=36.0/43.0 km/h
2026-10-08 15:10:58 [INFO]   ✓ kolkata / Park Circus 7-Point Crossing — CI=0.000  speed=48.0/48.0 km/h
2026-10-08 15:10:58 [INFO]   ✓ kolkata / Sector V Salt Lake — CI=0.227  speed=17.0/22.0 km/h
2026-10-08 15:10:59 [INFO]   ✓ ahmedabad / SG Highway ISKCON Cross Road — CI=0.171  speed=29.0/35.0 km/h
2026-10-08 15:11:00 [INFO]   ✓ ahmedabad / Ashram Road Income Tax Circle — CI=0.000  speed=40.0/40.0 km/h
2026-10-08 15:11:00 [INFO]   ✓ jaipur / JLN Marg Jawahar Circle — CI=0.000  speed=44.0/44.0 km/h
2026-10-08 15:11:01 [INFO]   ✓ jaipur / Ajmer Road 200 Feet Bypass — CI=0.111  speed=32.0/36.0 km/h
2026-10-08 15:11:02 [INFO]   ✓ kochi / Edappally Toll Junction — CI=0.000  speed=20.0/20.0 km/h
2026-10-08 15:11:03 [INFO]   ✓ lucknow / Hazratganj Crossing — CI=0.276  speed=21.0/29.0 km/h
2026-10-08 15:11:03 [INFO]   → Saved 102 records to C:\Users\albus\projects\traffic_congession\data\telemetry\city=ahmedabad\2026-10-08.parquet
2026-10-08 15:11:03 [INFO]   → Saved 225 records to C:\Users\albus\projects\traffic_congession\data\telemetry\city=bengaluru\2026-10-08.parquet
2026-10-08 15:11:03 [INFO]   → Saved 153 records to C:\Users\albus\projects\traffic_congession\data\telemetry\city=chennai\2026-10-08.parquet
2026-10-08 15:11:03 [INFO]   → Saved 225 records to C:\Users\albus\projects\traffic_congession\data\telemetry\city=delhi\2026-10-08.parquet
2026-10-08 15:11:03 [INFO]   → Saved 153 records to C:\Users\albus\projects\traffic_congession\data\telemetry\city=hyderabad\2026-10-08.parquet
2026-10-08 15:11:03 [INFO]   → Saved 102 records to C:\Users\albus\projects\traffic_congession\data\telemetry\city=jaipur\2026-10-08.parquet
2026-10-08 15:11:03 [INFO]   → Saved 51 records to C:\Users\albus\projects\traffic_congession\data\telemetry\city=kochi\2026-10-08.parquet
2026-10-08 15:11:03 [INFO]   → Saved 153 records to C:\Users\albus\projects\traffic_congession\data\telemetry\city=kolkata\2026-10-08.parquet
2026-10-08 15:11:03 [INFO]   → Saved 51 records to C:\Users\albus\projects\traffic_congession\data\telemetry\city=lucknow\2026-10-08.parquet
2026-10-08 15:11:03 [INFO]   → Saved 225 records to C:\Users\albus\projects\traffic_congession\data\telemetry\city=mumbai\2026-10-08.parquet
2026-10-08 15:11:03 [INFO]   → Saved 166 records to C:\Users\albus\projects\traffic_congession\data\telemetry\city=pune\2026-10-08.parquet
2026-10-08 15:11:03 [INFO] Next batch in 5 minutes. Sleeping...
2026-10-08 15:16:03 [INFO] --- Batch start at 15:16:03 ---
2026-10-08 15:16:10 [INFO]   ✓ bengaluru / Silk Board Junction — CI=0.000  speed=42.0/42.0 km/h
2026-10-08 15:16:12 [INFO]   ✓ bengaluru / Marathahalli Bridge — CI=0.314  speed=24.0/35.0 km/h
2026-10-08 15:16:13 [INFO]   ✓ bengaluru / Whitefield Road — CI=0.263  speed=28.0/38.0 km/h
2026-10-08 15:16:14 [INFO]   ✓ bengaluru / Hebbal Flyover — CI=0.231  speed=20.0/26.0 km/h
2026-10-08 15:16:16 [INFO]   ✓ mumbai / Western Express Highway Andheri — CI=0.273  speed=16.0/22.0 km/h
2026-10-08 15:16:16 [INFO]   ✓ mumbai / Eastern Freeway Sewri — CI=0.000  speed=26.0/26.0 km/h
2026-10-08 15:16:18 [INFO]   ✓ mumbai / BKC Bandra Kurla Complex — CI=0.000  speed=27.0/27.0 km/h
2026-10-08 15:16:19 [INFO]   ✓ mumbai / Sion Circle — CI=0.400  speed=12.0/20.0 km/h
2026-10-08 15:16:20 [INFO]   ✓ delhi / Ring Road AIIMS — CI=0.387  speed=19.0/31.0 km/h
2026-10-08 15:16:22 [INFO]   ✓ delhi / DND Flyway Noida Entry — CI=0.195  speed=33.0/41.0 km/h
2026-10-08 15:16:23 [INFO]   ✓ delhi / Cyber City Gurgaon — CI=0.279  speed=31.0/43.0 km/h
2026-10-08 15:16:24 [INFO]   ✓ delhi / ITO Junction — CI=0.519  speed=13.0/27.0 km/h
2026-10-08 15:16:26 [INFO]   ✓ pune / Hinjawadi Phase 1 — CI=0.000  speed=30.0/30.0 km/h
2026-10-08 15:16:26 [INFO]   ✓ pune / FC Road Shivajinagar — CI=0.238  speed=16.0/21.0 km/h
2026-10-08 15:16:28 [INFO]   ✓ pune / Magarpatta City Hadapsar — CI=0.000  speed=31.0/31.0 km/h
2026-10-08 15:16:29 [INFO]   ✓ hyderabad / Hitec City Cyber Towers — CI=0.438  speed=18.0/32.0 km/h
2026-10-08 15:16:30 [INFO]   ✓ hyderabad / Gachibowli Junction — CI=0.171  speed=29.0/35.0 km/h
2026-10-08 15:16:31 [INFO]   ✓ hyderabad / Punjagutta Crossing — CI=0.400  speed=18.0/30.0 km/h
2026-10-08 15:16:33 [INFO]   ✓ chennai / OMR Tidel Park — CI=0.333  speed=20.0/30.0 km/h
2026-10-08 15:16:34 [INFO]   ✓ chennai / Kathipara Junction Guindy — CI=0.194  speed=25.0/31.0 km/h
2026-10-08 15:16:36 [INFO]   ✓ chennai / Anna Nagar Roundtana — CI=0.185  speed=22.0/27.0 km/h
2026-10-08 15:16:37 [INFO]   ✓ kolkata / EM Bypass Science City — CI=0.190  speed=34.0/42.0 km/h
2026-10-08 15:16:39 [INFO]   ✓ kolkata / Park Circus 7-Point Crossing — CI=0.000  speed=48.0/48.0 km/h
2026-10-08 15:16:40 [INFO]   ✓ kolkata / Sector V Salt Lake — CI=0.227  speed=17.0/22.0 km/h
2026-10-08 15:16:42 [INFO]   ✓ ahmedabad / SG Highway ISKCON Cross Road — CI=0.114  speed=31.0/35.0 km/h
2026-10-08 15:16:43 [INFO]   ✓ ahmedabad / Ashram Road Income Tax Circle — CI=0.000  speed=40.0/40.0 km/h
2026-10-08 15:16:44 [INFO]   ✓ jaipur / JLN Marg Jawahar Circle — CI=0.000  speed=44.0/44.0 km/h
2026-10-08 15:16:45 [INFO]   ✓ jaipur / Ajmer Road 200 Feet Bypass — CI=0.139  speed=31.0/36.0 km/h
2026-10-08 15:16:46 [INFO]   ✓ kochi / Edappally Toll Junction — CI=0.000  speed=20.0/20.0 km/h
2026-10-08 15:16:47 [INFO]   ✓ lucknow / Hazratganj Crossing — CI=0.333  speed=20.0/30.0 km/h
2026-10-08 15:16:47 [INFO]   → Saved 104 records to C:\Users\albus\projects\traffic_congession\data\telemetry\city=ahmedabad\2026-10-08.parquet
2026-10-08 15:16:47 [INFO]   → Saved 229 records to C:\Users\albus\projects\traffic_congession\data\telemetry\city=bengaluru\2026-10-08.parquet
2026-10-08 15:16:47 [INFO]   → Saved 156 records to C:\Users\albus\projects\traffic_congession\data\telemetry\city=chennai\2026-10-08.parquet
2026-10-08 15:16:47 [INFO]   → Saved 229 records to C:\Users\albus\projects\traffic_congession\data\telemetry\city=delhi\2026-10-08.parquet
2026-10-08 15:16:47 [INFO]   → Saved 156 records to C:\Users\albus\projects\traffic_congession\data\telemetry\city=hyderabad\2026-10-08.parquet
2026-10-08 15:16:47 [INFO]   → Saved 104 records to C:\Users\albus\projects\traffic_congession\data\telemetry\city=jaipur\2026-10-08.parquet
2026-10-08 15:16:47 [INFO]   → Saved 52 records to C:\Users\albus\projects\traffic_congession\data\telemetry\city=kochi\2026-10-08.parquet
2026-10-08 15:16:47 [INFO]   → Saved 156 records to C:\Users\albus\projects\traffic_congession\data\telemetry\city=kolkata\2026-10-08.parquet
2026-10-08 15:16:47 [INFO]   → Saved 52 records to C:\Users\albus\projects\traffic_congession\data\telemetry\city=lucknow\2026-10-08.parquet
2026-10-08 15:16:47 [INFO]   → Saved 229 records to C:\Users\albus\projects\traffic_congession\data\telemetry\city=mumbai\2026-10-08.parquet
2026-10-08 15:16:47 [INFO]   → Saved 169 records to C:\Users\albus\projects\traffic_congession\data\telemetry\city=pune\2026-10-08.parquet
2026-10-08 15:16:47 [INFO] Next batch in 5 minutes. Sleeping...
2026-10-08 15:21:47 [INFO] --- Batch start at 15:21:47 ---
2026-10-08 15:21:48 [INFO]   ✓ bengaluru / Silk Board Junction — CI=0.000  speed=42.0/42.0 km/h
2026-10-08 15:21:49 [INFO]   ✓ bengaluru / Marathahalli Bridge — CI=0.314  speed=24.0/35.0 km/h
2026-10-08 15:21:49 [INFO]   ✓ bengaluru / Whitefield Road — CI=0.263  speed=28.0/38.0 km/h
2026-10-08 15:21:50 [INFO]   ✓ bengaluru / Hebbal Flyover — CI=0.192  speed=21.0/26.0 km/h
2026-10-08 15:21:51 [INFO]   ✓ mumbai / Western Express Highway Andheri — CI=0.238  speed=16.0/21.0 km/h
2026-10-08 15:21:52 [INFO]   ✓ mumbai / Eastern Freeway Sewri — CI=0.000  speed=26.0/26.0 km/h
2026-10-08 15:21:52 [INFO]   ✓ mumbai / BKC Bandra Kurla Complex — CI=0.185  speed=22.0/27.0 km/h
2026-10-08 15:21:53 [INFO]   ✓ mumbai / Sion Circle — CI=0.450  speed=11.0/20.0 km/h
2026-10-08 15:21:54 [INFO]   ✓ delhi / Ring Road AIIMS — CI=0.355  speed=20.0/31.0 km/h
2026-10-08 15:21:55 [INFO]   ✓ delhi / DND Flyway Noida Entry — CI=0.195  speed=33.0/41.0 km/h
2026-10-08 15:21:55 [INFO]   ✓ delhi / Cyber City Gurgaon — CI=0.227  speed=34.0/44.0 km/h
2026-10-08 15:21:56 [INFO]   ✓ delhi / ITO Junction — CI=0.500  speed=13.0/26.0 km/h
2026-10-08 15:21:57 [INFO]   ✓ pune / Hinjawadi Phase 1 — CI=0.000  speed=30.0/30.0 km/h
2026-10-08 15:21:57 [INFO]   ✓ pune / FC Road Shivajinagar — CI=0.227  speed=17.0/22.0 km/h
2026-10-08 15:21:58 [INFO]   ✓ pune / Magarpatta City Hadapsar — CI=0.000  speed=31.0/31.0 km/h
2026-10-08 15:21:59 [INFO]   ✓ hyderabad / Hitec City Cyber Towers — CI=0.355  speed=20.0/31.0 km/h
2026-10-08 15:21:59 [INFO]   ✓ hyderabad / Gachibowli Junction — CI=0.250  speed=27.0/36.0 km/h
2026-10-08 15:22:00 [INFO]   ✓ hyderabad / Punjagutta Crossing — CI=0.387  speed=19.0/31.0 km/h
2026-10-08 15:22:01 [INFO]   ✓ chennai / OMR Tidel Park — CI=0.300  speed=21.0/30.0 km/h
2026-10-08 15:22:01 [INFO]   ✓ chennai / Kathipara Junction Guindy — CI=0.194  speed=25.0/31.0 km/h
2026-10-08 15:22:02 [INFO]   ✓ chennai / Anna Nagar Roundtana — CI=0.231  speed=20.0/26.0 km/h
2026-10-08 15:22:03 [INFO]   ✓ kolkata / EM Bypass Science City — CI=0.209  speed=34.0/43.0 km/h
2026-10-08 15:22:03 [INFO]   ✓ kolkata / Park Circus 7-Point Crossing — CI=0.000  speed=48.0/48.0 km/h
2026-10-08 15:22:04 [INFO]   ✓ kolkata / Sector V Salt Lake — CI=0.273  speed=16.0/22.0 km/h
2026-10-08 15:22:05 [INFO]   ✓ ahmedabad / SG Highway ISKCON Cross Road — CI=0.139  speed=31.0/36.0 km/h
2026-10-08 15:22:05 [INFO]   ✓ ahmedabad / Ashram Road Income Tax Circle — CI=0.000  speed=40.0/40.0 km/h
2026-10-08 15:22:06 [INFO]   ✓ jaipur / JLN Marg Jawahar Circle — CI=0.000  speed=44.0/44.0 km/h
2026-10-08 15:22:06 [INFO]   ✓ jaipur / Ajmer Road 200 Feet Bypass — CI=0.371  speed=22.0/35.0 km/h
2026-10-08 15:22:08 [INFO]   ✓ kochi / Edappally Toll Junction — CI=0.000  speed=20.0/20.0 km/h
2026-10-08 15:22:09 [INFO]   ✓ lucknow / Hazratganj Crossing — CI=0.310  speed=20.0/29.0 km/h
2026-10-08 15:22:09 [INFO]   → Saved 106 records to C:\Users\albus\projects\traffic_congession\data\telemetry\city=ahmedabad\2026-10-08.parquet
2026-10-08 15:22:09 [INFO]   → Saved 233 records to C:\Users\albus\projects\traffic_congession\data\telemetry\city=bengaluru\2026-10-08.parquet
2026-10-08 15:22:09 [INFO]   → Saved 159 records to C:\Users\albus\projects\traffic_congession\data\telemetry\city=chennai\2026-10-08.parquet
2026-10-08 15:22:09 [INFO]   → Saved 233 records to C:\Users\albus\projects\traffic_congession\data\telemetry\city=delhi\2026-10-08.parquet
2026-10-08 15:22:09 [INFO]   → Saved 159 records to C:\Users\albus\projects\traffic_congession\data\telemetry\city=hyderabad\2026-10-08.parquet
2026-10-08 15:22:09 [INFO]   → Saved 106 records to C:\Users\albus\projects\traffic_congession\data\telemetry\city=jaipur\2026-10-08.parquet
2026-10-08 15:22:09 [INFO]   → Saved 53 records to C:\Users\albus\projects\traffic_congession\data\telemetry\city=kochi\2026-10-08.parquet
2026-10-08 15:22:09 [INFO]   → Saved 159 records to C:\Users\albus\projects\traffic_congession\data\telemetry\city=kolkata\2026-10-08.parquet
2026-10-08 15:22:09 [INFO]   → Saved 53 records to C:\Users\albus\projects\traffic_congession\data\telemetry\city=lucknow\2026-10-08.parquet
2026-10-08 15:22:09 [INFO]   → Saved 233 records to C:\Users\albus\projects\traffic_congession\data\telemetry\city=mumbai\2026-10-08.parquet
2026-10-08 15:22:09 [INFO]   → Saved 172 records to C:\Users\albus\projects\traffic_congession\data\telemetry\city=pune\2026-10-08.parquet
2026-10-08 15:22:09 [INFO] Next batch in 5 minutes. Sleeping...
2026-10-08 15:27:09 [INFO] --- Batch start at 15:27:09 ---
2026-10-08 15:27:10 [INFO]   ✓ bengaluru / Silk Board Junction — CI=0.000  speed=42.0/42.0 km/h
2026-10-08 15:27:12 [INFO]   ✓ bengaluru / Marathahalli Bridge — CI=0.314  speed=24.0/35.0 km/h
2026-10-08 15:27:15 [INFO]   ✓ bengaluru / Whitefield Road — CI=0.237  speed=29.0/38.0 km/h
2026-10-08 15:27:20 [INFO]   ✓ bengaluru / Hebbal Flyover — CI=0.192  speed=21.0/26.0 km/h
2026-10-08 15:27:20 [INFO]   ✓ mumbai / Western Express Highway Andheri — CI=0.273  speed=16.0/22.0 km/h
2026-10-08 15:27:21 [INFO]   ✓ mumbai / Eastern Freeway Sewri — CI=0.000  speed=26.0/26.0 km/h
2026-10-08 15:27:22 [INFO]   ✓ mumbai / BKC Bandra Kurla Complex — CI=0.333  speed=18.0/27.0 km/h
2026-10-08 15:27:23 [INFO]   ✓ mumbai / Sion Circle — CI=0.300  speed=14.0/20.0 km/h
2026-10-08 15:27:25 [INFO]   ✓ delhi / Ring Road AIIMS — CI=0.406  speed=19.0/32.0 km/h
2026-10-08 15:27:26 [INFO]   ✓ delhi / DND Flyway Noida Entry — CI=0.171  speed=34.0/41.0 km/h
2026-10-08 15:27:27 [INFO]   ✓ delhi / Cyber City Gurgaon — CI=0.186  speed=35.0/43.0 km/h
2026-10-08 15:27:28 [INFO]   ✓ delhi / ITO Junction — CI=0.423  speed=15.0/26.0 km/h
2026-10-08 15:27:29 [INFO]   ✓ pune / Hinjawadi Phase 1 — CI=0.000  speed=30.0/30.0 km/h
2026-10-08 15:27:30 [INFO]   ✓ pune / FC Road Shivajinagar — CI=0.227  speed=17.0/22.0 km/h
2026-10-08 15:27:31 [INFO]   ✓ pune / Magarpatta City Hadapsar — CI=0.000  speed=31.0/31.0 km/h
2026-10-08 15:27:33 [INFO]   ✓ hyderabad / Hitec City Cyber Towers — CI=0.355  speed=20.0/31.0 km/h
2026-10-08 15:27:34 [INFO]   ✓ hyderabad / Gachibowli Junction — CI=0.250  speed=27.0/36.0 km/h
2026-10-08 15:27:35 [INFO]   ✓ hyderabad / Punjagutta Crossing — CI=0.406  speed=19.0/32.0 km/h
2026-10-08 15:27:36 [INFO]   ✓ chennai / OMR Tidel Park — CI=0.333  speed=20.0/30.0 km/h
2026-10-08 15:27:37 [INFO]   ✓ chennai / Kathipara Junction Guindy — CI=0.000  speed=33.0/33.0 km/h
2026-10-08 15:27:37 [INFO]   ✓ chennai / Anna Nagar Roundtana — CI=0.231  speed=20.0/26.0 km/h
2026-10-08 15:27:39 [INFO]   ✓ kolkata / EM Bypass Science City — CI=0.214  speed=33.0/42.0 km/h
2026-10-08 15:27:40 [INFO]   ✓ kolkata / Park Circus 7-Point Crossing — CI=0.000  speed=48.0/48.0 km/h
2026-10-08 15:27:41 [INFO]   ✓ kolkata / Sector V Salt Lake — CI=0.182  speed=18.0/22.0 km/h
2026-10-08 15:27:42 [INFO]   ✓ ahmedabad / SG Highway ISKCON Cross Road — CI=0.111  speed=32.0/36.0 km/h
2026-10-08 15:27:43 [INFO]   ✓ ahmedabad / Ashram Road Income Tax Circle — CI=0.000  speed=40.0/40.0 km/h
2026-10-08 15:27:44 [INFO]   ✓ jaipur / JLN Marg Jawahar Circle — CI=0.000  speed=44.0/44.0 km/h
2026-10-08 15:27:44 [INFO]   ✓ jaipur / Ajmer Road 200 Feet Bypass — CI=0.235  speed=26.0/34.0 km/h
2026-10-08 15:27:45 [INFO]   ✓ kochi / Edappally Toll Junction — CI=0.000  speed=20.0/20.0 km/h
2026-10-08 15:27:46 [INFO]   ✓ lucknow / Hazratganj Crossing — CI=0.276  speed=21.0/29.0 km/h
2026-10-08 15:27:46 [INFO]   → Saved 108 records to C:\Users\albus\projects\traffic_congession\data\telemetry\city=ahmedabad\2026-10-08.parquet
2026-10-08 15:27:46 [INFO]   → Saved 237 records to C:\Users\albus\projects\traffic_congession\data\telemetry\city=bengaluru\2026-10-08.parquet
2026-10-08 15:27:46 [INFO]   → Saved 162 records to C:\Users\albus\projects\traffic_congession\data\telemetry\city=chennai\2026-10-08.parquet
2026-10-08 15:27:46 [INFO]   → Saved 237 records to C:\Users\albus\projects\traffic_congession\data\telemetry\city=delhi\2026-10-08.parquet
2026-10-08 15:27:46 [INFO]   → Saved 162 records to C:\Users\albus\projects\traffic_congession\data\telemetry\city=hyderabad\2026-10-08.parquet
2026-10-08 15:27:46 [INFO]   → Saved 108 records to C:\Users\albus\projects\traffic_congession\data\telemetry\city=jaipur\2026-10-08.parquet
2026-10-08 15:27:46 [INFO]   → Saved 54 records to C:\Users\albus\projects\traffic_congession\data\telemetry\city=kochi\2026-10-08.parquet
2026-10-08 15:27:46 [INFO]   → Saved 162 records to C:\Users\albus\projects\traffic_congession\data\telemetry\city=kolkata\2026-10-08.parquet
2026-10-08 15:27:46 [INFO]   → Saved 54 records to C:\Users\albus\projects\traffic_congession\data\telemetry\city=lucknow\2026-10-08.parquet
2026-10-08 15:27:46 [INFO]   → Saved 237 records to C:\Users\albus\projects\traffic_congession\data\telemetry\city=mumbai\2026-10-08.parquet
2026-10-08 15:27:46 [INFO]   → Saved 175 records to C:\Users\albus\projects\traffic_congession\data\telemetry\city=pune\2026-10-08.parquet
2026-10-08 15:27:46 [INFO] Next batch in 5 minutes. Sleeping...
2026-10-08 15:32:46 [INFO] --- Batch start at 15:32:46 ---
2026-10-08 15:32:47 [INFO]   ✓ bengaluru / Silk Board Junction — CI=0.000  speed=42.0/42.0 km/h
2026-10-08 15:32:48 [INFO]   ✓ bengaluru / Marathahalli Bridge — CI=0.314  speed=24.0/35.0 km/h
2026-10-08 15:32:48 [INFO]   ✓ bengaluru / Whitefield Road — CI=0.237  speed=29.0/38.0 km/h
2026-10-08 15:32:50 [INFO]   ✓ bengaluru / Hebbal Flyover — CI=0.192  speed=21.0/26.0 km/h
2026-10-08 15:32:50 [INFO]   ✓ mumbai / Western Express Highway Andheri — CI=0.227  speed=17.0/22.0 km/h
2026-10-08 15:32:56 [INFO]   ✓ mumbai / Eastern Freeway Sewri — CI=0.000  speed=26.0/26.0 km/h
2026-10-08 15:32:57 [INFO]   ✓ mumbai / BKC Bandra Kurla Complex — CI=0.346  speed=17.0/26.0 km/h
2026-10-08 15:32:57 [INFO]   ✓ mumbai / Sion Circle — CI=0.263  speed=14.0/19.0 km/h
2026-10-08 15:32:58 [INFO]   ✓ delhi / Ring Road AIIMS — CI=0.387  speed=19.0/31.0 km/h
2026-10-08 15:32:59 [INFO]   ✓ delhi / DND Flyway Noida Entry — CI=0.171  speed=34.0/41.0 km/h
2026-10-08 15:33:00 [INFO]   ✓ delhi / Cyber City Gurgaon — CI=0.205  speed=35.0/44.0 km/h
2026-10-08 15:33:00 [INFO]   ✓ delhi / ITO Junction — CI=0.407  speed=16.0/27.0 km/h
2026-10-08 15:33:01 [INFO]   ✓ pune / Hinjawadi Phase 1 — CI=0.000  speed=30.0/30.0 km/h
2026-10-08 15:33:02 [INFO]   ✓ pune / FC Road Shivajinagar — CI=0.190  speed=17.0/21.0 km/h
2026-10-08 15:33:03 [INFO]   ✓ pune / Magarpatta City Hadapsar — CI=0.000  speed=31.0/31.0 km/h
2026-10-08 15:33:03 [INFO]   ✓ hyderabad / Hitec City Cyber Towers — CI=0.419  speed=18.0/31.0 km/h
2026-10-08 15:33:04 [INFO]   ✓ hyderabad / Gachibowli Junction — CI=0.222  speed=28.0/36.0 km/h
2026-10-08 15:33:05 [INFO]   ✓ hyderabad / Punjagutta Crossing — CI=0.333  speed=20.0/30.0 km/h
2026-10-08 15:33:06 [INFO]   ✓ chennai / OMR Tidel Park — CI=0.300  speed=21.0/30.0 km/h
2026-10-08 15:33:06 [INFO]   ✓ chennai / Kathipara Junction Guindy — CI=0.000  speed=33.0/33.0 km/h
2026-10-08 15:33:07 [INFO]   ✓ chennai / Anna Nagar Roundtana — CI=0.269  speed=19.0/26.0 km/h
2026-10-08 15:33:08 [INFO]   ✓ kolkata / EM Bypass Science City — CI=0.209  speed=34.0/43.0 km/h
2026-10-08 15:33:09 [INFO]   ✓ kolkata / Park Circus 7-Point Crossing — CI=0.000  speed=48.0/48.0 km/h
2026-10-08 15:33:09 [INFO]   ✓ kolkata / Sector V Salt Lake — CI=0.000  speed=22.0/22.0 km/h
2026-10-08 15:33:10 [INFO]   ✓ ahmedabad / SG Highway ISKCON Cross Road — CI=0.111  speed=32.0/36.0 km/h
2026-10-08 15:33:11 [INFO]   ✓ ahmedabad / Ashram Road Income Tax Circle — CI=0.000  speed=40.0/40.0 km/h
2026-10-08 15:33:12 [INFO]   ✓ jaipur / JLN Marg Jawahar Circle — CI=0.000  speed=44.0/44.0 km/h
2026-10-08 15:33:12 [INFO]   ✓ jaipur / Ajmer Road 200 Feet Bypass — CI=0.250  speed=27.0/36.0 km/h
2026-10-08 15:33:13 [INFO]   ✓ kochi / Edappally Toll Junction — CI=0.000  speed=20.0/20.0 km/h
2026-10-08 15:33:14 [INFO]   ✓ lucknow / Hazratganj Crossing — CI=0.276  speed=21.0/29.0 km/h
2026-10-08 15:33:14 [INFO]   → Saved 110 records to C:\Users\albus\projects\traffic_congession\data\telemetry\city=ahmedabad\2026-10-08.parquet
2026-10-08 15:33:14 [INFO]   → Saved 241 records to C:\Users\albus\projects\traffic_congession\data\telemetry\city=bengaluru\2026-10-08.parquet
2026-10-08 15:33:14 [INFO]   → Saved 165 records to C:\Users\albus\projects\traffic_congession\data\telemetry\city=chennai\2026-10-08.parquet
2026-10-08 15:33:14 [INFO]   → Saved 241 records to C:\Users\albus\projects\traffic_congession\data\telemetry\city=delhi\2026-10-08.parquet
2026-10-08 15:33:14 [INFO]   → Saved 165 records to C:\Users\albus\projects\traffic_congession\data\telemetry\city=hyderabad\2026-10-08.parquet
2026-10-08 15:33:14 [INFO]   → Saved 110 records to C:\Users\albus\projects\traffic_congession\data\telemetry\city=jaipur\2026-10-08.parquet
2026-10-08 15:33:14 [INFO]   → Saved 55 records to C:\Users\albus\projects\traffic_congession\data\telemetry\city=kochi\2026-10-08.parquet
2026-10-08 15:33:14 [INFO]   → Saved 165 records to C:\Users\albus\projects\traffic_congession\data\telemetry\city=kolkata\2026-10-08.parquet
2026-10-08 15:33:14 [INFO]   → Saved 55 records to C:\Users\albus\projects\traffic_congession\data\telemetry\city=lucknow\2026-10-08.parquet
2026-10-08 15:33:14 [INFO]   → Saved 241 records to C:\Users\albus\projects\traffic_congession\data\telemetry\city=mumbai\2026-10-08.parquet
2026-10-08 15:33:14 [INFO]   → Saved 178 records to C:\Users\albus\projects\traffic_congession\data\telemetry\city=pune\2026-10-08.parquet
2026-10-08 15:33:14 [INFO] Next batch in 5 minutes. Sleeping...
2026-10-08 15:38:14 [INFO] --- Batch start at 15:38:14 ---
2026-10-08 15:38:15 [INFO]   ✓ bengaluru / Silk Board Junction — CI=0.000  speed=42.0/42.0 km/h
2026-10-08 15:38:16 [INFO]   ✓ bengaluru / Marathahalli Bridge — CI=0.343  speed=23.0/35.0 km/h
2026-10-08 15:38:16 [INFO]   ✓ bengaluru / Whitefield Road — CI=0.243  speed=28.0/37.0 km/h
2026-10-08 15:38:17 [INFO]   ✓ bengaluru / Hebbal Flyover — CI=0.192  speed=21.0/26.0 km/h
2026-10-08 15:38:18 [INFO]   ✓ mumbai / Western Express Highway Andheri — CI=0.227  speed=17.0/22.0 km/h
2026-10-08 15:38:19 [INFO]   ✓ mumbai / Eastern Freeway Sewri — CI=0.038  speed=25.0/26.0 km/h
2026-10-08 15:38:20 [INFO]   ✓ mumbai / BKC Bandra Kurla Complex — CI=0.000  speed=27.0/27.0 km/h
2026-10-08 15:38:20 [INFO]   ✓ mumbai / Sion Circle — CI=0.200  speed=16.0/20.0 km/h
2026-10-08 15:38:21 [INFO]   ✓ delhi / Ring Road AIIMS — CI=0.355  speed=20.0/31.0 km/h
2026-10-08 15:38:22 [INFO]   ✓ delhi / DND Flyway Noida Entry — CI=0.171  speed=34.0/41.0 km/h
2026-10-08 15:38:23 [INFO]   ✓ delhi / Cyber City Gurgaon — CI=0.000  speed=45.0/45.0 km/h
2026-10-08 15:38:24 [INFO]   ✓ delhi / ITO Junction — CI=0.423  speed=15.0/26.0 km/h
2026-10-08 15:38:25 [INFO]   ✓ pune / Hinjawadi Phase 1 — CI=0.000  speed=30.0/30.0 km/h
2026-10-08 15:38:25 [INFO]   ✓ pune / FC Road Shivajinagar — CI=0.190  speed=17.0/21.0 km/h
2026-10-08 15:38:26 [INFO]   ✓ pune / Magarpatta City Hadapsar — CI=0.000  speed=31.0/31.0 km/h
2026-10-08 15:38:26 [INFO]   ✓ hyderabad / Hitec City Cyber Towers — CI=0.533  speed=14.0/30.0 km/h
2026-10-08 15:38:27 [INFO]   ✓ hyderabad / Gachibowli Junction — CI=0.250  speed=27.0/36.0 km/h
2026-10-08 15:38:28 [INFO]   ✓ hyderabad / Punjagutta Crossing — CI=0.323  speed=21.0/31.0 km/h
2026-10-08 15:38:29 [INFO]   ✓ chennai / OMR Tidel Park — CI=0.333  speed=20.0/30.0 km/h
2026-10-08 15:38:29 [INFO]   ✓ chennai / Kathipara Junction Guindy — CI=0.000  speed=33.0/33.0 km/h
2026-10-08 15:38:30 [INFO]   ✓ chennai / Anna Nagar Roundtana — CI=0.231  speed=20.0/26.0 km/h
2026-10-08 15:38:31 [INFO]   ✓ kolkata / EM Bypass Science City — CI=0.140  speed=37.0/43.0 km/h
2026-10-08 15:38:32 [INFO]   ✓ kolkata / Park Circus 7-Point Crossing — CI=0.000  speed=48.0/48.0 km/h
2026-10-08 15:38:32 [INFO]   ✓ kolkata / Sector V Salt Lake — CI=0.000  speed=22.0/22.0 km/h
2026-10-08 15:38:33 [INFO]   ✓ ahmedabad / SG Highway ISKCON Cross Road — CI=0.171  speed=29.0/35.0 km/h
2026-10-08 15:38:34 [INFO]   ✓ ahmedabad / Ashram Road Income Tax Circle — CI=0.000  speed=40.0/40.0 km/h
2026-10-08 15:38:34 [INFO]   ✓ jaipur / JLN Marg Jawahar Circle — CI=0.000  speed=44.0/44.0 km/h
2026-10-08 15:38:35 [INFO]   ✓ jaipur / Ajmer Road 200 Feet Bypass — CI=0.194  speed=29.0/36.0 km/h
2026-10-08 15:38:35 [INFO]   ✓ kochi / Edappally Toll Junction — CI=0.000  speed=20.0/20.0 km/h
2026-10-08 15:38:36 [INFO]   ✓ lucknow / Hazratganj Crossing — CI=0.333  speed=20.0/30.0 km/h
2026-10-08 15:38:36 [INFO]   → Saved 112 records to C:\Users\albus\projects\traffic_congession\data\telemetry\city=ahmedabad\2026-10-08.parquet
2026-10-08 15:38:36 [INFO]   → Saved 245 records to C:\Users\albus\projects\traffic_congession\data\telemetry\city=bengaluru\2026-10-08.parquet
2026-10-08 15:38:36 [INFO]   → Saved 168 records to C:\Users\albus\projects\traffic_congession\data\telemetry\city=chennai\2026-10-08.parquet
2026-10-08 15:38:36 [INFO]   → Saved 245 records to C:\Users\albus\projects\traffic_congession\data\telemetry\city=delhi\2026-10-08.parquet
2026-10-08 15:38:36 [INFO]   → Saved 168 records to C:\Users\albus\projects\traffic_congession\data\telemetry\city=hyderabad\2026-10-08.parquet
2026-10-08 15:38:36 [INFO]   → Saved 112 records to C:\Users\albus\projects\traffic_congession\data\telemetry\city=jaipur\2026-10-08.parquet
2026-10-08 15:38:36 [INFO]   → Saved 56 records to C:\Users\albus\projects\traffic_congession\data\telemetry\city=kochi\2026-10-08.parquet
2026-10-08 15:38:36 [INFO]   → Saved 168 records to C:\Users\albus\projects\traffic_congession\data\telemetry\city=kolkata\2026-10-08.parquet
2026-10-08 15:38:36 [INFO]   → Saved 56 records to C:\Users\albus\projects\traffic_congession\data\telemetry\city=lucknow\2026-10-08.parquet
2026-10-08 15:38:36 [INFO]   → Saved 245 records to C:\Users\albus\projects\traffic_congession\data\telemetry\city=mumbai\2026-10-08.parquet
2026-10-08 15:38:36 [INFO]   → Saved 181 records to C:\Users\albus\projects\traffic_congession\data\telemetry\city=pune\2026-10-08.parquet
2026-10-08 15:38:36 [INFO] Next batch in 5 minutes. Sleeping...
2026-10-08 15:43:36 [INFO] --- Batch start at 15:43:36 ---
2026-10-08 15:43:37 [INFO]   ✓ bengaluru / Silk Board Junction — CI=0.000  speed=42.0/42.0 km/h
2026-10-08 15:43:38 [INFO]   ✓ bengaluru / Marathahalli Bridge — CI=0.286  speed=25.0/35.0 km/h
2026-10-08 15:43:39 [INFO]   ✓ bengaluru / Whitefield Road — CI=0.263  speed=28.0/38.0 km/h
2026-10-08 15:43:40 [INFO]   ✓ bengaluru / Hebbal Flyover — CI=0.192  speed=21.0/26.0 km/h
2026-10-08 15:43:41 [INFO]   ✓ mumbai / Western Express Highway Andheri — CI=0.318  speed=15.0/22.0 km/h
2026-10-08 15:43:42 [INFO]   ✓ mumbai / Eastern Freeway Sewri — CI=0.038  speed=25.0/26.0 km/h
2026-10-08 15:43:42 [INFO]   ✓ mumbai / BKC Bandra Kurla Complex — CI=0.296  speed=19.0/27.0 km/h
2026-10-08 15:43:43 [INFO]   ✓ mumbai / Sion Circle — CI=0.250  speed=15.0/20.0 km/h
2026-10-08 15:43:44 [INFO]   ✓ delhi / Ring Road AIIMS — CI=0.323  speed=21.0/31.0 km/h
2026-10-08 15:43:45 [INFO]   ✓ delhi / DND Flyway Noida Entry — CI=0.171  speed=34.0/41.0 km/h
2026-10-08 15:43:47 [INFO]   ✓ delhi / Cyber City Gurgaon — CI=0.000  speed=45.0/45.0 km/h
2026-10-08 15:43:49 [INFO]   ✓ delhi / ITO Junction — CI=0.444  speed=15.0/27.0 km/h
2026-10-08 15:43:51 [INFO]   ✓ pune / Hinjawadi Phase 1 — CI=0.000  speed=30.0/30.0 km/h
2026-10-08 15:43:52 [INFO]   ✓ pune / FC Road Shivajinagar — CI=0.000  speed=22.0/22.0 km/h
2026-10-08 15:43:52 [INFO]   ✓ pune / Magarpatta City Hadapsar — CI=0.000  speed=31.0/31.0 km/h
2026-10-08 15:43:54 [INFO]   ✓ hyderabad / Hitec City Cyber Towers — CI=0.452  speed=17.0/31.0 km/h
2026-10-08 15:43:55 [INFO]   ✓ hyderabad / Gachibowli Junction — CI=0.351  speed=24.0/37.0 km/h
2026-10-08 15:43:56 [INFO]   ✓ hyderabad / Punjagutta Crossing — CI=0.300  speed=21.0/30.0 km/h
2026-10-08 15:43:56 [INFO]   ✓ chennai / OMR Tidel Park — CI=0.367  speed=19.0/30.0 km/h
2026-10-08 15:43:57 [INFO]   ✓ chennai / Kathipara Junction Guindy — CI=0.000  speed=33.0/33.0 km/h
2026-10-08 15:43:58 [INFO]   ✓ chennai / Anna Nagar Roundtana — CI=0.222  speed=21.0/27.0 km/h
2026-10-08 15:43:59 [INFO]   ✓ kolkata / EM Bypass Science City — CI=0.116  speed=38.0/43.0 km/h
2026-10-08 15:44:00 [INFO]   ✓ kolkata / Park Circus 7-Point Crossing — CI=0.000  speed=48.0/48.0 km/h
2026-10-08 15:44:00 [INFO]   ✓ kolkata / Sector V Salt Lake — CI=0.000  speed=22.0/22.0 km/h
2026-10-08 15:44:01 [INFO]   ✓ ahmedabad / SG Highway ISKCON Cross Road — CI=0.139  speed=31.0/36.0 km/h
2026-10-08 15:44:02 [INFO]   ✓ ahmedabad / Ashram Road Income Tax Circle — CI=0.000  speed=40.0/40.0 km/h
2026-10-08 15:44:02 [INFO]   ✓ jaipur / JLN Marg Jawahar Circle — CI=0.000  speed=44.0/44.0 km/h
2026-10-08 15:44:03 [INFO]   ✓ jaipur / Ajmer Road 200 Feet Bypass — CI=0.200  speed=28.0/35.0 km/h
2026-10-08 15:44:03 [INFO]   ✓ kochi / Edappally Toll Junction — CI=0.000  speed=20.0/20.0 km/h
2026-10-08 15:44:04 [INFO]   ✓ lucknow / Hazratganj Crossing — CI=0.367  speed=19.0/30.0 km/h
2026-10-08 15:44:04 [INFO]   → Saved 114 records to C:\Users\albus\projects\traffic_congession\data\telemetry\city=ahmedabad\2026-10-08.parquet
2026-10-08 15:44:04 [INFO]   → Saved 249 records to C:\Users\albus\projects\traffic_congession\data\telemetry\city=bengaluru\2026-10-08.parquet
2026-10-08 15:44:04 [INFO]   → Saved 171 records to C:\Users\albus\projects\traffic_congession\data\telemetry\city=chennai\2026-10-08.parquet
2026-10-08 15:44:04 [INFO]   → Saved 249 records to C:\Users\albus\projects\traffic_congession\data\telemetry\city=delhi\2026-10-08.parquet
2026-10-08 15:44:05 [INFO]   → Saved 171 records to C:\Users\albus\projects\traffic_congession\data\telemetry\city=hyderabad\2026-10-08.parquet
2026-10-08 15:44:05 [INFO]   → Saved 114 records to C:\Users\albus\projects\traffic_congession\data\telemetry\city=jaipur\2026-10-08.parquet
2026-10-08 15:44:05 [INFO]   → Saved 57 records to C:\Users\albus\projects\traffic_congession\data\telemetry\city=kochi\2026-10-08.parquet
2026-10-08 15:44:05 [INFO]   → Saved 171 records to C:\Users\albus\projects\traffic_congession\data\telemetry\city=kolkata\2026-10-08.parquet
2026-10-08 15:44:05 [INFO]   → Saved 57 records to C:\Users\albus\projects\traffic_congession\data\telemetry\city=lucknow\2026-10-08.parquet
2026-10-08 15:44:05 [INFO]   → Saved 249 records to C:\Users\albus\projects\traffic_congession\data\telemetry\city=mumbai\2026-10-08.parquet
2026-10-08 15:44:05 [INFO]   → Saved 184 records to C:\Users\albus\projects\traffic_congession\data\telemetry\city=pune\2026-10-08.parquet
2026-10-08 15:44:05 [INFO] Next batch in 5 minutes. Sleeping...
2026-10-08 15:49:05 [INFO] --- Batch start at 15:49:05 ---
2026-10-08 15:49:05 [INFO]   ✓ bengaluru / Silk Board Junction — CI=0.000  speed=42.0/42.0 km/h
2026-10-08 15:49:06 [INFO]   ✓ bengaluru / Marathahalli Bridge — CI=0.343  speed=23.0/35.0 km/h
2026-10-08 15:49:07 [INFO]   ✓ bengaluru / Whitefield Road — CI=0.263  speed=28.0/38.0 km/h
2026-10-08 15:49:08 [INFO]   ✓ bengaluru / Hebbal Flyover — CI=0.231  speed=20.0/26.0 km/h
2026-10-08 15:49:09 [INFO]   ✓ mumbai / Western Express Highway Andheri — CI=0.273  speed=16.0/22.0 km/h
2026-10-08 15:49:09 [INFO]   ✓ mumbai / Eastern Freeway Sewri — CI=0.038  speed=25.0/26.0 km/h
2026-10-08 15:49:10 [INFO]   ✓ mumbai / BKC Bandra Kurla Complex — CI=0.185  speed=22.0/27.0 km/h
2026-10-08 15:49:10 [INFO]   ✓ mumbai / Sion Circle — CI=0.300  speed=14.0/20.0 km/h
2026-10-08 15:49:11 [INFO]   ✓ delhi / Ring Road AIIMS — CI=0.355  speed=20.0/31.0 km/h
2026-10-08 15:49:12 [INFO]   ✓ delhi / DND Flyway Noida Entry — CI=0.171  speed=34.0/41.0 km/h
2026-10-08 15:49:13 [INFO]   ✓ delhi / Cyber City Gurgaon — CI=0.000  speed=45.0/45.0 km/h
2026-10-08 15:49:14 [INFO]   ✓ delhi / ITO Junction — CI=0.481  speed=14.0/27.0 km/h
2026-10-08 15:49:15 [INFO]   ✓ pune / Hinjawadi Phase 1 — CI=0.000  speed=30.0/30.0 km/h
2026-10-08 15:49:15 [INFO]   ✓ pune / FC Road Shivajinagar — CI=0.238  speed=16.0/21.0 km/h
2026-10-08 15:49:16 [INFO]   ✓ pune / Magarpatta City Hadapsar — CI=0.000  speed=31.0/31.0 km/h
2026-10-08 15:49:16 [INFO]   ✓ hyderabad / Hitec City Cyber Towers — CI=0.531  speed=15.0/32.0 km/h
2026-10-08 15:49:17 [INFO]   ✓ hyderabad / Gachibowli Junction — CI=0.306  speed=25.0/36.0 km/h
2026-10-08 15:49:18 [INFO]   ✓ hyderabad / Punjagutta Crossing — CI=0.312  speed=22.0/32.0 km/h
2026-10-08 15:49:19 [INFO]   ✓ chennai / OMR Tidel Park — CI=0.387  speed=19.0/31.0 km/h
2026-10-08 15:49:19 [INFO]   ✓ chennai / Kathipara Junction Guindy — CI=0.333  speed=22.0/33.0 km/h
2026-10-08 15:49:20 [INFO]   ✓ chennai / Anna Nagar Roundtana — CI=0.154  speed=22.0/26.0 km/h
2026-10-08 15:49:21 [INFO]   ✓ kolkata / EM Bypass Science City — CI=0.116  speed=38.0/43.0 km/h
2026-10-08 15:49:22 [INFO]   ✓ kolkata / Park Circus 7-Point Crossing — CI=0.000  speed=48.0/48.0 km/h
2026-10-08 15:49:23 [INFO]   ✓ kolkata / Sector V Salt Lake — CI=0.000  speed=22.0/22.0 km/h
2026-10-08 15:49:23 [INFO]   ✓ ahmedabad / SG Highway ISKCON Cross Road — CI=0.143  speed=30.0/35.0 km/h
2026-10-08 15:49:24 [INFO]   ✓ ahmedabad / Ashram Road Income Tax Circle — CI=0.000  speed=40.0/40.0 km/h
2026-10-08 15:49:25 [INFO]   ✓ jaipur / JLN Marg Jawahar Circle — CI=0.000  speed=44.0/44.0 km/h
2026-10-08 15:49:25 [INFO]   ✓ jaipur / Ajmer Road 200 Feet Bypass — CI=0.194  speed=29.0/36.0 km/h
2026-10-08 15:49:26 [INFO]   ✓ kochi / Edappally Toll Junction — CI=0.000  speed=20.0/20.0 km/h
2026-10-08 15:49:27 [INFO]   ✓ lucknow / Hazratganj Crossing — CI=0.310  speed=20.0/29.0 km/h
2026-10-08 15:49:27 [INFO]   → Saved 116 records to C:\Users\albus\projects\traffic_congession\data\telemetry\city=ahmedabad\2026-10-08.parquet
2026-10-08 15:49:27 [INFO]   → Saved 253 records to C:\Users\albus\projects\traffic_congession\data\telemetry\city=bengaluru\2026-10-08.parquet
2026-10-08 15:49:27 [INFO]   → Saved 174 records to C:\Users\albus\projects\traffic_congession\data\telemetry\city=chennai\2026-10-08.parquet
2026-10-08 15:49:27 [INFO]   → Saved 253 records to C:\Users\albus\projects\traffic_congession\data\telemetry\city=delhi\2026-10-08.parquet
2026-10-08 15:49:27 [INFO]   → Saved 174 records to C:\Users\albus\projects\traffic_congession\data\telemetry\city=hyderabad\2026-10-08.parquet
2026-10-08 15:49:27 [INFO]   → Saved 116 records to C:\Users\albus\projects\traffic_congession\data\telemetry\city=jaipur\2026-10-08.parquet
2026-10-08 15:49:27 [INFO]   → Saved 58 records to C:\Users\albus\projects\traffic_congession\data\telemetry\city=kochi\2026-10-08.parquet
2026-10-08 15:49:27 [INFO]   → Saved 174 records to C:\Users\albus\projects\traffic_congession\data\telemetry\city=kolkata\2026-10-08.parquet
2026-10-08 15:49:27 [INFO]   → Saved 58 records to C:\Users\albus\projects\traffic_congession\data\telemetry\city=lucknow\2026-10-08.parquet
2026-10-08 15:49:27 [INFO]   → Saved 253 records to C:\Users\albus\projects\traffic_congession\data\telemetry\city=mumbai\2026-10-08.parquet
2026-10-08 15:49:27 [INFO]   → Saved 187 records to C:\Users\albus\projects\traffic_congession\data\telemetry\city=pune\2026-10-08.parquet
2026-10-08 15:49:27 [INFO] Next batch in 5 minutes. Sleeping...
2026-10-08 15:54:27 [INFO] --- Batch start at 15:54:27 ---
2026-10-08 15:54:28 [INFO]   ✓ bengaluru / Silk Board Junction — CI=0.000  speed=42.0/42.0 km/h
2026-10-08 15:54:29 [INFO]   ✓ bengaluru / Marathahalli Bridge — CI=0.314  speed=24.0/35.0 km/h
2026-10-08 15:54:30 [INFO]   ✓ bengaluru / Whitefield Road — CI=0.270  speed=27.0/37.0 km/h
2026-10-08 15:54:32 [INFO]   ✓ bengaluru / Hebbal Flyover — CI=0.231  speed=20.0/26.0 km/h
2026-10-08 15:54:33 [INFO]   ✓ mumbai / Western Express Highway Andheri — CI=0.318  speed=15.0/22.0 km/h
2026-10-08 15:54:33 [INFO]   ✓ mumbai / Eastern Freeway Sewri — CI=0.038  speed=25.0/26.0 km/h
2026-10-08 15:54:34 [INFO]   ✓ mumbai / BKC Bandra Kurla Complex — CI=0.000  speed=27.0/27.0 km/h
2026-10-08 15:54:35 [INFO]   ✓ mumbai / Sion Circle — CI=0.368  speed=12.0/19.0 km/h
2026-10-08 15:54:36 [INFO]   ✓ delhi / Ring Road AIIMS — CI=0.323  speed=21.0/31.0 km/h
2026-10-08 15:54:37 [INFO]   ✓ delhi / DND Flyway Noida Entry — CI=0.171  speed=34.0/41.0 km/h
2026-10-08 15:54:37 [INFO]   ✓ delhi / Cyber City Gurgaon — CI=0.000  speed=45.0/45.0 km/h
2026-10-08 15:54:38 [INFO]   ✓ delhi / ITO Junction — CI=0.462  speed=14.0/26.0 km/h
2026-10-08 15:54:39 [INFO]   ✓ pune / Hinjawadi Phase 1 — CI=0.000  speed=30.0/30.0 km/h
2026-10-08 15:54:40 [INFO]   ✓ pune / FC Road Shivajinagar — CI=0.182  speed=18.0/22.0 km/h
2026-10-08 15:54:40 [INFO]   ✓ pune / Magarpatta City Hadapsar — CI=0.000  speed=31.0/31.0 km/h
2026-10-08 15:54:41 [INFO]   ✓ hyderabad / Hitec City Cyber Towers — CI=0.367  speed=19.0/30.0 km/h
2026-10-08 15:54:42 [INFO]   ✓ hyderabad / Gachibowli Junction — CI=0.222  speed=28.0/36.0 km/h
2026-10-08 15:54:42 [INFO]   ✓ hyderabad / Punjagutta Crossing — CI=0.419  speed=18.0/31.0 km/h
2026-10-08 15:54:44 [INFO]   ✓ chennai / OMR Tidel Park — CI=0.267  speed=22.0/30.0 km/h
2026-10-08 15:54:45 [INFO]   ✓ chennai / Kathipara Junction Guindy — CI=0.000  speed=33.0/33.0 km/h
2026-10-08 15:54:46 [INFO]   ✓ chennai / Anna Nagar Roundtana — CI=0.222  speed=21.0/27.0 km/h
2026-10-08 15:54:46 [INFO]   ✓ kolkata / EM Bypass Science City — CI=0.093  speed=39.0/43.0 km/h
2026-10-08 15:54:47 [INFO]   ✓ kolkata / Park Circus 7-Point Crossing — CI=0.000  speed=48.0/48.0 km/h
2026-10-08 15:54:48 [INFO]   ✓ kolkata / Sector V Salt Lake — CI=0.000  speed=22.0/22.0 km/h
2026-10-08 15:54:49 [INFO]   ✓ ahmedabad / SG Highway ISKCON Cross Road — CI=0.139  speed=31.0/36.0 km/h
2026-10-08 15:54:50 [INFO]   ✓ ahmedabad / Ashram Road Income Tax Circle — CI=0.000  speed=40.0/40.0 km/h
2026-10-08 15:54:51 [INFO]   ✓ jaipur / JLN Marg Jawahar Circle — CI=0.000  speed=44.0/44.0 km/h
2026-10-08 15:54:52 [INFO]   ✓ jaipur / Ajmer Road 200 Feet Bypass — CI=0.194  speed=29.0/36.0 km/h
2026-10-08 15:54:52 [INFO]   ✓ kochi / Edappally Toll Junction — CI=0.316  speed=13.0/19.0 km/h
2026-10-08 15:54:53 [INFO]   ✓ lucknow / Hazratganj Crossing — CI=0.310  speed=20.0/29.0 km/h
2026-10-08 15:54:53 [INFO]   → Saved 118 records to C:\Users\albus\projects\traffic_congession\data\telemetry\city=ahmedabad\2026-10-08.parquet
2026-10-08 15:54:53 [INFO]   → Saved 257 records to C:\Users\albus\projects\traffic_congession\data\telemetry\city=bengaluru\2026-10-08.parquet
2026-10-08 15:54:53 [INFO]   → Saved 177 records to C:\Users\albus\projects\traffic_congession\data\telemetry\city=chennai\2026-10-08.parquet
2026-10-08 15:54:53 [INFO]   → Saved 257 records to C:\Users\albus\projects\traffic_congession\data\telemetry\city=delhi\2026-10-08.parquet
2026-10-08 15:54:53 [INFO]   → Saved 177 records to C:\Users\albus\projects\traffic_congession\data\telemetry\city=hyderabad\2026-10-08.parquet
2026-10-08 15:54:53 [INFO]   → Saved 118 records to C:\Users\albus\projects\traffic_congession\data\telemetry\city=jaipur\2026-10-08.parquet
2026-10-08 15:54:54 [INFO]   → Saved 59 records to C:\Users\albus\projects\traffic_congession\data\telemetry\city=kochi\2026-10-08.parquet
2026-10-08 15:54:54 [INFO]   → Saved 177 records to C:\Users\albus\projects\traffic_congession\data\telemetry\city=kolkata\2026-10-08.parquet
2026-10-08 15:54:54 [INFO]   → Saved 59 records to C:\Users\albus\projects\traffic_congession\data\telemetry\city=lucknow\2026-10-08.parquet
2026-10-08 15:54:54 [INFO]   → Saved 257 records to C:\Users\albus\projects\traffic_congession\data\telemetry\city=mumbai\2026-10-08.parquet
2026-10-08 15:54:54 [INFO]   → Saved 190 records to C:\Users\albus\projects\traffic_congession\data\telemetry\city=pune\2026-10-08.parquet
2026-10-08 15:54:54 [INFO] Next batch in 5 minutes. Sleeping...
2026-10-08 15:59:54 [INFO] --- Batch start at 15:59:54 ---
2026-10-08 15:59:54 [INFO]   ✓ bengaluru / Silk Board Junction — CI=0.000  speed=42.0/42.0 km/h
2026-10-08 15:59:55 [INFO]   ✓ bengaluru / Marathahalli Bridge — CI=0.314  speed=24.0/35.0 km/h
2026-10-08 15:59:56 [INFO]   ✓ bengaluru / Whitefield Road — CI=0.263  speed=28.0/38.0 km/h
2026-10-08 15:59:57 [INFO]   ✓ bengaluru / Hebbal Flyover — CI=0.231  speed=20.0/26.0 km/h
2026-10-08 15:59:58 [INFO]   ✓ mumbai / Western Express Highway Andheri — CI=0.318  speed=15.0/22.0 km/h
2026-10-08 15:59:58 [INFO]   ✓ mumbai / Eastern Freeway Sewri — CI=0.000  speed=26.0/26.0 km/h
2026-10-08 15:59:59 [INFO]   ✓ mumbai / BKC Bandra Kurla Complex — CI=0.000  speed=27.0/27.0 km/h
2026-10-08 15:59:59 [INFO]   ✓ mumbai / Sion Circle — CI=0.400  speed=12.0/20.0 km/h
2026-10-08 16:00:00 [INFO]   ✓ delhi / Ring Road AIIMS — CI=0.355  speed=20.0/31.0 km/h
2026-10-08 16:00:01 [INFO]   ✓ delhi / DND Flyway Noida Entry — CI=0.171  speed=34.0/41.0 km/h
2026-10-08 16:00:02 [INFO]   ✓ delhi / Cyber City Gurgaon — CI=0.200  speed=36.0/45.0 km/h
2026-10-08 16:00:03 [INFO]   ✓ delhi / ITO Junction — CI=0.444  speed=15.0/27.0 km/h
2026-10-08 16:00:03 [INFO]   ✓ pune / Hinjawadi Phase 1 — CI=0.000  speed=30.0/30.0 km/h
2026-10-08 16:00:04 [INFO]   ✓ pune / FC Road Shivajinagar — CI=0.190  speed=17.0/21.0 km/h
2026-10-08 16:00:05 [INFO]   ✓ pune / Magarpatta City Hadapsar — CI=0.000  speed=31.0/31.0 km/h
2026-10-08 16:00:05 [INFO]   ✓ hyderabad / Hitec City Cyber Towers — CI=0.323  speed=21.0/31.0 km/h
2026-10-08 16:00:06 [INFO]   ✓ hyderabad / Gachibowli Junction — CI=0.111  speed=32.0/36.0 km/h
2026-10-08 16:00:07 [INFO]   ✓ hyderabad / Punjagutta Crossing — CI=0.548  speed=14.0/31.0 km/h
2026-10-08 16:00:07 [INFO]   ✓ chennai / OMR Tidel Park — CI=0.233  speed=23.0/30.0 km/h
2026-10-08 16:00:08 [INFO]   ✓ chennai / Kathipara Junction Guindy — CI=0.000  speed=33.0/33.0 km/h
2026-10-08 16:00:09 [INFO]   ✓ chennai / Anna Nagar Roundtana — CI=0.259  speed=20.0/27.0 km/h
2026-10-08 16:00:10 [INFO]   ✓ kolkata / EM Bypass Science City — CI=0.140  speed=37.0/43.0 km/h
2026-10-08 16:00:10 [INFO]   ✓ kolkata / Park Circus 7-Point Crossing — CI=0.000  speed=48.0/48.0 km/h
2026-10-08 16:00:11 [INFO]   ✓ kolkata / Sector V Salt Lake — CI=0.000  speed=22.0/22.0 km/h
2026-10-08 16:00:12 [INFO]   ✓ ahmedabad / SG Highway ISKCON Cross Road — CI=0.114  speed=31.0/35.0 km/h
2026-10-08 16:00:13 [INFO]   ✓ ahmedabad / Ashram Road Income Tax Circle — CI=0.000  speed=40.0/40.0 km/h
2026-10-08 16:00:13 [INFO]   ✓ jaipur / JLN Marg Jawahar Circle — CI=0.000  speed=44.0/44.0 km/h
2026-10-08 16:00:14 [INFO]   ✓ jaipur / Ajmer Road 200 Feet Bypass — CI=0.111  speed=32.0/36.0 km/h
2026-10-08 16:00:15 [INFO]   ✓ kochi / Edappally Toll Junction — CI=0.200  speed=16.0/20.0 km/h
2026-10-08 16:00:16 [INFO]   ✓ lucknow / Hazratganj Crossing — CI=0.310  speed=20.0/29.0 km/h
2026-10-08 16:00:16 [INFO]   → Saved 120 records to C:\Users\albus\projects\traffic_congession\data\telemetry\city=ahmedabad\2026-10-08.parquet
2026-10-08 16:00:16 [INFO]   → Saved 261 records to C:\Users\albus\projects\traffic_congession\data\telemetry\city=bengaluru\2026-10-08.parquet
2026-10-08 16:00:16 [INFO]   → Saved 180 records to C:\Users\albus\projects\traffic_congession\data\telemetry\city=chennai\2026-10-08.parquet
2026-10-08 16:00:16 [INFO]   → Saved 261 records to C:\Users\albus\projects\traffic_congession\data\telemetry\city=delhi\2026-10-08.parquet
2026-10-08 16:00:16 [INFO]   → Saved 180 records to C:\Users\albus\projects\traffic_congession\data\telemetry\city=hyderabad\2026-10-08.parquet
2026-10-08 16:00:16 [INFO]   → Saved 120 records to C:\Users\albus\projects\traffic_congession\data\telemetry\city=jaipur\2026-10-08.parquet
2026-10-08 16:00:16 [INFO]   → Saved 60 records to C:\Users\albus\projects\traffic_congession\data\telemetry\city=kochi\2026-10-08.parquet
2026-10-08 16:00:16 [INFO]   → Saved 180 records to C:\Users\albus\projects\traffic_congession\data\telemetry\city=kolkata\2026-10-08.parquet
2026-10-08 16:00:16 [INFO]   → Saved 60 records to C:\Users\albus\projects\traffic_congession\data\telemetry\city=lucknow\2026-10-08.parquet
2026-10-08 16:00:16 [INFO]   → Saved 261 records to C:\Users\albus\projects\traffic_congession\data\telemetry\city=mumbai\2026-10-08.parquet
2026-10-08 16:00:16 [INFO]   → Saved 193 records to C:\Users\albus\projects\traffic_congession\data\telemetry\city=pune\2026-10-08.parquet
2026-10-08 16:00:16 [INFO] Next batch in 5 minutes. Sleeping...
2026-10-08 16:05:16 [INFO] --- Batch start at 16:05:16 ---
2026-10-08 16:05:16 [INFO]   ✓ bengaluru / Silk Board Junction — CI=0.000  speed=42.0/42.0 km/h
2026-10-08 16:05:17 [INFO]   ✓ bengaluru / Marathahalli Bridge — CI=0.314  speed=24.0/35.0 km/h
2026-10-08 16:05:18 [INFO]   ✓ bengaluru / Whitefield Road — CI=0.237  speed=29.0/38.0 km/h
2026-10-08 16:05:19 [INFO]   ✓ bengaluru / Hebbal Flyover — CI=0.231  speed=20.0/26.0 km/h
2026-10-08 16:05:20 [INFO]   ✓ mumbai / Western Express Highway Andheri — CI=0.318  speed=15.0/22.0 km/h
2026-10-08 16:05:20 [INFO]   ✓ mumbai / Eastern Freeway Sewri — CI=0.000  speed=26.0/26.0 km/h
2026-10-08 16:05:21 [INFO]   ✓ mumbai / BKC Bandra Kurla Complex — CI=0.179  speed=23.0/28.0 km/h
2026-10-08 16:05:22 [INFO]   ✓ mumbai / Sion Circle — CI=0.316  speed=13.0/19.0 km/h
2026-10-08 16:05:22 [INFO]   ✓ delhi / Ring Road AIIMS — CI=0.300  speed=21.0/30.0 km/h
2026-10-08 16:05:23 [INFO]   ✓ delhi / DND Flyway Noida Entry — CI=0.171  speed=34.0/41.0 km/h
2026-10-08 16:05:24 [INFO]   ✓ delhi / Cyber City Gurgaon — CI=0.000  speed=45.0/45.0 km/h
2026-10-08 16:05:25 [INFO]   ✓ delhi / ITO Junction — CI=0.423  speed=15.0/26.0 km/h
2026-10-08 16:05:25 [INFO]   ✓ pune / Hinjawadi Phase 1 — CI=0.000  speed=30.0/30.0 km/h
2026-10-08 16:05:26 [INFO]   ✓ pune / FC Road Shivajinagar — CI=0.190  speed=17.0/21.0 km/h
2026-10-08 16:05:27 [INFO]   ✓ pune / Magarpatta City Hadapsar — CI=0.000  speed=31.0/31.0 km/h
2026-10-08 16:05:27 [INFO]   ✓ hyderabad / Hitec City Cyber Towers — CI=0.129  speed=27.0/31.0 km/h
2026-10-08 16:05:28 [INFO]   ✓ hyderabad / Gachibowli Junction — CI=0.167  speed=30.0/36.0 km/h
2026-10-08 16:05:29 [INFO]   ✓ hyderabad / Punjagutta Crossing — CI=0.452  speed=17.0/31.0 km/h
2026-10-08 16:05:29 [INFO]   ✓ chennai / OMR Tidel Park — CI=0.233  speed=23.0/30.0 km/h
2026-10-08 16:05:30 [INFO]   ✓ chennai / Kathipara Junction Guindy — CI=0.188  speed=26.0/32.0 km/h
2026-10-08 16:05:31 [INFO]   ✓ chennai / Anna Nagar Roundtana — CI=0.192  speed=21.0/26.0 km/h
2026-10-08 16:05:31 [INFO]   ✓ kolkata / EM Bypass Science City — CI=0.119  speed=37.0/42.0 km/h
2026-10-08 16:05:32 [INFO]   ✓ kolkata / Park Circus 7-Point Crossing — CI=0.000  speed=48.0/48.0 km/h
2026-10-08 16:05:33 [INFO]   ✓ kolkata / Sector V Salt Lake — CI=0.000  speed=22.0/22.0 km/h
2026-10-08 16:05:33 [INFO]   ✓ ahmedabad / SG Highway ISKCON Cross Road — CI=0.057  speed=33.0/35.0 km/h
2026-10-08 16:05:34 [INFO]   ✓ ahmedabad / Ashram Road Income Tax Circle — CI=0.000  speed=40.0/40.0 km/h
2026-10-08 16:05:34 [INFO]   ✓ jaipur / JLN Marg Jawahar Circle — CI=0.000  speed=44.0/44.0 km/h
2026-10-08 16:05:35 [INFO]   ✓ jaipur / Ajmer Road 200 Feet Bypass — CI=0.167  speed=30.0/36.0 km/h
2026-10-08 16:05:36 [INFO]   ✓ kochi / Edappally Toll Junction — CI=0.200  speed=16.0/20.0 km/h
2026-10-08 16:05:37 [INFO]   ✓ lucknow / Hazratganj Crossing — CI=0.310  speed=20.0/29.0 km/h
2026-10-08 16:05:37 [INFO]   → Saved 122 records to C:\Users\albus\projects\traffic_congession\data\telemetry\city=ahmedabad\2026-10-08.parquet
2026-10-08 16:05:37 [INFO]   → Saved 265 records to C:\Users\albus\projects\traffic_congession\data\telemetry\city=bengaluru\2026-10-08.parquet
2026-10-08 16:05:37 [INFO]   → Saved 183 records to C:\Users\albus\projects\traffic_congession\data\telemetry\city=chennai\2026-10-08.parquet
2026-10-08 16:05:37 [INFO]   → Saved 265 records to C:\Users\albus\projects\traffic_congession\data\telemetry\city=delhi\2026-10-08.parquet
2026-10-08 16:05:37 [INFO]   → Saved 183 records to C:\Users\albus\projects\traffic_congession\data\telemetry\city=hyderabad\2026-10-08.parquet
2026-10-08 16:05:37 [INFO]   → Saved 122 records to C:\Users\albus\projects\traffic_congession\data\telemetry\city=jaipur\2026-10-08.parquet
2026-10-08 16:05:37 [INFO]   → Saved 61 records to C:\Users\albus\projects\traffic_congession\data\telemetry\city=kochi\2026-10-08.parquet
2026-10-08 16:05:37 [INFO]   → Saved 183 records to C:\Users\albus\projects\traffic_congession\data\telemetry\city=kolkata\2026-10-08.parquet
2026-10-08 16:05:37 [INFO]   → Saved 61 records to C:\Users\albus\projects\traffic_congession\data\telemetry\city=lucknow\2026-10-08.parquet
2026-10-08 16:05:37 [INFO]   → Saved 265 records to C:\Users\albus\projects\traffic_congession\data\telemetry\city=mumbai\2026-10-08.parquet
2026-10-08 16:05:37 [INFO]   → Saved 196 records to C:\Users\albus\projects\traffic_congession\data\telemetry\city=pune\2026-10-08.parquet
2026-10-08 16:05:37 [INFO] Next batch in 5 minutes. Sleeping...
2026-10-08 16:10:37 [INFO] --- Batch start at 16:10:37 ---
2026-10-08 16:10:37 [INFO]   ✓ bengaluru / Silk Board Junction — CI=0.000  speed=42.0/42.0 km/h
2026-10-08 16:10:38 [INFO]   ✓ bengaluru / Marathahalli Bridge — CI=0.314  speed=24.0/35.0 km/h
2026-10-08 16:10:39 [INFO]   ✓ bengaluru / Whitefield Road — CI=0.263  speed=28.0/38.0 km/h
2026-10-08 16:10:40 [INFO]   ✓ bengaluru / Hebbal Flyover — CI=0.200  speed=20.0/25.0 km/h
2026-10-08 16:10:41 [INFO]   ✓ mumbai / Western Express Highway Andheri — CI=0.333  speed=14.0/21.0 km/h
2026-10-08 16:10:42 [INFO]   ✓ mumbai / Eastern Freeway Sewri — CI=0.000  speed=26.0/26.0 km/h
2026-10-08 16:10:43 [INFO]   ✓ mumbai / BKC Bandra Kurla Complex — CI=0.231  speed=20.0/26.0 km/h
2026-10-08 16:10:44 [INFO]   ✓ mumbai / Sion Circle — CI=0.350  speed=13.0/20.0 km/h
2026-10-08 16:10:46 [INFO]   ✓ delhi / Ring Road AIIMS — CI=0.300  speed=21.0/30.0 km/h
2026-10-08 16:10:49 [INFO]   ✓ delhi / DND Flyway Noida Entry — CI=0.171  speed=34.0/41.0 km/h
2026-10-08 16:10:50 [INFO]   ✓ delhi / Cyber City Gurgaon — CI=0.273  speed=32.0/44.0 km/h
2026-10-08 16:10:51 [INFO]   ✓ delhi / ITO Junction — CI=0.444  speed=15.0/27.0 km/h
2026-10-08 16:10:53 [INFO]   ✓ pune / Hinjawadi Phase 1 — CI=0.000  speed=30.0/30.0 km/h
2026-10-08 16:10:54 [INFO]   ✓ pune / FC Road Shivajinagar — CI=0.000  speed=22.0/22.0 km/h
2026-10-08 16:10:55 [INFO]   ✓ pune / Magarpatta City Hadapsar — CI=0.000  speed=31.0/31.0 km/h
2026-10-08 16:10:55 [INFO]   ✓ hyderabad / Hitec City Cyber Towers — CI=0.194  speed=25.0/31.0 km/h
2026-10-08 16:10:56 [INFO]   ✓ hyderabad / Gachibowli Junction — CI=0.194  speed=29.0/36.0 km/h
2026-10-08 16:10:57 [INFO]   ✓ hyderabad / Punjagutta Crossing — CI=0.419  speed=18.0/31.0 km/h
2026-10-08 16:10:58 [INFO]   ✓ chennai / OMR Tidel Park — CI=0.267  speed=22.0/30.0 km/h
2026-10-08 16:10:59 [INFO]   ✓ chennai / Kathipara Junction Guindy — CI=0.000  speed=33.0/33.0 km/h
2026-10-08 16:10:59 [INFO]   ✓ chennai / Anna Nagar Roundtana — CI=0.269  speed=19.0/26.0 km/h
2026-10-08 16:11:00 [INFO]   ✓ kolkata / EM Bypass Science City — CI=0.143  speed=36.0/42.0 km/h
2026-10-08 16:11:01 [INFO]   ✓ kolkata / Park Circus 7-Point Crossing — CI=0.000  speed=48.0/48.0 km/h
2026-10-08 16:11:02 [INFO]   ✓ kolkata / Sector V Salt Lake — CI=0.000  speed=22.0/22.0 km/h
2026-10-08 16:11:03 [INFO]   ✓ ahmedabad / SG Highway ISKCON Cross Road — CI=0.114  speed=31.0/35.0 km/h
2026-10-08 16:11:05 [INFO]   ✓ ahmedabad / Ashram Road Income Tax Circle — CI=0.000  speed=40.0/40.0 km/h
2026-10-08 16:11:05 [INFO]   ✓ jaipur / JLN Marg Jawahar Circle — CI=0.000  speed=44.0/44.0 km/h
2026-10-08 16:11:06 [INFO]   ✓ jaipur / Ajmer Road 200 Feet Bypass — CI=0.000  speed=36.0/36.0 km/h
2026-10-08 16:11:07 [INFO]   ✓ kochi / Edappally Toll Junction — CI=0.000  speed=20.0/20.0 km/h
2026-10-08 16:11:07 [INFO]   ✓ lucknow / Hazratganj Crossing — CI=0.345  speed=19.0/29.0 km/h
2026-10-08 16:11:08 [INFO]   → Saved 124 records to C:\Users\albus\projects\traffic_congession\data\telemetry\city=ahmedabad\2026-10-08.parquet
2026-10-08 16:11:08 [INFO]   → Saved 269 records to C:\Users\albus\projects\traffic_congession\data\telemetry\city=bengaluru\2026-10-08.parquet
2026-10-08 16:11:08 [INFO]   → Saved 186 records to C:\Users\albus\projects\traffic_congession\data\telemetry\city=chennai\2026-10-08.parquet
2026-10-08 16:11:08 [INFO]   → Saved 269 records to C:\Users\albus\projects\traffic_congession\data\telemetry\city=delhi\2026-10-08.parquet
2026-10-08 16:11:08 [INFO]   → Saved 186 records to C:\Users\albus\projects\traffic_congession\data\telemetry\city=hyderabad\2026-10-08.parquet
2026-10-08 16:11:08 [INFO]   → Saved 124 records to C:\Users\albus\projects\traffic_congession\data\telemetry\city=jaipur\2026-10-08.parquet
2026-10-08 16:11:08 [INFO]   → Saved 62 records to C:\Users\albus\projects\traffic_congession\data\telemetry\city=kochi\2026-10-08.parquet
2026-10-08 16:11:08 [INFO]   → Saved 186 records to C:\Users\albus\projects\traffic_congession\data\telemetry\city=kolkata\2026-10-08.parquet
2026-10-08 16:11:08 [INFO]   → Saved 62 records to C:\Users\albus\projects\traffic_congession\data\telemetry\city=lucknow\2026-10-08.parquet
2026-10-08 16:11:08 [INFO]   → Saved 269 records to C:\Users\albus\projects\traffic_congession\data\telemetry\city=mumbai\2026-10-08.parquet
2026-10-08 16:11:08 [INFO]   → Saved 199 records to C:\Users\albus\projects\traffic_congession\data\telemetry\city=pune\2026-10-08.parquet
2026-10-08 16:11:08 [INFO] Next batch in 5 minutes. Sleeping...
2026-10-08 16:16:08 [INFO] --- Batch start at 16:16:08 ---
2026-10-08 16:16:08 [INFO]   ✓ bengaluru / Silk Board Junction — CI=0.000  speed=42.0/42.0 km/h
2026-10-08 16:16:10 [INFO]   ✓ bengaluru / Marathahalli Bridge — CI=0.343  speed=23.0/35.0 km/h
2026-10-08 16:16:10 [INFO]   ✓ bengaluru / Whitefield Road — CI=0.263  speed=28.0/38.0 km/h
2026-10-08 16:16:11 [INFO]   ✓ bengaluru / Hebbal Flyover — CI=0.192  speed=21.0/26.0 km/h
2026-10-08 16:16:12 [INFO]   ✓ mumbai / Western Express Highway Andheri — CI=0.318  speed=15.0/22.0 km/h
2026-10-08 16:16:12 [INFO]   ✓ mumbai / Eastern Freeway Sewri — CI=0.000  speed=26.0/26.0 km/h
2026-10-08 16:16:13 [INFO]   ✓ mumbai / BKC Bandra Kurla Complex — CI=0.185  speed=22.0/27.0 km/h
2026-10-08 16:16:14 [INFO]   ✓ mumbai / Sion Circle — CI=0.400  speed=12.0/20.0 km/h
2026-10-08 16:16:14 [INFO]   ✓ delhi / Ring Road AIIMS — CI=0.400  speed=18.0/30.0 km/h
2026-10-08 16:16:15 [INFO]   ✓ delhi / DND Flyway Noida Entry — CI=0.171  speed=34.0/41.0 km/h
2026-10-08 16:16:16 [INFO]   ✓ delhi / Cyber City Gurgaon — CI=0.000  speed=45.0/45.0 km/h
2026-10-08 16:16:17 [INFO]   ✓ delhi / ITO Junction — CI=0.464  speed=15.0/28.0 km/h
2026-10-08 16:16:18 [INFO]   ✓ pune / Hinjawadi Phase 1 — CI=0.000  speed=30.0/30.0 km/h
2026-10-08 16:16:18 [INFO]   ✓ pune / FC Road Shivajinagar — CI=0.000  speed=22.0/22.0 km/h
2026-10-08 16:16:19 [INFO]   ✓ pune / Magarpatta City Hadapsar — CI=0.000  speed=31.0/31.0 km/h
2026-10-08 16:16:20 [INFO]   ✓ hyderabad / Hitec City Cyber Towers — CI=0.161  speed=26.0/31.0 km/h
2026-10-08 16:16:20 [INFO]   ✓ hyderabad / Gachibowli Junction — CI=0.194  speed=29.0/36.0 km/h
2026-10-08 16:16:21 [INFO]   ✓ hyderabad / Punjagutta Crossing — CI=0.452  speed=17.0/31.0 km/h
2026-10-08 16:16:22 [INFO]   ✓ chennai / OMR Tidel Park — CI=0.267  speed=22.0/30.0 km/h
2026-10-08 16:16:22 [INFO]   ✓ chennai / Kathipara Junction Guindy — CI=0.000  speed=33.0/33.0 km/h
2026-10-08 16:16:23 [INFO]   ✓ chennai / Anna Nagar Roundtana — CI=0.231  speed=20.0/26.0 km/h
2026-10-08 16:16:24 [INFO]   ✓ kolkata / EM Bypass Science City — CI=0.186  speed=35.0/43.0 km/h
2026-10-08 16:16:24 [INFO]   ✓ kolkata / Park Circus 7-Point Crossing — CI=0.000  speed=48.0/48.0 km/h
2026-10-08 16:16:25 [INFO]   ✓ kolkata / Sector V Salt Lake — CI=0.000  speed=22.0/22.0 km/h
2026-10-08 16:16:26 [INFO]   ✓ ahmedabad / SG Highway ISKCON Cross Road — CI=0.057  speed=33.0/35.0 km/h
2026-10-08 16:16:26 [INFO]   ✓ ahmedabad / Ashram Road Income Tax Circle — CI=0.000  speed=40.0/40.0 km/h
2026-10-08 16:16:27 [INFO]   ✓ jaipur / JLN Marg Jawahar Circle — CI=0.000  speed=44.0/44.0 km/h
2026-10-08 16:16:28 [INFO]   ✓ jaipur / Ajmer Road 200 Feet Bypass — CI=0.000  speed=36.0/36.0 km/h
2026-10-08 16:16:28 [INFO]   ✓ kochi / Edappally Toll Junction — CI=0.000  speed=20.0/20.0 km/h
2026-10-08 16:16:29 [INFO]   ✓ lucknow / Hazratganj Crossing — CI=0.379  speed=18.0/29.0 km/h
2026-10-08 16:16:29 [INFO]   → Saved 126 records to C:\Users\albus\projects\traffic_congession\data\telemetry\city=ahmedabad\2026-10-08.parquet
2026-10-08 16:16:29 [INFO]   → Saved 273 records to C:\Users\albus\projects\traffic_congession\data\telemetry\city=bengaluru\2026-10-08.parquet
2026-10-08 16:16:29 [INFO]   → Saved 189 records to C:\Users\albus\projects\traffic_congession\data\telemetry\city=chennai\2026-10-08.parquet
2026-10-08 16:16:29 [INFO]   → Saved 273 records to C:\Users\albus\projects\traffic_congession\data\telemetry\city=delhi\2026-10-08.parquet
2026-10-08 16:16:29 [INFO]   → Saved 189 records to C:\Users\albus\projects\traffic_congession\data\telemetry\city=hyderabad\2026-10-08.parquet
2026-10-08 16:16:29 [INFO]   → Saved 126 records to C:\Users\albus\projects\traffic_congession\data\telemetry\city=jaipur\2026-10-08.parquet
2026-10-08 16:16:29 [INFO]   → Saved 63 records to C:\Users\albus\projects\traffic_congession\data\telemetry\city=kochi\2026-10-08.parquet
2026-10-08 16:16:29 [INFO]   → Saved 189 records to C:\Users\albus\projects\traffic_congession\data\telemetry\city=kolkata\2026-10-08.parquet
2026-10-08 16:16:29 [INFO]   → Saved 63 records to C:\Users\albus\projects\traffic_congession\data\telemetry\city=lucknow\2026-10-08.parquet
2026-10-08 16:16:29 [INFO]   → Saved 273 records to C:\Users\albus\projects\traffic_congession\data\telemetry\city=mumbai\2026-10-08.parquet
2026-10-08 16:16:29 [INFO]   → Saved 202 records to C:\Users\albus\projects\traffic_congession\data\telemetry\city=pune\2026-10-08.parquet
2026-10-08 16:16:29 [INFO] Next batch in 5 minutes. Sleeping...
2026-10-08 16:21:29 [INFO] --- Batch start at 16:21:29 ---
2026-10-08 16:21:30 [INFO]   ✓ bengaluru / Silk Board Junction — CI=0.000  speed=42.0/42.0 km/h
2026-10-08 16:21:31 [INFO]   ✓ bengaluru / Marathahalli Bridge — CI=0.343  speed=23.0/35.0 km/h
2026-10-08 16:21:32 [INFO]   ✓ bengaluru / Whitefield Road — CI=0.263  speed=28.0/38.0 km/h
2026-10-08 16:21:33 [INFO]   ✓ bengaluru / Hebbal Flyover — CI=0.231  speed=20.0/26.0 km/h
2026-10-08 16:21:33 [INFO]   ✓ mumbai / Western Express Highway Andheri — CI=0.318  speed=15.0/22.0 km/h
2026-10-08 16:21:34 [INFO]   ✓ mumbai / Eastern Freeway Sewri — CI=0.000  speed=26.0/26.0 km/h
2026-10-08 16:21:35 [INFO]   ✓ mumbai / BKC Bandra Kurla Complex — CI=0.000  speed=27.0/27.0 km/h
2026-10-08 16:21:35 [INFO]   ✓ mumbai / Sion Circle — CI=0.400  speed=12.0/20.0 km/h
2026-10-08 16:21:36 [INFO]   ✓ delhi / Ring Road AIIMS — CI=0.387  speed=19.0/31.0 km/h
2026-10-08 16:21:37 [INFO]   ✓ delhi / DND Flyway Noida Entry — CI=0.171  speed=34.0/41.0 km/h
2026-10-08 16:21:38 [INFO]   ✓ delhi / Cyber City Gurgaon — CI=0.159  speed=37.0/44.0 km/h
2026-10-08 16:21:39 [INFO]   ✓ delhi / ITO Junction — CI=0.333  speed=18.0/27.0 km/h
2026-10-08 16:21:40 [INFO]   ✓ pune / Hinjawadi Phase 1 — CI=0.000  speed=30.0/30.0 km/h
2026-10-08 16:21:40 [INFO]   ✓ pune / FC Road Shivajinagar — CI=0.238  speed=16.0/21.0 km/h
2026-10-08 16:21:41 [INFO]   ✓ pune / Magarpatta City Hadapsar — CI=0.000  speed=31.0/31.0 km/h
2026-10-08 16:21:42 [INFO]   ✓ hyderabad / Hitec City Cyber Towers — CI=0.000  speed=31.0/31.0 km/h
2026-10-08 16:21:43 [INFO]   ✓ hyderabad / Gachibowli Junction — CI=0.194  speed=29.0/36.0 km/h
2026-10-08 16:21:43 [INFO]   ✓ hyderabad / Punjagutta Crossing — CI=0.467  speed=16.0/30.0 km/h
2026-10-08 16:21:44 [INFO]   ✓ chennai / OMR Tidel Park — CI=0.310  speed=20.0/29.0 km/h
2026-10-08 16:21:45 [INFO]   ✓ chennai / Kathipara Junction Guindy — CI=0.250  speed=24.0/32.0 km/h
2026-10-08 16:21:45 [INFO]   ✓ chennai / Anna Nagar Roundtana — CI=0.222  speed=21.0/27.0 km/h
2026-10-08 16:21:46 [INFO]   ✓ kolkata / EM Bypass Science City — CI=0.186  speed=35.0/43.0 km/h
2026-10-08 16:21:47 [INFO]   ✓ kolkata / Park Circus 7-Point Crossing — CI=0.000  speed=48.0/48.0 km/h
2026-10-08 16:21:48 [INFO]   ✓ kolkata / Sector V Salt Lake — CI=0.000  speed=22.0/22.0 km/h
2026-10-08 16:21:49 [INFO]   ✓ ahmedabad / SG Highway ISKCON Cross Road — CI=0.139  speed=31.0/36.0 km/h
2026-10-08 16:21:50 [INFO]   ✓ ahmedabad / Ashram Road Income Tax Circle — CI=0.000  speed=40.0/40.0 km/h
2026-10-08 16:21:50 [INFO]   ✓ jaipur / JLN Marg Jawahar Circle — CI=0.000  speed=44.0/44.0 km/h
2026-10-08 16:21:51 [INFO]   ✓ jaipur / Ajmer Road 200 Feet Bypass — CI=0.000  speed=36.0/36.0 km/h
2026-10-08 16:21:51 [INFO]   ✓ kochi / Edappally Toll Junction — CI=0.000  speed=20.0/20.0 km/h
2026-10-08 16:21:53 [INFO]   ✓ lucknow / Hazratganj Crossing — CI=0.345  speed=19.0/29.0 km/h
2026-10-08 16:21:53 [INFO]   → Saved 128 records to C:\Users\albus\projects\traffic_congession\data\telemetry\city=ahmedabad\2026-10-08.parquet
2026-10-08 16:21:53 [INFO]   → Saved 277 records to C:\Users\albus\projects\traffic_congession\data\telemetry\city=bengaluru\2026-10-08.parquet
2026-10-08 16:21:53 [INFO]   → Saved 192 records to C:\Users\albus\projects\traffic_congession\data\telemetry\city=chennai\2026-10-08.parquet
2026-10-08 16:21:53 [INFO]   → Saved 277 records to C:\Users\albus\projects\traffic_congession\data\telemetry\city=delhi\2026-10-08.parquet
2026-10-08 16:21:53 [INFO]   → Saved 192 records to C:\Users\albus\projects\traffic_congession\data\telemetry\city=hyderabad\2026-10-08.parquet
2026-10-08 16:21:53 [INFO]   → Saved 128 records to C:\Users\albus\projects\traffic_congession\data\telemetry\city=jaipur\2026-10-08.parquet
2026-10-08 16:21:53 [INFO]   → Saved 64 records to C:\Users\albus\projects\traffic_congession\data\telemetry\city=kochi\2026-10-08.parquet
2026-10-08 16:21:53 [INFO]   → Saved 192 records to C:\Users\albus\projects\traffic_congession\data\telemetry\city=kolkata\2026-10-08.parquet
2026-10-08 16:21:53 [INFO]   → Saved 64 records to C:\Users\albus\projects\traffic_congession\data\telemetry\city=lucknow\2026-10-08.parquet
2026-10-08 16:21:53 [INFO]   → Saved 277 records to C:\Users\albus\projects\traffic_congession\data\telemetry\city=mumbai\2026-10-08.parquet
2026-10-08 16:21:53 [INFO]   → Saved 205 records to C:\Users\albus\projects\traffic_congession\data\telemetry\city=pune\2026-10-08.parquet
2026-10-08 16:21:53 [INFO] Next batch in 5 minutes. Sleeping...
2026-10-08 16:26:53 [INFO] --- Batch start at 16:26:53 ---
2026-10-08 16:26:55 [INFO]   ✓ bengaluru / Silk Board Junction — CI=0.000  speed=42.0/42.0 km/h
2026-10-08 16:26:56 [INFO]   ✓ bengaluru / Marathahalli Bridge — CI=0.314  speed=24.0/35.0 km/h
2026-10-08 16:26:57 [INFO]   ✓ bengaluru / Whitefield Road — CI=0.216  speed=29.0/37.0 km/h
2026-10-08 16:26:59 [INFO]   ✓ bengaluru / Hebbal Flyover — CI=0.231  speed=20.0/26.0 km/h
2026-10-08 16:27:00 [INFO]   ✓ mumbai / Western Express Highway Andheri — CI=0.286  speed=15.0/21.0 km/h
2026-10-08 16:27:01 [INFO]   ✓ mumbai / Eastern Freeway Sewri — CI=0.000  speed=26.0/26.0 km/h
2026-10-08 16:27:02 [INFO]   ✓ mumbai / BKC Bandra Kurla Complex — CI=0.000  speed=27.0/27.0 km/h
2026-10-08 16:27:03 [INFO]   ✓ mumbai / Sion Circle — CI=0.250  speed=15.0/20.0 km/h
2026-10-08 16:27:06 [INFO]   ✓ delhi / Ring Road AIIMS — CI=0.419  speed=18.0/31.0 km/h
2026-10-08 16:27:08 [INFO]   ✓ delhi / DND Flyway Noida Entry — CI=0.195  speed=33.0/41.0 km/h
2026-10-08 16:27:09 [INFO]   ✓ delhi / Cyber City Gurgaon — CI=0.205  speed=35.0/44.0 km/h
2026-10-08 16:27:12 [INFO]   ✓ delhi / ITO Junction — CI=0.407  speed=16.0/27.0 km/h
2026-10-08 16:27:13 [INFO]   ✓ pune / Hinjawadi Phase 1 — CI=0.000  speed=30.0/30.0 km/h
2026-10-08 16:27:14 [INFO]   ✓ pune / FC Road Shivajinagar — CI=0.273  speed=16.0/22.0 km/h
2026-10-08 16:27:14 [INFO]   ✓ pune / Magarpatta City Hadapsar — CI=0.000  speed=31.0/31.0 km/h
2026-10-08 16:27:15 [INFO]   ✓ hyderabad / Hitec City Cyber Towers — CI=0.129  speed=27.0/31.0 km/h
2026-10-08 16:27:16 [INFO]   ✓ hyderabad / Gachibowli Junction — CI=0.243  speed=28.0/37.0 km/h
2026-10-08 16:27:16 [INFO]   ✓ hyderabad / Punjagutta Crossing — CI=0.355  speed=20.0/31.0 km/h
2026-10-08 16:27:17 [INFO]   ✓ chennai / OMR Tidel Park — CI=0.355  speed=20.0/31.0 km/h
2026-10-08 16:27:18 [INFO]   ✓ chennai / Kathipara Junction Guindy — CI=0.000  speed=33.0/33.0 km/h
2026-10-08 16:27:18 [INFO]   ✓ chennai / Anna Nagar Roundtana — CI=0.333  speed=18.0/27.0 km/h
2026-10-08 16:27:19 [INFO]   ✓ kolkata / EM Bypass Science City — CI=0.163  speed=36.0/43.0 km/h
2026-10-08 16:27:21 [INFO]   ✓ kolkata / Park Circus 7-Point Crossing — CI=0.000  speed=48.0/48.0 km/h
2026-10-08 16:27:22 [INFO]   ✓ kolkata / Sector V Salt Lake — CI=0.000  speed=22.0/22.0 km/h
2026-10-08 16:27:24 [INFO]   ✓ ahmedabad / SG Highway ISKCON Cross Road — CI=0.111  speed=32.0/36.0 km/h
2026-10-08 16:27:25 [INFO]   ✓ ahmedabad / Ashram Road Income Tax Circle — CI=0.000  speed=40.0/40.0 km/h
2026-10-08 16:27:26 [INFO]   ✓ jaipur / JLN Marg Jawahar Circle — CI=0.000  speed=44.0/44.0 km/h
2026-10-08 16:27:26 [INFO]   ✓ jaipur / Ajmer Road 200 Feet Bypass — CI=0.000  speed=36.0/36.0 km/h
2026-10-08 16:27:28 [INFO]   ✓ kochi / Edappally Toll Junction — CI=0.000  speed=20.0/20.0 km/h
2026-10-08 16:27:29 [INFO]   ✓ lucknow / Hazratganj Crossing — CI=0.345  speed=19.0/29.0 km/h
2026-10-08 16:27:29 [INFO]   → Saved 130 records to C:\Users\albus\projects\traffic_congession\data\telemetry\city=ahmedabad\2026-10-08.parquet
2026-10-08 16:27:29 [INFO]   → Saved 281 records to C:\Users\albus\projects\traffic_congession\data\telemetry\city=bengaluru\2026-10-08.parquet
2026-10-08 16:27:29 [INFO]   → Saved 195 records to C:\Users\albus\projects\traffic_congession\data\telemetry\city=chennai\2026-10-08.parquet
2026-10-08 16:27:29 [INFO]   → Saved 281 records to C:\Users\albus\projects\traffic_congession\data\telemetry\city=delhi\2026-10-08.parquet
2026-10-08 16:27:29 [INFO]   → Saved 195 records to C:\Users\albus\projects\traffic_congession\data\telemetry\city=hyderabad\2026-10-08.parquet
2026-10-08 16:27:29 [INFO]   → Saved 130 records to C:\Users\albus\projects\traffic_congession\data\telemetry\city=jaipur\2026-10-08.parquet
2026-10-08 16:27:29 [INFO]   → Saved 65 records to C:\Users\albus\projects\traffic_congession\data\telemetry\city=kochi\2026-10-08.parquet
2026-10-08 16:27:29 [INFO]   → Saved 195 records to C:\Users\albus\projects\traffic_congession\data\telemetry\city=kolkata\2026-10-08.parquet
2026-10-08 16:27:29 [INFO]   → Saved 65 records to C:\Users\albus\projects\traffic_congession\data\telemetry\city=lucknow\2026-10-08.parquet
2026-10-08 16:27:29 [INFO]   → Saved 281 records to C:\Users\albus\projects\traffic_congession\data\telemetry\city=mumbai\2026-10-08.parquet
2026-10-08 16:27:29 [INFO]   → Saved 208 records to C:\Users\albus\projects\traffic_congession\data\telemetry\city=pune\2026-10-08.parquet
2026-10-08 16:27:29 [INFO] Next batch in 5 minutes. Sleeping...
2026-10-08 16:32:29 [INFO] --- Batch start at 16:32:29 ---
2026-10-08 16:32:30 [INFO]   ✓ bengaluru / Silk Board Junction — CI=0.000  speed=42.0/42.0 km/h
2026-10-08 16:32:31 [INFO]   ✓ bengaluru / Marathahalli Bridge — CI=0.343  speed=23.0/35.0 km/h
2026-10-08 16:32:32 [INFO]   ✓ bengaluru / Whitefield Road — CI=0.263  speed=28.0/38.0 km/h
2026-10-08 16:32:34 [INFO]   ✓ bengaluru / Hebbal Flyover — CI=0.160  speed=21.0/25.0 km/h
2026-10-08 16:32:34 [INFO]   ✓ mumbai / Western Express Highway Andheri — CI=0.318  speed=15.0/22.0 km/h
2026-10-08 16:32:35 [INFO]   ✓ mumbai / Eastern Freeway Sewri — CI=0.000  speed=26.0/26.0 km/h
2026-10-08 16:32:36 [INFO]   ✓ mumbai / BKC Bandra Kurla Complex — CI=0.000  speed=27.0/27.0 km/h
2026-10-08 16:32:36 [INFO]   ✓ mumbai / Sion Circle — CI=0.300  speed=14.0/20.0 km/h
2026-10-08 16:32:37 [INFO]   ✓ delhi / Ring Road AIIMS — CI=0.367  speed=19.0/30.0 km/h
2026-10-08 16:32:39 [INFO]   ✓ delhi / DND Flyway Noida Entry — CI=0.220  speed=32.0/41.0 km/h
2026-10-08 16:32:42 [INFO]   ✓ delhi / Cyber City Gurgaon — CI=0.000  speed=45.0/45.0 km/h
2026-10-08 16:32:44 [INFO]   ✓ delhi / ITO Junction — CI=0.500  speed=13.0/26.0 km/h
2026-10-08 16:32:46 [INFO]   ✓ pune / Hinjawadi Phase 1 — CI=0.000  speed=30.0/30.0 km/h
2026-10-08 16:32:46 [INFO]   ✓ pune / FC Road Shivajinagar — CI=0.286  speed=15.0/21.0 km/h
2026-10-08 16:32:47 [INFO]   ✓ pune / Magarpatta City Hadapsar — CI=0.000  speed=31.0/31.0 km/h
2026-10-08 16:32:48 [INFO]   ✓ hyderabad / Hitec City Cyber Towers — CI=0.000  speed=31.0/31.0 km/h
2026-10-08 16:32:49 [INFO]   ✓ hyderabad / Gachibowli Junction — CI=0.250  speed=27.0/36.0 km/h
2026-10-08 16:32:50 [INFO]   ✓ hyderabad / Punjagutta Crossing — CI=0.355  speed=20.0/31.0 km/h
2026-10-08 16:32:51 [INFO]   ✓ chennai / OMR Tidel Park — CI=0.333  speed=20.0/30.0 km/h
2026-10-08 16:32:52 [INFO]   ✓ chennai / Kathipara Junction Guindy — CI=0.000  speed=33.0/33.0 km/h
2026-10-08 16:32:53 [INFO]   ✓ chennai / Anna Nagar Roundtana — CI=0.222  speed=21.0/27.0 km/h
2026-10-08 16:32:53 [INFO]   ✓ kolkata / EM Bypass Science City — CI=0.000  speed=42.0/42.0 km/h
2026-10-08 16:32:54 [INFO]   ✓ kolkata / Park Circus 7-Point Crossing — CI=0.170  speed=39.0/47.0 km/h
2026-10-08 16:32:55 [INFO]   ✓ kolkata / Sector V Salt Lake — CI=0.000  speed=22.0/22.0 km/h
2026-10-08 16:32:55 [INFO]   ✓ ahmedabad / SG Highway ISKCON Cross Road — CI=0.088  speed=31.0/34.0 km/h
2026-10-08 16:32:56 [INFO]   ✓ ahmedabad / Ashram Road Income Tax Circle — CI=0.000  speed=40.0/40.0 km/h
2026-10-08 16:32:57 [INFO]   ✓ jaipur / JLN Marg Jawahar Circle — CI=0.000  speed=44.0/44.0 km/h
2026-10-08 16:32:57 [INFO]   ✓ jaipur / Ajmer Road 200 Feet Bypass — CI=0.139  speed=31.0/36.0 km/h
2026-10-08 16:32:58 [INFO]   ✓ kochi / Edappally Toll Junction — CI=0.000  speed=20.0/20.0 km/h
2026-10-08 16:32:59 [INFO]   ✓ lucknow / Hazratganj Crossing — CI=0.310  speed=20.0/29.0 km/h
2026-10-08 16:32:59 [INFO]   → Saved 132 records to C:\Users\albus\projects\traffic_congession\data\telemetry\city=ahmedabad\2026-10-08.parquet
2026-10-08 16:32:59 [INFO]   → Saved 285 records to C:\Users\albus\projects\traffic_congession\data\telemetry\city=bengaluru\2026-10-08.parquet
2026-10-08 16:32:59 [INFO]   → Saved 198 records to C:\Users\albus\projects\traffic_congession\data\telemetry\city=chennai\2026-10-08.parquet
2026-10-08 16:32:59 [INFO]   → Saved 285 records to C:\Users\albus\projects\traffic_congession\data\telemetry\city=delhi\2026-10-08.parquet
2026-10-08 16:32:59 [INFO]   → Saved 198 records to C:\Users\albus\projects\traffic_congession\data\telemetry\city=hyderabad\2026-10-08.parquet
2026-10-08 16:32:59 [INFO]   → Saved 132 records to C:\Users\albus\projects\traffic_congession\data\telemetry\city=jaipur\2026-10-08.parquet
2026-10-08 16:32:59 [INFO]   → Saved 66 records to C:\Users\albus\projects\traffic_congession\data\telemetry\city=kochi\2026-10-08.parquet
2026-10-08 16:32:59 [INFO]   → Saved 198 records to C:\Users\albus\projects\traffic_congession\data\telemetry\city=kolkata\2026-10-08.parquet
2026-10-08 16:32:59 [INFO]   → Saved 66 records to C:\Users\albus\projects\traffic_congession\data\telemetry\city=lucknow\2026-10-08.parquet
2026-10-08 16:32:59 [INFO]   → Saved 285 records to C:\Users\albus\projects\traffic_congession\data\telemetry\city=mumbai\2026-10-08.parquet
2026-10-08 16:32:59 [INFO]   → Saved 211 records to C:\Users\albus\projects\traffic_congession\data\telemetry\city=pune\2026-10-08.parquet
2026-10-08 16:32:59 [INFO] Next batch in 5 minutes. Sleeping...
2026-10-08 16:37:59 [INFO] --- Batch start at 16:37:59 ---
2026-10-08 16:38:00 [INFO]   ✓ bengaluru / Silk Board Junction — CI=0.000  speed=42.0/42.0 km/h
2026-10-08 16:38:01 [INFO]   ✓ bengaluru / Marathahalli Bridge — CI=0.314  speed=24.0/35.0 km/h
2026-10-08 16:38:02 [INFO]   ✓ bengaluru / Whitefield Road — CI=0.237  speed=29.0/38.0 km/h
2026-10-08 16:38:03 [INFO]   ✓ bengaluru / Hebbal Flyover — CI=0.192  speed=21.0/26.0 km/h
2026-10-08 16:38:05 [INFO]   ✓ mumbai / Western Express Highway Andheri — CI=0.273  speed=16.0/22.0 km/h
2026-10-08 16:38:05 [INFO]   ✓ mumbai / Eastern Freeway Sewri — CI=0.000  speed=26.0/26.0 km/h
2026-10-08 16:38:06 [INFO]   ✓ mumbai / BKC Bandra Kurla Complex — CI=0.000  speed=27.0/27.0 km/h
2026-10-08 16:38:07 [INFO]   ✓ mumbai / Sion Circle — CI=0.316  speed=13.0/19.0 km/h
2026-10-08 16:38:07 [INFO]   ✓ delhi / Ring Road AIIMS — CI=0.300  speed=21.0/30.0 km/h
2026-10-08 16:38:08 [INFO]   ✓ delhi / DND Flyway Noida Entry — CI=0.220  speed=32.0/41.0 km/h
2026-10-08 16:38:09 [INFO]   ✓ delhi / Cyber City Gurgaon — CI=0.000  speed=45.0/45.0 km/h
2026-10-08 16:38:10 [INFO]   ✓ delhi / ITO Junction — CI=0.370  speed=17.0/27.0 km/h
2026-10-08 16:38:11 [INFO]   ✓ pune / Hinjawadi Phase 1 — CI=0.000  speed=30.0/30.0 km/h
2026-10-08 16:38:12 [INFO]   ✓ pune / FC Road Shivajinagar — CI=0.273  speed=16.0/22.0 km/h
2026-10-08 16:38:12 [INFO]   ✓ pune / Magarpatta City Hadapsar — CI=0.000  speed=31.0/31.0 km/h
2026-10-08 16:38:13 [INFO]   ✓ hyderabad / Hitec City Cyber Towers — CI=0.000  speed=31.0/31.0 km/h
2026-10-08 16:38:14 [INFO]   ✓ hyderabad / Gachibowli Junction — CI=0.222  speed=28.0/36.0 km/h
2026-10-08 16:38:14 [INFO]   ✓ hyderabad / Punjagutta Crossing — CI=0.333  speed=20.0/30.0 km/h
2026-10-08 16:38:15 [INFO]   ✓ chennai / OMR Tidel Park — CI=0.300  speed=21.0/30.0 km/h
2026-10-08 16:38:16 [INFO]   ✓ chennai / Kathipara Junction Guindy — CI=0.000  speed=33.0/33.0 km/h
2026-10-08 16:38:17 [INFO]   ✓ chennai / Anna Nagar Roundtana — CI=0.259  speed=20.0/27.0 km/h
2026-10-08 16:38:17 [INFO]   ✓ kolkata / EM Bypass Science City — CI=0.000  speed=42.0/42.0 km/h
2026-10-08 16:38:18 [INFO]   ✓ kolkata / Park Circus 7-Point Crossing — CI=0.000  speed=48.0/48.0 km/h
2026-10-08 16:38:19 [INFO]   ✓ kolkata / Sector V Salt Lake — CI=0.000  speed=22.0/22.0 km/h
2026-10-08 16:38:19 [INFO]   ✓ ahmedabad / SG Highway ISKCON Cross Road — CI=0.083  speed=33.0/36.0 km/h
2026-10-08 16:38:20 [INFO]   ✓ ahmedabad / Ashram Road Income Tax Circle — CI=0.000  speed=40.0/40.0 km/h
2026-10-08 16:38:21 [INFO]   ✓ jaipur / JLN Marg Jawahar Circle — CI=0.000  speed=44.0/44.0 km/h
2026-10-08 16:38:22 [INFO]   ✓ jaipur / Ajmer Road 200 Feet Bypass — CI=0.176  speed=28.0/34.0 km/h
2026-10-08 16:38:22 [INFO]   ✓ kochi / Edappally Toll Junction — CI=0.000  speed=20.0/20.0 km/h
2026-10-08 16:38:23 [INFO]   ✓ lucknow / Hazratganj Crossing — CI=0.345  speed=19.0/29.0 km/h
2026-10-08 16:38:23 [INFO]   → Saved 134 records to C:\Users\albus\projects\traffic_congession\data\telemetry\city=ahmedabad\2026-10-08.parquet
2026-10-08 16:38:23 [INFO]   → Saved 289 records to C:\Users\albus\projects\traffic_congession\data\telemetry\city=bengaluru\2026-10-08.parquet
2026-10-08 16:38:23 [INFO]   → Saved 201 records to C:\Users\albus\projects\traffic_congession\data\telemetry\city=chennai\2026-10-08.parquet
2026-10-08 16:38:23 [INFO]   → Saved 289 records to C:\Users\albus\projects\traffic_congession\data\telemetry\city=delhi\2026-10-08.parquet
2026-10-08 16:38:24 [INFO]   → Saved 201 records to C:\Users\albus\projects\traffic_congession\data\telemetry\city=hyderabad\2026-10-08.parquet
2026-10-08 16:38:24 [INFO]   → Saved 134 records to C:\Users\albus\projects\traffic_congession\data\telemetry\city=jaipur\2026-10-08.parquet
2026-10-08 16:38:24 [INFO]   → Saved 67 records to C:\Users\albus\projects\traffic_congession\data\telemetry\city=kochi\2026-10-08.parquet
2026-10-08 16:38:24 [INFO]   → Saved 201 records to C:\Users\albus\projects\traffic_congession\data\telemetry\city=kolkata\2026-10-08.parquet
2026-10-08 16:38:24 [INFO]   → Saved 67 records to C:\Users\albus\projects\traffic_congession\data\telemetry\city=lucknow\2026-10-08.parquet
2026-10-08 16:38:24 [INFO]   → Saved 289 records to C:\Users\albus\projects\traffic_congession\data\telemetry\city=mumbai\2026-10-08.parquet
2026-10-08 16:38:24 [INFO]   → Saved 214 records to C:\Users\albus\projects\traffic_congession\data\telemetry\city=pune\2026-10-08.parquet
2026-10-08 16:38:24 [INFO] Next batch in 5 minutes. Sleeping...
2026-10-08 16:43:24 [INFO] --- Batch start at 16:43:24 ---
2026-10-08 16:43:24 [INFO]   ✓ bengaluru / Silk Board Junction — CI=0.000  speed=42.0/42.0 km/h
2026-10-08 16:43:26 [INFO]   ✓ bengaluru / Marathahalli Bridge — CI=0.314  speed=24.0/35.0 km/h
2026-10-08 16:43:27 [INFO]   ✓ bengaluru / Whitefield Road — CI=0.237  speed=29.0/38.0 km/h
2026-10-08 16:43:29 [INFO]   ✓ bengaluru / Hebbal Flyover — CI=0.192  speed=21.0/26.0 km/h
2026-10-08 16:43:30 [INFO]   ✓ mumbai / Western Express Highway Andheri — CI=0.333  speed=14.0/21.0 km/h
2026-10-08 16:43:30 [INFO]   ✓ mumbai / Eastern Freeway Sewri — CI=0.000  speed=26.0/26.0 km/h
2026-10-08 16:43:31 [INFO]   ✓ mumbai / BKC Bandra Kurla Complex — CI=0.310  speed=20.0/29.0 km/h
2026-10-08 16:43:32 [INFO]   ✓ mumbai / Sion Circle — CI=0.350  speed=13.0/20.0 km/h
2026-10-08 16:43:33 [INFO]   ✓ delhi / Ring Road AIIMS — CI=0.367  speed=19.0/30.0 km/h
2026-10-08 16:43:36 [INFO]   ✓ delhi / DND Flyway Noida Entry — CI=0.195  speed=33.0/41.0 km/h
2026-10-08 16:43:38 [INFO]   ✓ delhi / Cyber City Gurgaon — CI=0.000  speed=45.0/45.0 km/h
2026-10-08 16:43:41 [INFO]   ✓ delhi / ITO Junction — CI=0.464  speed=15.0/28.0 km/h
2026-10-08 16:43:44 [INFO]   ✓ pune / Hinjawadi Phase 1 — CI=0.000  speed=30.0/30.0 km/h
2026-10-08 16:43:45 [INFO]   ✓ pune / FC Road Shivajinagar — CI=0.227  speed=17.0/22.0 km/h
2026-10-08 16:43:46 [INFO]   ✓ pune / Magarpatta City Hadapsar — CI=0.000  speed=31.0/31.0 km/h
2026-10-08 16:43:47 [INFO]   ✓ hyderabad / Hitec City Cyber Towers — CI=0.000  speed=31.0/31.0 km/h
2026-10-08 16:43:48 [INFO]   ✓ hyderabad / Gachibowli Junction — CI=0.278  speed=26.0/36.0 km/h
2026-10-08 16:43:49 [INFO]   ✓ hyderabad / Punjagutta Crossing — CI=0.323  speed=21.0/31.0 km/h
2026-10-08 16:43:52 [INFO]   ✓ chennai / OMR Tidel Park — CI=0.367  speed=19.0/30.0 km/h
2026-10-08 16:43:53 [INFO]   ✓ chennai / Kathipara Junction Guindy — CI=0.000  speed=33.0/33.0 km/h
2026-10-08 16:43:53 [INFO]   ✓ chennai / Anna Nagar Roundtana — CI=0.192  speed=21.0/26.0 km/h
2026-10-08 16:43:54 [INFO]   ✓ kolkata / EM Bypass Science City — CI=0.186  speed=35.0/43.0 km/h
2026-10-08 16:43:55 [INFO]   ✓ kolkata / Park Circus 7-Point Crossing — CI=0.000  speed=48.0/48.0 km/h
2026-10-08 16:43:56 [INFO]   ✓ kolkata / Sector V Salt Lake — CI=0.000  speed=22.0/22.0 km/h
2026-10-08 16:43:56 [INFO]   ✓ ahmedabad / SG Highway ISKCON Cross Road — CI=0.057  speed=33.0/35.0 km/h
2026-10-08 16:43:57 [INFO]   ✓ ahmedabad / Ashram Road Income Tax Circle — CI=0.000  speed=40.0/40.0 km/h
2026-10-08 16:43:58 [INFO]   ✓ jaipur / JLN Marg Jawahar Circle — CI=0.000  speed=44.0/44.0 km/h
2026-10-08 16:43:59 [INFO]   ✓ jaipur / Ajmer Road 200 Feet Bypass — CI=0.194  speed=29.0/36.0 km/h
2026-10-08 16:43:59 [INFO]   ✓ kochi / Edappally Toll Junction — CI=0.000  speed=20.0/20.0 km/h
2026-10-08 16:44:00 [INFO]   ✓ lucknow / Hazratganj Crossing — CI=0.345  speed=19.0/29.0 km/h
2026-10-08 16:44:00 [INFO]   → Saved 136 records to C:\Users\albus\projects\traffic_congession\data\telemetry\city=ahmedabad\2026-10-08.parquet
2026-10-08 16:44:00 [INFO]   → Saved 293 records to C:\Users\albus\projects\traffic_congession\data\telemetry\city=bengaluru\2026-10-08.parquet
2026-10-08 16:44:00 [INFO]   → Saved 204 records to C:\Users\albus\projects\traffic_congession\data\telemetry\city=chennai\2026-10-08.parquet
2026-10-08 16:44:00 [INFO]   → Saved 293 records to C:\Users\albus\projects\traffic_congession\data\telemetry\city=delhi\2026-10-08.parquet
2026-10-08 16:44:00 [INFO]   → Saved 204 records to C:\Users\albus\projects\traffic_congession\data\telemetry\city=hyderabad\2026-10-08.parquet
2026-10-08 16:44:00 [INFO]   → Saved 136 records to C:\Users\albus\projects\traffic_congession\data\telemetry\city=jaipur\2026-10-08.parquet
2026-10-08 16:44:00 [INFO]   → Saved 68 records to C:\Users\albus\projects\traffic_congession\data\telemetry\city=kochi\2026-10-08.parquet
2026-10-08 16:44:00 [INFO]   → Saved 204 records to C:\Users\albus\projects\traffic_congession\data\telemetry\city=kolkata\2026-10-08.parquet
2026-10-08 16:44:00 [INFO]   → Saved 68 records to C:\Users\albus\projects\traffic_congession\data\telemetry\city=lucknow\2026-10-08.parquet
2026-10-08 16:44:00 [INFO]   → Saved 293 records to C:\Users\albus\projects\traffic_congession\data\telemetry\city=mumbai\2026-10-08.parquet
2026-10-08 16:44:00 [INFO]   → Saved 217 records to C:\Users\albus\projects\traffic_congession\data\telemetry\city=pune\2026-10-08.parquet
2026-10-08 16:44:00 [INFO] Next batch in 5 minutes. Sleeping...
2026-10-08 16:50:56 [INFO] --- Batch start at 16:50:56 ---
2026-10-08 16:50:56 [INFO]   ✓ bengaluru / Silk Board Junction — CI=0.000  speed=42.0/42.0 km/h
2026-10-08 16:50:57 [INFO]   ✓ bengaluru / Marathahalli Bridge — CI=0.361  speed=23.0/36.0 km/h
2026-10-08 16:50:58 [INFO]   ✓ bengaluru / Whitefield Road — CI=0.237  speed=29.0/38.0 km/h
2026-10-08 16:50:59 [INFO]   ✓ bengaluru / Hebbal Flyover — CI=0.231  speed=20.0/26.0 km/h
2026-10-08 16:51:00 [INFO]   ✓ mumbai / Western Express Highway Andheri — CI=0.333  speed=14.0/21.0 km/h
2026-10-08 16:51:00 [INFO]   ✓ mumbai / Eastern Freeway Sewri — CI=0.000  speed=26.0/26.0 km/h
2026-10-08 16:51:01 [INFO]   ✓ mumbai / BKC Bandra Kurla Complex — CI=0.241  speed=22.0/29.0 km/h
2026-10-08 16:51:01 [INFO]   ✓ mumbai / Sion Circle — CI=0.263  speed=14.0/19.0 km/h
2026-10-08 16:51:03 [INFO]   ✓ delhi / Ring Road AIIMS — CI=0.355  speed=20.0/31.0 km/h
2026-10-08 16:51:04 [INFO]   ✓ delhi / DND Flyway Noida Entry — CI=0.171  speed=34.0/41.0 km/h
2026-10-08 16:51:05 [INFO]   ✓ delhi / Cyber City Gurgaon — CI=0.250  speed=33.0/44.0 km/h
2026-10-08 16:51:05 [INFO]   ✓ delhi / ITO Junction — CI=0.444  speed=15.0/27.0 km/h
2026-10-08 16:51:06 [INFO]   ✓ pune / Hinjawadi Phase 1 — CI=0.167  speed=25.0/30.0 km/h
2026-10-08 16:51:07 [INFO]   ✓ pune / FC Road Shivajinagar — CI=0.190  speed=17.0/21.0 km/h
2026-10-08 16:51:07 [INFO]   ✓ pune / Magarpatta City Hadapsar — CI=0.000  speed=31.0/31.0 km/h
2026-10-08 16:51:10 [INFO]   ✓ hyderabad / Hitec City Cyber Towers — CI=0.226  speed=24.0/31.0 km/h
2026-10-08 16:51:10 [INFO]   ✓ hyderabad / Gachibowli Junction — CI=0.250  speed=27.0/36.0 km/h
2026-10-08 16:51:11 [INFO]   ✓ hyderabad / Punjagutta Crossing — CI=0.452  speed=17.0/31.0 km/h
2026-10-08 16:51:12 [INFO]   ✓ chennai / OMR Tidel Park — CI=0.400  speed=18.0/30.0 km/h
2026-10-08 16:51:12 [INFO]   ✓ chennai / Kathipara Junction Guindy — CI=0.188  speed=26.0/32.0 km/h
2026-10-08 16:51:13 [INFO]   ✓ chennai / Anna Nagar Roundtana — CI=0.269  speed=19.0/26.0 km/h
2026-10-08 16:51:13 [INFO]   ✓ kolkata / EM Bypass Science City — CI=0.186  speed=35.0/43.0 km/h
2026-10-08 16:51:14 [INFO]   ✓ kolkata / Park Circus 7-Point Crossing — CI=0.000  speed=48.0/48.0 km/h
2026-10-08 16:51:15 [INFO]   ✓ kolkata / Sector V Salt Lake — CI=0.000  speed=22.0/22.0 km/h
2026-10-08 16:51:15 [INFO]   ✓ ahmedabad / SG Highway ISKCON Cross Road — CI=0.000  speed=35.0/35.0 km/h
2026-10-08 16:51:16 [INFO]   ✓ ahmedabad / Ashram Road Income Tax Circle — CI=0.000  speed=40.0/40.0 km/h
2026-10-08 16:51:17 [INFO]   ✓ jaipur / JLN Marg Jawahar Circle — CI=0.000  speed=44.0/44.0 km/h
2026-10-08 16:51:17 [INFO]   ✓ jaipur / Ajmer Road 200 Feet Bypass — CI=0.171  speed=29.0/35.0 km/h
2026-10-08 16:51:18 [INFO]   ✓ kochi / Edappally Toll Junction — CI=0.000  speed=20.0/20.0 km/h
2026-10-08 16:51:19 [INFO]   ✓ lucknow / Hazratganj Crossing — CI=0.379  speed=18.0/29.0 km/h
2026-10-08 16:51:19 [INFO]   → Saved 138 records to C:\Users\albus\projects\traffic_congession\data\telemetry\city=ahmedabad\2026-10-08.parquet
2026-10-08 16:51:19 [INFO]   → Saved 297 records to C:\Users\albus\projects\traffic_congession\data\telemetry\city=bengaluru\2026-10-08.parquet
2026-10-08 16:51:19 [INFO]   → Saved 207 records to C:\Users\albus\projects\traffic_congession\data\telemetry\city=chennai\2026-10-08.parquet
2026-10-08 16:51:19 [INFO]   → Saved 297 records to C:\Users\albus\projects\traffic_congession\data\telemetry\city=delhi\2026-10-08.parquet
2026-10-08 16:51:19 [INFO]   → Saved 207 records to C:\Users\albus\projects\traffic_congession\data\telemetry\city=hyderabad\2026-10-08.parquet
2026-10-08 16:51:19 [INFO]   → Saved 138 records to C:\Users\albus\projects\traffic_congession\data\telemetry\city=jaipur\2026-10-08.parquet
2026-10-08 16:51:19 [INFO]   → Saved 69 records to C:\Users\albus\projects\traffic_congession\data\telemetry\city=kochi\2026-10-08.parquet
2026-10-08 16:51:19 [INFO]   → Saved 207 records to C:\Users\albus\projects\traffic_congession\data\telemetry\city=kolkata\2026-10-08.parquet
2026-10-08 16:51:19 [INFO]   → Saved 69 records to C:\Users\albus\projects\traffic_congession\data\telemetry\city=lucknow\2026-10-08.parquet
2026-10-08 16:51:19 [INFO]   → Saved 297 records to C:\Users\albus\projects\traffic_congession\data\telemetry\city=mumbai\2026-10-08.parquet
2026-10-08 16:51:19 [INFO]   → Saved 220 records to C:\Users\albus\projects\traffic_congession\data\telemetry\city=pune\2026-10-08.parquet
2026-10-08 16:51:19 [INFO] Next batch in 5 minutes. Sleeping...
2026-10-08 16:56:19 [INFO] --- Batch start at 16:56:19 ---
2026-10-08 16:56:22 [INFO]   ✓ bengaluru / Silk Board Junction — CI=0.000  speed=42.0/42.0 km/h
2026-10-08 16:56:24 [INFO]   ✓ bengaluru / Marathahalli Bridge — CI=0.314  speed=24.0/35.0 km/h
2026-10-08 16:56:26 [INFO]   ✓ bengaluru / Whitefield Road — CI=0.237  speed=29.0/38.0 km/h
2026-10-08 16:56:28 [INFO]   ✓ bengaluru / Hebbal Flyover — CI=0.231  speed=20.0/26.0 km/h
2026-10-08 16:56:29 [INFO]   ✓ mumbai / Western Express Highway Andheri — CI=0.409  speed=13.0/22.0 km/h
2026-10-08 16:56:30 [INFO]   ✓ mumbai / Eastern Freeway Sewri — CI=0.000  speed=26.0/26.0 km/h
2026-10-08 16:56:30 [INFO]   ✓ mumbai / BKC Bandra Kurla Complex — CI=0.333  speed=18.0/27.0 km/h
2026-10-08 16:56:31 [INFO]   ✓ mumbai / Sion Circle — CI=0.316  speed=13.0/19.0 km/h
2026-10-08 16:56:32 [INFO]   ✓ delhi / Ring Road AIIMS — CI=0.290  speed=22.0/31.0 km/h
2026-10-08 16:56:33 [INFO]   ✓ delhi / DND Flyway Noida Entry — CI=0.171  speed=34.0/41.0 km/h
2026-10-08 16:56:33 [INFO]   ✓ delhi / Cyber City Gurgaon — CI=0.222  speed=35.0/45.0 km/h
2026-10-08 16:56:34 [INFO]   ✓ delhi / ITO Junction — CI=0.370  speed=17.0/27.0 km/h
2026-10-08 16:56:35 [INFO]   ✓ pune / Hinjawadi Phase 1 — CI=0.133  speed=26.0/30.0 km/h
2026-10-08 16:56:36 [INFO]   ✓ pune / FC Road Shivajinagar — CI=0.238  speed=16.0/21.0 km/h
2026-10-08 16:56:36 [INFO]   ✓ pune / Magarpatta City Hadapsar — CI=0.000  speed=31.0/31.0 km/h
2026-10-08 16:56:37 [INFO]   ✓ hyderabad / Hitec City Cyber Towers — CI=0.387  speed=19.0/31.0 km/h
2026-10-08 16:56:38 [INFO]   ✓ hyderabad / Gachibowli Junction — CI=0.229  speed=27.0/35.0 km/h
2026-10-08 16:56:38 [INFO]   ✓ hyderabad / Punjagutta Crossing — CI=0.419  speed=18.0/31.0 km/h
2026-10-08 16:56:40 [INFO]   ✓ chennai / OMR Tidel Park — CI=0.433  speed=17.0/30.0 km/h
2026-10-08 16:56:42 [INFO]   ✓ chennai / Kathipara Junction Guindy — CI=0.188  speed=26.0/32.0 km/h
2026-10-08 16:56:44 [INFO]   ✓ chennai / Anna Nagar Roundtana — CI=0.259  speed=20.0/27.0 km/h
2026-10-08 16:56:46 [INFO]   ✓ kolkata / EM Bypass Science City — CI=0.167  speed=35.0/42.0 km/h
2026-10-08 16:56:49 [INFO]   ✓ kolkata / Park Circus 7-Point Crossing — CI=0.000  speed=48.0/48.0 km/h
2026-10-08 16:56:50 [INFO]   ✓ kolkata / Sector V Salt Lake — CI=0.000  speed=22.0/22.0 km/h
2026-10-08 16:56:51 [INFO]   ✓ ahmedabad / SG Highway ISKCON Cross Road — CI=0.139  speed=31.0/36.0 km/h
2026-10-08 16:56:53 [INFO]   ✓ ahmedabad / Ashram Road Income Tax Circle — CI=0.000  speed=40.0/40.0 km/h
2026-10-08 16:56:54 [INFO]   ✓ jaipur / JLN Marg Jawahar Circle — CI=0.000  speed=44.0/44.0 km/h
2026-10-08 16:56:57 [INFO]   ✓ jaipur / Ajmer Road 200 Feet Bypass — CI=0.139  speed=31.0/36.0 km/h
2026-10-08 16:56:59 [INFO]   ✓ kochi / Edappally Toll Junction — CI=0.000  speed=20.0/20.0 km/h
2026-10-08 16:57:00 [INFO]   ✓ lucknow / Hazratganj Crossing — CI=0.310  speed=20.0/29.0 km/h
2026-10-08 16:57:00 [INFO]   → Saved 140 records to C:\Users\albus\projects\traffic_congession\data\telemetry\city=ahmedabad\2026-10-08.parquet
2026-10-08 16:57:00 [INFO]   → Saved 301 records to C:\Users\albus\projects\traffic_congession\data\telemetry\city=bengaluru\2026-10-08.parquet
2026-10-08 16:57:00 [INFO]   → Saved 210 records to C:\Users\albus\projects\traffic_congession\data\telemetry\city=chennai\2026-10-08.parquet
2026-10-08 16:57:00 [INFO]   → Saved 301 records to C:\Users\albus\projects\traffic_congession\data\telemetry\city=delhi\2026-10-08.parquet
2026-10-08 16:57:00 [INFO]   → Saved 210 records to C:\Users\albus\projects\traffic_congession\data\telemetry\city=hyderabad\2026-10-08.parquet
2026-10-08 16:57:00 [INFO]   → Saved 140 records to C:\Users\albus\projects\traffic_congession\data\telemetry\city=jaipur\2026-10-08.parquet
2026-10-08 16:57:00 [INFO]   → Saved 70 records to C:\Users\albus\projects\traffic_congession\data\telemetry\city=kochi\2026-10-08.parquet
2026-10-08 16:57:00 [INFO]   → Saved 210 records to C:\Users\albus\projects\traffic_congession\data\telemetry\city=kolkata\2026-10-08.parquet
2026-10-08 16:57:00 [INFO]   → Saved 70 records to C:\Users\albus\projects\traffic_congession\data\telemetry\city=lucknow\2026-10-08.parquet
2026-10-08 16:57:00 [INFO]   → Saved 301 records to C:\Users\albus\projects\traffic_congession\data\telemetry\city=mumbai\2026-10-08.parquet
2026-10-08 16:57:00 [INFO]   → Saved 223 records to C:\Users\albus\projects\traffic_congession\data\telemetry\city=pune\2026-10-08.parquet
2026-10-08 16:57:00 [INFO] Next batch in 5 minutes. Sleeping...
2026-10-08 17:02:00 [INFO] --- Batch start at 17:02:00 ---
2026-10-08 17:02:01 [INFO]   ✓ bengaluru / Silk Board Junction — CI=0.000  speed=42.0/42.0 km/h
2026-10-08 17:02:02 [INFO]   ✓ bengaluru / Marathahalli Bridge — CI=0.286  speed=25.0/35.0 km/h
2026-10-08 17:02:03 [INFO]   ✓ bengaluru / Whitefield Road — CI=0.263  speed=28.0/38.0 km/h
2026-10-08 17:02:04 [INFO]   ✓ bengaluru / Hebbal Flyover — CI=0.231  speed=20.0/26.0 km/h
2026-10-08 17:02:05 [INFO]   ✓ mumbai / Western Express Highway Andheri — CI=0.364  speed=14.0/22.0 km/h
2026-10-08 17:02:06 [INFO]   ✓ mumbai / Eastern Freeway Sewri — CI=0.000  speed=26.0/26.0 km/h
2026-10-08 17:02:06 [INFO]   ✓ mumbai / BKC Bandra Kurla Complex — CI=0.333  speed=18.0/27.0 km/h
2026-10-08 17:02:07 [INFO]   ✓ mumbai / Sion Circle — CI=0.316  speed=13.0/19.0 km/h
2026-10-08 17:02:08 [INFO]   ✓ delhi / Ring Road AIIMS — CI=0.300  speed=21.0/30.0 km/h
2026-10-08 17:02:09 [INFO]   ✓ delhi / DND Flyway Noida Entry — CI=0.220  speed=32.0/41.0 km/h
2026-10-08 17:02:10 [INFO]   ✓ delhi / Cyber City Gurgaon — CI=0.267  speed=33.0/45.0 km/h
2026-10-08 17:02:12 [INFO]   ✓ delhi / ITO Junction — CI=0.385  speed=16.0/26.0 km/h
2026-10-08 17:02:13 [INFO]   ✓ pune / Hinjawadi Phase 1 — CI=0.167  speed=25.0/30.0 km/h
2026-10-08 17:02:13 [INFO]   ✓ pune / FC Road Shivajinagar — CI=0.227  speed=17.0/22.0 km/h
2026-10-08 17:02:14 [INFO]   ✓ pune / Magarpatta City Hadapsar — CI=0.000  speed=31.0/31.0 km/h
2026-10-08 17:02:15 [INFO]   ✓ hyderabad / Hitec City Cyber Towers — CI=0.516  speed=15.0/31.0 km/h
2026-10-08 17:02:16 [INFO]   ✓ hyderabad / Gachibowli Junction — CI=0.324  speed=25.0/37.0 km/h
2026-10-08 17:02:16 [INFO]   ✓ hyderabad / Punjagutta Crossing — CI=0.452  speed=17.0/31.0 km/h
2026-10-08 17:02:17 [INFO]   ✓ chennai / OMR Tidel Park — CI=0.467  speed=16.0/30.0 km/h
2026-10-08 17:02:18 [INFO]   ✓ chennai / Kathipara Junction Guindy — CI=0.375  speed=20.0/32.0 km/h
2026-10-08 17:02:19 [INFO]   ✓ chennai / Anna Nagar Roundtana — CI=0.154  speed=22.0/26.0 km/h
2026-10-08 17:02:20 [INFO]   ✓ kolkata / EM Bypass Science City — CI=0.186  speed=35.0/43.0 km/h
2026-10-08 17:02:20 [INFO]   ✓ kolkata / Park Circus 7-Point Crossing — CI=0.229  speed=37.0/48.0 km/h
2026-10-08 17:02:21 [INFO]   ✓ kolkata / Sector V Salt Lake — CI=0.000  speed=22.0/22.0 km/h
2026-10-08 17:02:22 [INFO]   ✓ ahmedabad / SG Highway ISKCON Cross Road — CI=0.057  speed=33.0/35.0 km/h
2026-10-08 17:02:23 [INFO]   ✓ ahmedabad / Ashram Road Income Tax Circle — CI=0.000  speed=40.0/40.0 km/h
2026-10-08 17:02:23 [INFO]   ✓ jaipur / JLN Marg Jawahar Circle — CI=0.000  speed=44.0/44.0 km/h
2026-10-08 17:02:24 [INFO]   ✓ jaipur / Ajmer Road 200 Feet Bypass — CI=0.000  speed=36.0/36.0 km/h
2026-10-08 17:02:25 [INFO]   ✓ kochi / Edappally Toll Junction — CI=0.000  speed=20.0/20.0 km/h
2026-10-08 17:02:26 [INFO]   ✓ lucknow / Hazratganj Crossing — CI=0.367  speed=19.0/30.0 km/h
2026-10-08 17:02:26 [INFO]   → Saved 142 records to C:\Users\albus\projects\traffic_congession\data\telemetry\city=ahmedabad\2026-10-08.parquet
2026-10-08 17:02:26 [INFO]   → Saved 305 records to C:\Users\albus\projects\traffic_congession\data\telemetry\city=bengaluru\2026-10-08.parquet
2026-10-08 17:02:26 [INFO]   → Saved 213 records to C:\Users\albus\projects\traffic_congession\data\telemetry\city=chennai\2026-10-08.parquet
2026-10-08 17:02:26 [INFO]   → Saved 305 records to C:\Users\albus\projects\traffic_congession\data\telemetry\city=delhi\2026-10-08.parquet
2026-10-08 17:02:26 [INFO]   → Saved 213 records to C:\Users\albus\projects\traffic_congession\data\telemetry\city=hyderabad\2026-10-08.parquet
2026-10-08 17:02:26 [INFO]   → Saved 142 records to C:\Users\albus\projects\traffic_congession\data\telemetry\city=jaipur\2026-10-08.parquet
2026-10-08 17:02:26 [INFO]   → Saved 71 records to C:\Users\albus\projects\traffic_congession\data\telemetry\city=kochi\2026-10-08.parquet
2026-10-08 17:02:26 [INFO]   → Saved 213 records to C:\Users\albus\projects\traffic_congession\data\telemetry\city=kolkata\2026-10-08.parquet
2026-10-08 17:02:26 [INFO]   → Saved 71 records to C:\Users\albus\projects\traffic_congession\data\telemetry\city=lucknow\2026-10-08.parquet
2026-10-08 17:02:26 [INFO]   → Saved 305 records to C:\Users\albus\projects\traffic_congession\data\telemetry\city=mumbai\2026-10-08.parquet
2026-10-08 17:02:26 [INFO]   → Saved 226 records to C:\Users\albus\projects\traffic_congession\data\telemetry\city=pune\2026-10-08.parquet
2026-10-08 17:02:26 [INFO] Next batch in 5 minutes. Sleeping...
2026-10-08 17:07:26 [INFO] --- Batch start at 17:07:26 ---
2026-10-08 17:07:26 [INFO]   ✓ bengaluru / Silk Board Junction — CI=0.000  speed=42.0/42.0 km/h
2026-10-08 17:07:28 [INFO]   ✓ bengaluru / Marathahalli Bridge — CI=0.286  speed=25.0/35.0 km/h
2026-10-08 17:07:30 [INFO]   ✓ bengaluru / Whitefield Road — CI=0.289  speed=27.0/38.0 km/h
2026-10-08 17:07:32 [INFO]   ✓ bengaluru / Hebbal Flyover — CI=0.240  speed=19.0/25.0 km/h
2026-10-08 17:07:34 [INFO]   ✓ mumbai / Western Express Highway Andheri — CI=0.409  speed=13.0/22.0 km/h
2026-10-08 17:07:36 [INFO]   ✓ mumbai / Eastern Freeway Sewri — CI=0.000  speed=26.0/26.0 km/h
2026-10-08 17:07:38 [INFO]   ✓ mumbai / BKC Bandra Kurla Complex — CI=0.296  speed=19.0/27.0 km/h
2026-10-08 17:07:39 [INFO]   ✓ mumbai / Sion Circle — CI=0.000  speed=20.0/20.0 km/h
2026-10-08 17:07:40 [INFO]   ✓ delhi / Ring Road AIIMS — CI=0.323  speed=21.0/31.0 km/h
2026-10-08 17:07:41 [INFO]   ✓ delhi / DND Flyway Noida Entry — CI=0.195  speed=33.0/41.0 km/h
2026-10-08 17:07:41 [INFO]   ✓ delhi / Cyber City Gurgaon — CI=0.227  speed=34.0/44.0 km/h
2026-10-08 17:07:42 [INFO]   ✓ delhi / ITO Junction — CI=0.444  speed=15.0/27.0 km/h
2026-10-08 17:07:43 [INFO]   ✓ pune / Hinjawadi Phase 1 — CI=0.167  speed=25.0/30.0 km/h
2026-10-08 17:07:44 [INFO]   ✓ pune / FC Road Shivajinagar — CI=0.238  speed=16.0/21.0 km/h
2026-10-08 17:07:45 [INFO]   ✓ pune / Magarpatta City Hadapsar — CI=0.000  speed=31.0/31.0 km/h
2026-10-08 17:07:46 [INFO]   ✓ hyderabad / Hitec City Cyber Towers — CI=0.500  speed=16.0/32.0 km/h
2026-10-08 17:07:46 [INFO]   ✓ hyderabad / Gachibowli Junction — CI=0.324  speed=25.0/37.0 km/h
2026-10-08 17:07:48 [INFO]   ✓ hyderabad / Punjagutta Crossing — CI=0.433  speed=17.0/30.0 km/h
2026-10-08 17:07:51 [INFO]   ✓ chennai / OMR Tidel Park — CI=0.419  speed=18.0/31.0 km/h
2026-10-08 17:07:53 [INFO]   ✓ chennai / Kathipara Junction Guindy — CI=0.250  speed=24.0/32.0 km/h
2026-10-08 17:07:55 [INFO]   ✓ chennai / Anna Nagar Roundtana — CI=0.231  speed=20.0/26.0 km/h
2026-10-08 17:07:56 [INFO]   ✓ kolkata / EM Bypass Science City — CI=0.190  speed=34.0/42.0 km/h
2026-10-08 17:07:57 [INFO]   ✓ kolkata / Park Circus 7-Point Crossing — CI=0.277  speed=34.0/47.0 km/h
2026-10-08 17:07:58 [INFO]   ✓ kolkata / Sector V Salt Lake — CI=0.000  speed=22.0/22.0 km/h
2026-10-08 17:07:59 [INFO]   ✓ ahmedabad / SG Highway ISKCON Cross Road — CI=0.139  speed=31.0/36.0 km/h
2026-10-08 17:08:00 [INFO]   ✓ ahmedabad / Ashram Road Income Tax Circle — CI=0.000  speed=40.0/40.0 km/h
2026-10-08 17:08:01 [INFO]   ✓ jaipur / JLN Marg Jawahar Circle — CI=0.000  speed=44.0/44.0 km/h
2026-10-08 17:08:02 [INFO]   ✓ jaipur / Ajmer Road 200 Feet Bypass — CI=0.000  speed=36.0/36.0 km/h
2026-10-08 17:08:03 [INFO]   ✓ kochi / Edappally Toll Junction — CI=0.000  speed=20.0/20.0 km/h
2026-10-08 17:08:04 [INFO]   ✓ lucknow / Hazratganj Crossing — CI=0.367  speed=19.0/30.0 km/h
2026-10-08 17:08:04 [INFO]   → Saved 144 records to C:\Users\albus\projects\traffic_congession\data\telemetry\city=ahmedabad\2026-10-08.parquet
2026-10-08 17:08:04 [INFO]   → Saved 309 records to C:\Users\albus\projects\traffic_congession\data\telemetry\city=bengaluru\2026-10-08.parquet
2026-10-08 17:08:04 [INFO]   → Saved 216 records to C:\Users\albus\projects\traffic_congession\data\telemetry\city=chennai\2026-10-08.parquet
2026-10-08 17:08:04 [INFO]   → Saved 309 records to C:\Users\albus\projects\traffic_congession\data\telemetry\city=delhi\2026-10-08.parquet
2026-10-08 17:08:04 [INFO]   → Saved 216 records to C:\Users\albus\projects\traffic_congession\data\telemetry\city=hyderabad\2026-10-08.parquet
2026-10-08 17:08:04 [INFO]   → Saved 144 records to C:\Users\albus\projects\traffic_congession\data\telemetry\city=jaipur\2026-10-08.parquet
2026-10-08 17:08:04 [INFO]   → Saved 72 records to C:\Users\albus\projects\traffic_congession\data\telemetry\city=kochi\2026-10-08.parquet
2026-10-08 17:08:04 [INFO]   → Saved 216 records to C:\Users\albus\projects\traffic_congession\data\telemetry\city=kolkata\2026-10-08.parquet
2026-10-08 17:08:04 [INFO]   → Saved 72 records to C:\Users\albus\projects\traffic_congession\data\telemetry\city=lucknow\2026-10-08.parquet
2026-10-08 17:08:04 [INFO]   → Saved 309 records to C:\Users\albus\projects\traffic_congession\data\telemetry\city=mumbai\2026-10-08.parquet
2026-10-08 17:08:04 [INFO]   → Saved 229 records to C:\Users\albus\projects\traffic_congession\data\telemetry\city=pune\2026-10-08.parquet
2026-10-08 17:08:04 [INFO] Next batch in 5 minutes. Sleeping...
2026-10-08 17:13:04 [INFO] --- Batch start at 17:13:04 ---
2026-10-08 17:13:07 [INFO]   ✓ bengaluru / Silk Board Junction — CI=0.000  speed=42.0/42.0 km/h
2026-10-08 17:13:08 [INFO]   ✓ bengaluru / Marathahalli Bridge — CI=0.343  speed=23.0/35.0 km/h
2026-10-08 17:13:09 [INFO]   ✓ bengaluru / Whitefield Road — CI=0.289  speed=27.0/38.0 km/h
2026-10-08 17:13:10 [INFO]   ✓ bengaluru / Hebbal Flyover — CI=0.231  speed=20.0/26.0 km/h
2026-10-08 17:13:11 [INFO]   ✓ mumbai / Western Express Highway Andheri — CI=0.381  speed=13.0/21.0 km/h
2026-10-08 17:13:12 [INFO]   ✓ mumbai / Eastern Freeway Sewri — CI=0.000  speed=26.0/26.0 km/h
2026-10-08 17:13:13 [INFO]   ✓ mumbai / BKC Bandra Kurla Complex — CI=0.296  speed=19.0/27.0 km/h
2026-10-08 17:13:13 [INFO]   ✓ mumbai / Sion Circle — CI=0.316  speed=13.0/19.0 km/h
2026-10-08 17:13:15 [INFO]   ✓ delhi / Ring Road AIIMS — CI=0.355  speed=20.0/31.0 km/h
2026-10-08 17:13:15 [INFO]   ✓ delhi / DND Flyway Noida Entry — CI=0.195  speed=33.0/41.0 km/h
2026-10-08 17:13:16 [INFO]   ✓ delhi / Cyber City Gurgaon — CI=0.222  speed=35.0/45.0 km/h
2026-10-08 17:13:17 [INFO]   ✓ delhi / ITO Junction — CI=0.444  speed=15.0/27.0 km/h
2026-10-08 17:13:18 [INFO]   ✓ pune / Hinjawadi Phase 1 — CI=0.167  speed=25.0/30.0 km/h
2026-10-08 17:13:19 [INFO]   ✓ pune / FC Road Shivajinagar — CI=0.364  speed=14.0/22.0 km/h
2026-10-08 17:13:19 [INFO]   ✓ pune / Magarpatta City Hadapsar — CI=0.000  speed=31.0/31.0 km/h
2026-10-08 17:13:20 [INFO]   ✓ hyderabad / Hitec City Cyber Towers — CI=0.355  speed=20.0/31.0 km/h
2026-10-08 17:13:21 [INFO]   ✓ hyderabad / Gachibowli Junction — CI=0.297  speed=26.0/37.0 km/h
2026-10-08 17:13:21 [INFO]   ✓ hyderabad / Punjagutta Crossing — CI=0.484  speed=16.0/31.0 km/h
2026-10-08 17:13:23 [INFO]   ✓ chennai / OMR Tidel Park — CI=0.433  speed=17.0/30.0 km/h
2026-10-08 17:13:24 [INFO]   ✓ chennai / Kathipara Junction Guindy — CI=0.000  speed=33.0/33.0 km/h
2026-10-08 17:13:24 [INFO]   ✓ chennai / Anna Nagar Roundtana — CI=0.259  speed=20.0/27.0 km/h
2026-10-08 17:13:25 [INFO]   ✓ kolkata / EM Bypass Science City — CI=0.209  speed=34.0/43.0 km/h
2026-10-08 17:13:26 [INFO]   ✓ kolkata / Park Circus 7-Point Crossing — CI=0.319  speed=32.0/47.0 km/h
2026-10-08 17:13:27 [INFO]   ✓ kolkata / Sector V Salt Lake — CI=0.000  speed=22.0/22.0 km/h
2026-10-08 17:13:28 [INFO]   ✓ ahmedabad / SG Highway ISKCON Cross Road — CI=0.114  speed=31.0/35.0 km/h
2026-10-08 17:13:29 [INFO]   ✓ ahmedabad / Ashram Road Income Tax Circle — CI=0.128  speed=34.0/39.0 km/h
2026-10-08 17:13:32 [INFO]   ✓ jaipur / JLN Marg Jawahar Circle — CI=0.000  speed=44.0/44.0 km/h
2026-10-08 17:13:33 [INFO]   ✓ jaipur / Ajmer Road 200 Feet Bypass — CI=0.000  speed=36.0/36.0 km/h
2026-10-08 17:13:36 [INFO]   ✓ kochi / Edappally Toll Junction — CI=0.000  speed=20.0/20.0 km/h
2026-10-08 17:13:39 [INFO]   ✓ lucknow / Hazratganj Crossing — CI=0.367  speed=19.0/30.0 km/h
2026-10-08 17:13:39 [INFO]   → Saved 146 records to C:\Users\albus\projects\traffic_congession\data\telemetry\city=ahmedabad\2026-10-08.parquet
2026-10-08 17:13:39 [INFO]   → Saved 313 records to C:\Users\albus\projects\traffic_congession\data\telemetry\city=bengaluru\2026-10-08.parquet
2026-10-08 17:13:39 [INFO]   → Saved 219 records to C:\Users\albus\projects\traffic_congession\data\telemetry\city=chennai\2026-10-08.parquet
2026-10-08 17:13:39 [INFO]   → Saved 313 records to C:\Users\albus\projects\traffic_congession\data\telemetry\city=delhi\2026-10-08.parquet
2026-10-08 17:13:39 [INFO]   → Saved 219 records to C:\Users\albus\projects\traffic_congession\data\telemetry\city=hyderabad\2026-10-08.parquet
2026-10-08 17:13:39 [INFO]   → Saved 146 records to C:\Users\albus\projects\traffic_congession\data\telemetry\city=jaipur\2026-10-08.parquet
2026-10-08 17:13:39 [INFO]   → Saved 73 records to C:\Users\albus\projects\traffic_congession\data\telemetry\city=kochi\2026-10-08.parquet
2026-10-08 17:13:39 [INFO]   → Saved 219 records to C:\Users\albus\projects\traffic_congession\data\telemetry\city=kolkata\2026-10-08.parquet
2026-10-08 17:13:39 [INFO]   → Saved 73 records to C:\Users\albus\projects\traffic_congession\data\telemetry\city=lucknow\2026-10-08.parquet
2026-10-08 17:13:39 [INFO]   → Saved 313 records to C:\Users\albus\projects\traffic_congession\data\telemetry\city=mumbai\2026-10-08.parquet
2026-10-08 17:13:39 [INFO]   → Saved 232 records to C:\Users\albus\projects\traffic_congession\data\telemetry\city=pune\2026-10-08.parquet
2026-10-08 17:13:39 [INFO] Next batch in 5 minutes. Sleeping...
2026-10-08 17:18:39 [INFO] --- Batch start at 17:18:39 ---
2026-10-08 17:18:40 [INFO]   ✓ bengaluru / Silk Board Junction — CI=0.000  speed=42.0/42.0 km/h
2026-10-08 17:18:41 [INFO]   ✓ bengaluru / Marathahalli Bridge — CI=0.314  speed=24.0/35.0 km/h
2026-10-08 17:18:42 [INFO]   ✓ bengaluru / Whitefield Road — CI=0.243  speed=28.0/37.0 km/h
2026-10-08 17:18:43 [INFO]   ✓ bengaluru / Hebbal Flyover — CI=0.269  speed=19.0/26.0 km/h
2026-10-08 17:18:43 [INFO]   ✓ mumbai / Western Express Highway Andheri — CI=0.364  speed=14.0/22.0 km/h
2026-10-08 17:18:44 [INFO]   ✓ mumbai / Eastern Freeway Sewri — CI=0.000  speed=26.0/26.0 km/h
2026-10-08 17:18:45 [INFO]   ✓ mumbai / BKC Bandra Kurla Complex — CI=0.333  speed=18.0/27.0 km/h
2026-10-08 17:18:45 [INFO]   ✓ mumbai / Sion Circle — CI=0.350  speed=13.0/20.0 km/h
2026-10-08 17:18:46 [INFO]   ✓ delhi / Ring Road AIIMS — CI=0.355  speed=20.0/31.0 km/h
2026-10-08 17:18:48 [INFO]   ✓ delhi / DND Flyway Noida Entry — CI=0.244  speed=31.0/41.0 km/h
2026-10-08 17:18:48 [INFO]   ✓ delhi / Cyber City Gurgaon — CI=0.364  speed=28.0/44.0 km/h
2026-10-08 17:18:49 [INFO]   ✓ delhi / ITO Junction — CI=0.429  speed=16.0/28.0 km/h
2026-10-08 17:18:50 [INFO]   ✓ pune / Hinjawadi Phase 1 — CI=0.200  speed=24.0/30.0 km/h
2026-10-08 17:18:51 [INFO]   ✓ pune / FC Road Shivajinagar — CI=0.409  speed=13.0/22.0 km/h
2026-10-08 17:18:51 [INFO]   ✓ pune / Magarpatta City Hadapsar — CI=0.000  speed=31.0/31.0 km/h
2026-10-08 17:18:52 [INFO]   ✓ hyderabad / Hitec City Cyber Towers — CI=0.433  speed=17.0/30.0 km/h
2026-10-08 17:18:53 [INFO]   ✓ hyderabad / Gachibowli Junction — CI=0.250  speed=27.0/36.0 km/h
2026-10-08 17:18:53 [INFO]   ✓ hyderabad / Punjagutta Crossing — CI=0.531  speed=15.0/32.0 km/h
2026-10-08 17:18:54 [INFO]   ✓ chennai / OMR Tidel Park — CI=0.333  speed=20.0/30.0 km/h
2026-10-08 17:18:55 [INFO]   ✓ chennai / Kathipara Junction Guindy — CI=0.281  speed=23.0/32.0 km/h
2026-10-08 17:18:55 [INFO]   ✓ chennai / Anna Nagar Roundtana — CI=0.296  speed=19.0/27.0 km/h
2026-10-08 17:18:56 [INFO]   ✓ kolkata / EM Bypass Science City — CI=0.209  speed=34.0/43.0 km/h
2026-10-08 17:18:57 [INFO]   ✓ kolkata / Park Circus 7-Point Crossing — CI=0.383  speed=29.0/47.0 km/h
2026-10-08 17:18:57 [INFO]   ✓ kolkata / Sector V Salt Lake — CI=0.000  speed=22.0/22.0 km/h
2026-10-08 17:18:58 [INFO]   ✓ ahmedabad / SG Highway ISKCON Cross Road — CI=0.171  speed=29.0/35.0 km/h
2026-10-08 17:18:59 [INFO]   ✓ ahmedabad / Ashram Road Income Tax Circle — CI=0.128  speed=34.0/39.0 km/h
2026-10-08 17:18:59 [INFO]   ✓ jaipur / JLN Marg Jawahar Circle — CI=0.000  speed=44.0/44.0 km/h
2026-10-08 17:19:00 [INFO]   ✓ jaipur / Ajmer Road 200 Feet Bypass — CI=0.086  speed=32.0/35.0 km/h
2026-10-08 17:19:00 [INFO]   ✓ kochi / Edappally Toll Junction — CI=0.000  speed=20.0/20.0 km/h
2026-10-08 17:19:01 [INFO]   ✓ lucknow / Hazratganj Crossing — CI=0.400  speed=18.0/30.0 km/h
2026-10-08 17:19:01 [INFO]   → Saved 148 records to C:\Users\albus\projects\traffic_congession\data\telemetry\city=ahmedabad\2026-10-08.parquet
2026-10-08 17:19:01 [INFO]   → Saved 317 records to C:\Users\albus\projects\traffic_congession\data\telemetry\city=bengaluru\2026-10-08.parquet
2026-10-08 17:19:01 [INFO]   → Saved 222 records to C:\Users\albus\projects\traffic_congession\data\telemetry\city=chennai\2026-10-08.parquet
2026-10-08 17:19:01 [INFO]   → Saved 317 records to C:\Users\albus\projects\traffic_congession\data\telemetry\city=delhi\2026-10-08.parquet
2026-10-08 17:19:01 [INFO]   → Saved 222 records to C:\Users\albus\projects\traffic_congession\data\telemetry\city=hyderabad\2026-10-08.parquet
2026-10-08 17:19:01 [INFO]   → Saved 148 records to C:\Users\albus\projects\traffic_congession\data\telemetry\city=jaipur\2026-10-08.parquet
2026-10-08 17:19:01 [INFO]   → Saved 74 records to C:\Users\albus\projects\traffic_congession\data\telemetry\city=kochi\2026-10-08.parquet
2026-10-08 17:19:01 [INFO]   → Saved 222 records to C:\Users\albus\projects\traffic_congession\data\telemetry\city=kolkata\2026-10-08.parquet
2026-10-08 17:19:01 [INFO]   → Saved 74 records to C:\Users\albus\projects\traffic_congession\data\telemetry\city=lucknow\2026-10-08.parquet
2026-10-08 17:19:01 [INFO]   → Saved 317 records to C:\Users\albus\projects\traffic_congession\data\telemetry\city=mumbai\2026-10-08.parquet
2026-10-08 17:19:01 [INFO]   → Saved 235 records to C:\Users\albus\projects\traffic_congession\data\telemetry\city=pune\2026-10-08.parquet
2026-10-08 17:19:01 [INFO] Next batch in 5 minutes. Sleeping...
2026-10-08 17:24:01 [INFO] --- Batch start at 17:24:01 ---
2026-10-08 17:24:05 [INFO]   ✓ bengaluru / Silk Board Junction — CI=0.000  speed=42.0/42.0 km/h
2026-10-08 17:24:08 [INFO]   ✓ bengaluru / Marathahalli Bridge — CI=0.343  speed=23.0/35.0 km/h
2026-10-08 17:24:10 [INFO]   ✓ bengaluru / Whitefield Road — CI=0.289  speed=27.0/38.0 km/h
2026-10-08 17:24:12 [INFO]   ✓ bengaluru / Hebbal Flyover — CI=0.231  speed=20.0/26.0 km/h
2026-10-08 17:24:13 [INFO]   ✓ mumbai / Western Express Highway Andheri — CI=0.333  speed=14.0/21.0 km/h
2026-10-08 17:24:13 [INFO]   ✓ mumbai / Eastern Freeway Sewri — CI=0.077  speed=24.0/26.0 km/h
2026-10-08 17:24:14 [INFO]   ✓ mumbai / BKC Bandra Kurla Complex — CI=0.296  speed=19.0/27.0 km/h
2026-10-08 17:24:14 [INFO]   ✓ mumbai / Sion Circle — CI=0.421  speed=11.0/19.0 km/h
2026-10-08 17:24:15 [INFO]   ✓ delhi / Ring Road AIIMS — CI=0.419  speed=18.0/31.0 km/h
2026-10-08 17:24:16 [INFO]   ✓ delhi / DND Flyway Noida Entry — CI=0.195  speed=33.0/41.0 km/h
2026-10-08 17:24:17 [INFO]   ✓ delhi / Cyber City Gurgaon — CI=0.386  speed=27.0/44.0 km/h
2026-10-08 17:24:17 [INFO]   ✓ delhi / ITO Junction — CI=0.444  speed=15.0/27.0 km/h
2026-10-08 17:24:18 [INFO]   ✓ pune / Hinjawadi Phase 1 — CI=0.200  speed=24.0/30.0 km/h
2026-10-08 17:24:19 [INFO]   ✓ pune / FC Road Shivajinagar — CI=0.409  speed=13.0/22.0 km/h
2026-10-08 17:24:19 [INFO]   ✓ pune / Magarpatta City Hadapsar — CI=0.000  speed=31.0/31.0 km/h
2026-10-08 17:24:20 [INFO]   ✓ hyderabad / Hitec City Cyber Towers — CI=0.355  speed=20.0/31.0 km/h
2026-10-08 17:24:21 [INFO]   ✓ hyderabad / Gachibowli Junction — CI=0.361  speed=23.0/36.0 km/h
2026-10-08 17:24:21 [INFO]   ✓ hyderabad / Punjagutta Crossing — CI=0.484  speed=16.0/31.0 km/h
2026-10-08 17:24:22 [INFO]   ✓ chennai / OMR Tidel Park — CI=0.333  speed=20.0/30.0 km/h
2026-10-08 17:24:24 [INFO]   ✓ chennai / Kathipara Junction Guindy — CI=0.312  speed=22.0/32.0 km/h
2026-10-08 17:24:27 [INFO]   ✓ chennai / Anna Nagar Roundtana — CI=0.296  speed=19.0/27.0 km/h
2026-10-08 17:24:30 [INFO]   ✓ kolkata / EM Bypass Science City — CI=0.233  speed=33.0/43.0 km/h
2026-10-08 17:24:32 [INFO]   ✓ kolkata / Park Circus 7-Point Crossing — CI=0.396  speed=29.0/48.0 km/h
2026-10-08 17:24:35 [INFO]   ✓ kolkata / Sector V Salt Lake — CI=0.333  speed=14.0/21.0 km/h
2026-10-08 17:24:38 [INFO]   ✓ ahmedabad / SG Highway ISKCON Cross Road — CI=0.000  speed=35.0/35.0 km/h
2026-10-08 17:24:39 [INFO]   ✓ ahmedabad / Ashram Road Income Tax Circle — CI=0.000  speed=40.0/40.0 km/h
2026-10-08 17:24:39 [INFO]   ✓ jaipur / JLN Marg Jawahar Circle — CI=0.140  speed=37.0/43.0 km/h
2026-10-08 17:24:40 [INFO]   ✓ jaipur / Ajmer Road 200 Feet Bypass — CI=0.000  speed=36.0/36.0 km/h
2026-10-08 17:24:40 [INFO]   ✓ kochi / Edappally Toll Junction — CI=0.000  speed=20.0/20.0 km/h
2026-10-08 17:24:41 [INFO]   ✓ lucknow / Hazratganj Crossing — CI=0.367  speed=19.0/30.0 km/h
2026-10-08 17:24:41 [INFO]   → Saved 150 records to C:\Users\albus\projects\traffic_congession\data\telemetry\city=ahmedabad\2026-10-08.parquet
2026-10-08 17:24:41 [INFO]   → Saved 321 records to C:\Users\albus\projects\traffic_congession\data\telemetry\city=bengaluru\2026-10-08.parquet
2026-10-08 17:24:41 [INFO]   → Saved 225 records to C:\Users\albus\projects\traffic_congession\data\telemetry\city=chennai\2026-10-08.parquet
2026-10-08 17:24:41 [INFO]   → Saved 321 records to C:\Users\albus\projects\traffic_congession\data\telemetry\city=delhi\2026-10-08.parquet
2026-10-08 17:24:41 [INFO]   → Saved 225 records to C:\Users\albus\projects\traffic_congession\data\telemetry\city=hyderabad\2026-10-08.parquet
2026-10-08 17:24:41 [INFO]   → Saved 150 records to C:\Users\albus\projects\traffic_congession\data\telemetry\city=jaipur\2026-10-08.parquet
2026-10-08 17:24:41 [INFO]   → Saved 75 records to C:\Users\albus\projects\traffic_congession\data\telemetry\city=kochi\2026-10-08.parquet
2026-10-08 17:24:41 [INFO]   → Saved 225 records to C:\Users\albus\projects\traffic_congession\data\telemetry\city=kolkata\2026-10-08.parquet
2026-10-08 17:24:41 [INFO]   → Saved 75 records to C:\Users\albus\projects\traffic_congession\data\telemetry\city=lucknow\2026-10-08.parquet
2026-10-08 17:24:41 [INFO]   → Saved 321 records to C:\Users\albus\projects\traffic_congession\data\telemetry\city=mumbai\2026-10-08.parquet
2026-10-08 17:24:41 [INFO]   → Saved 238 records to C:\Users\albus\projects\traffic_congession\data\telemetry\city=pune\2026-10-08.parquet
2026-10-08 17:24:41 [INFO] Next batch in 5 minutes. Sleeping...
2026-10-08 17:29:41 [INFO] --- Batch start at 17:29:41 ---
2026-10-08 17:29:42 [INFO]   ✓ bengaluru / Silk Board Junction — CI=0.000  speed=42.0/42.0 km/h
2026-10-08 17:29:43 [INFO]   ✓ bengaluru / Marathahalli Bridge — CI=0.343  speed=23.0/35.0 km/h
2026-10-08 17:29:44 [INFO]   ✓ bengaluru / Whitefield Road — CI=0.289  speed=27.0/38.0 km/h
2026-10-08 17:29:44 [INFO]   ✓ bengaluru / Hebbal Flyover — CI=0.269  speed=19.0/26.0 km/h
2026-10-08 17:29:45 [INFO]   ✓ mumbai / Western Express Highway Andheri — CI=0.381  speed=13.0/21.0 km/h
2026-10-08 17:29:46 [INFO]   ✓ mumbai / Eastern Freeway Sewri — CI=0.000  speed=26.0/26.0 km/h
2026-10-08 17:29:46 [INFO]   ✓ mumbai / BKC Bandra Kurla Complex — CI=0.222  speed=21.0/27.0 km/h
2026-10-08 17:29:47 [INFO]   ✓ mumbai / Sion Circle — CI=0.200  speed=16.0/20.0 km/h
2026-10-08 17:29:47 [INFO]   ✓ delhi / Ring Road AIIMS — CI=0.469  speed=17.0/32.0 km/h
2026-10-08 17:29:48 [INFO]   ✓ delhi / DND Flyway Noida Entry — CI=0.220  speed=32.0/41.0 km/h
2026-10-08 17:29:49 [INFO]   ✓ delhi / Cyber City Gurgaon — CI=0.400  speed=27.0/45.0 km/h
2026-10-08 17:29:50 [INFO]   ✓ delhi / ITO Junction — CI=0.444  speed=15.0/27.0 km/h
2026-10-08 17:29:51 [INFO]   ✓ pune / Hinjawadi Phase 1 — CI=0.233  speed=23.0/30.0 km/h
2026-10-08 17:29:51 [INFO]   ✓ pune / FC Road Shivajinagar — CI=0.429  speed=12.0/21.0 km/h
2026-10-08 17:29:52 [INFO]   ✓ pune / Magarpatta City Hadapsar — CI=0.000  speed=31.0/31.0 km/h
2026-10-08 17:29:52 [INFO]   ✓ hyderabad / Hitec City Cyber Towers — CI=0.323  speed=21.0/31.0 km/h
2026-10-08 17:29:53 [INFO]   ✓ hyderabad / Gachibowli Junction — CI=0.361  speed=23.0/36.0 km/h
2026-10-08 17:29:54 [INFO]   ✓ hyderabad / Punjagutta Crossing — CI=0.500  speed=15.0/30.0 km/h
2026-10-08 17:29:54 [INFO]   ✓ chennai / OMR Tidel Park — CI=0.290  speed=22.0/31.0 km/h
2026-10-08 17:29:55 [INFO]   ✓ chennai / Kathipara Junction Guindy — CI=0.438  speed=18.0/32.0 km/h
2026-10-08 17:29:56 [INFO]   ✓ chennai / Anna Nagar Roundtana — CI=0.296  speed=19.0/27.0 km/h
2026-10-08 17:29:56 [INFO]   ✓ kolkata / EM Bypass Science City — CI=0.238  speed=32.0/42.0 km/h
2026-10-08 17:29:57 [INFO]   ✓ kolkata / Park Circus 7-Point Crossing — CI=0.417  speed=28.0/48.0 km/h
2026-10-08 17:29:58 [INFO]   ✓ kolkata / Sector V Salt Lake — CI=0.364  speed=14.0/22.0 km/h
2026-10-08 17:29:58 [INFO]   ✓ ahmedabad / SG Highway ISKCON Cross Road — CI=0.171  speed=29.0/35.0 km/h
2026-10-08 17:29:59 [INFO]   ✓ ahmedabad / Ashram Road Income Tax Circle — CI=0.000  speed=40.0/40.0 km/h
2026-10-08 17:29:59 [INFO]   ✓ jaipur / JLN Marg Jawahar Circle — CI=0.209  speed=34.0/43.0 km/h
2026-10-08 17:30:00 [INFO]   ✓ jaipur / Ajmer Road 200 Feet Bypass — CI=0.000  speed=36.0/36.0 km/h
2026-10-08 17:30:00 [INFO]   ✓ kochi / Edappally Toll Junction — CI=0.000  speed=20.0/20.0 km/h
2026-10-08 17:30:01 [INFO]   ✓ lucknow / Hazratganj Crossing — CI=0.400  speed=18.0/30.0 km/h
2026-10-08 17:30:01 [INFO]   → Saved 152 records to C:\Users\albus\projects\traffic_congession\data\telemetry\city=ahmedabad\2026-10-08.parquet
2026-10-08 17:30:01 [INFO]   → Saved 325 records to C:\Users\albus\projects\traffic_congession\data\telemetry\city=bengaluru\2026-10-08.parquet
2026-10-08 17:30:01 [INFO]   → Saved 228 records to C:\Users\albus\projects\traffic_congession\data\telemetry\city=chennai\2026-10-08.parquet
2026-10-08 17:30:01 [INFO]   → Saved 325 records to C:\Users\albus\projects\traffic_congession\data\telemetry\city=delhi\2026-10-08.parquet
2026-10-08 17:30:01 [INFO]   → Saved 228 records to C:\Users\albus\projects\traffic_congession\data\telemetry\city=hyderabad\2026-10-08.parquet
2026-10-08 17:30:01 [INFO]   → Saved 152 records to C:\Users\albus\projects\traffic_congession\data\telemetry\city=jaipur\2026-10-08.parquet
2026-10-08 17:30:01 [INFO]   → Saved 76 records to C:\Users\albus\projects\traffic_congession\data\telemetry\city=kochi\2026-10-08.parquet
2026-10-08 17:30:01 [INFO]   → Saved 228 records to C:\Users\albus\projects\traffic_congession\data\telemetry\city=kolkata\2026-10-08.parquet
2026-10-08 17:30:02 [INFO]   → Saved 76 records to C:\Users\albus\projects\traffic_congession\data\telemetry\city=lucknow\2026-10-08.parquet
2026-10-08 17:30:02 [INFO]   → Saved 325 records to C:\Users\albus\projects\traffic_congession\data\telemetry\city=mumbai\2026-10-08.parquet
2026-10-08 17:30:02 [INFO]   → Saved 241 records to C:\Users\albus\projects\traffic_congession\data\telemetry\city=pune\2026-10-08.parquet
2026-10-08 17:30:02 [INFO] Next batch in 5 minutes. Sleeping...
2026-10-08 17:35:02 [INFO] --- Batch start at 17:35:02 ---
2026-10-08 17:35:03 [INFO]   ✓ bengaluru / Silk Board Junction — CI=0.000  speed=42.0/42.0 km/h
2026-10-08 17:35:05 [INFO]   ✓ bengaluru / Marathahalli Bridge — CI=0.286  speed=25.0/35.0 km/h
2026-10-08 17:35:07 [INFO]   ✓ bengaluru / Whitefield Road — CI=0.237  speed=29.0/38.0 km/h
2026-10-08 17:35:09 [INFO]   ✓ bengaluru / Hebbal Flyover — CI=0.231  speed=20.0/26.0 km/h
2026-10-08 17:35:11 [INFO]   ✓ mumbai / Western Express Highway Andheri — CI=0.381  speed=13.0/21.0 km/h
2026-10-08 17:35:12 [INFO]   ✓ mumbai / Eastern Freeway Sewri — CI=0.000  speed=26.0/26.0 km/h
2026-10-08 17:35:14 [INFO]   ✓ mumbai / BKC Bandra Kurla Complex — CI=0.185  speed=22.0/27.0 km/h
2026-10-08 17:35:27 [INFO]   ✓ mumbai / Sion Circle — CI=0.250  speed=15.0/20.0 km/h
2026-10-08 17:35:29 [INFO]   ✓ delhi / Ring Road AIIMS — CI=0.419  speed=18.0/31.0 km/h
2026-10-08 17:35:30 [INFO]   ✓ delhi / DND Flyway Noida Entry — CI=0.244  speed=31.0/41.0 km/h
2026-10-08 17:35:31 [INFO]   ✓ delhi / Cyber City Gurgaon — CI=0.386  speed=27.0/44.0 km/h
2026-10-08 17:35:33 [INFO]   ✓ delhi / ITO Junction — CI=0.429  speed=16.0/28.0 km/h
2026-10-08 17:35:35 [INFO]   ✓ pune / Hinjawadi Phase 1 — CI=0.167  speed=25.0/30.0 km/h
2026-10-08 17:35:36 [INFO]   ✓ pune / FC Road Shivajinagar — CI=0.333  speed=14.0/21.0 km/h
2026-10-08 17:35:38 [INFO]   ✓ pune / Magarpatta City Hadapsar — CI=0.000  speed=31.0/31.0 km/h
2026-10-08 17:35:39 [INFO]   ✓ hyderabad / Hitec City Cyber Towers — CI=0.333  speed=20.0/30.0 km/h
2026-10-08 17:35:41 [INFO]   ✓ hyderabad / Gachibowli Junction — CI=0.378  speed=23.0/37.0 km/h
2026-10-08 17:35:42 [INFO]   ✓ hyderabad / Punjagutta Crossing — CI=0.533  speed=14.0/30.0 km/h
2026-10-08 17:35:43 [INFO]   ✓ chennai / OMR Tidel Park — CI=0.333  speed=20.0/30.0 km/h
2026-10-08 17:35:44 [INFO]   ✓ chennai / Kathipara Junction Guindy — CI=0.576  speed=14.0/33.0 km/h
2026-10-08 17:35:45 [INFO]   ✓ chennai / Anna Nagar Roundtana — CI=0.296  speed=19.0/27.0 km/h
2026-10-08 17:35:46 [INFO]   ✓ kolkata / EM Bypass Science City — CI=0.262  speed=31.0/42.0 km/h
2026-10-08 17:35:48 [INFO]   ✓ kolkata / Park Circus 7-Point Crossing — CI=0.417  speed=28.0/48.0 km/h
2026-10-08 17:35:49 [INFO]   ✓ kolkata / Sector V Salt Lake — CI=0.227  speed=17.0/22.0 km/h
2026-10-08 17:35:51 [INFO]   ✓ ahmedabad / SG Highway ISKCON Cross Road — CI=0.194  speed=29.0/36.0 km/h
2026-10-08 17:35:52 [INFO]   ✓ ahmedabad / Ashram Road Income Tax Circle — CI=0.000  speed=40.0/40.0 km/h
2026-10-08 17:35:53 [INFO]   ✓ jaipur / JLN Marg Jawahar Circle — CI=0.000  speed=44.0/44.0 km/h
2026-10-08 17:35:54 [INFO]   ✓ jaipur / Ajmer Road 200 Feet Bypass — CI=0.000  speed=36.0/36.0 km/h
2026-10-08 17:35:54 [INFO]   ✓ kochi / Edappally Toll Junction — CI=0.000  speed=20.0/20.0 km/h
2026-10-08 17:35:59 [INFO]   ✓ lucknow / Hazratganj Crossing — CI=0.345  speed=19.0/29.0 km/h
2026-10-08 17:35:59 [INFO]   → Saved 154 records to C:\Users\albus\projects\traffic_congession\data\telemetry\city=ahmedabad\2026-10-08.parquet
2026-10-08 17:35:59 [INFO]   → Saved 329 records to C:\Users\albus\projects\traffic_congession\data\telemetry\city=bengaluru\2026-10-08.parquet
2026-10-08 17:35:59 [INFO]   → Saved 231 records to C:\Users\albus\projects\traffic_congession\data\telemetry\city=chennai\2026-10-08.parquet
2026-10-08 17:35:59 [INFO]   → Saved 329 records to C:\Users\albus\projects\traffic_congession\data\telemetry\city=delhi\2026-10-08.parquet
2026-10-08 17:35:59 [INFO]   → Saved 231 records to C:\Users\albus\projects\traffic_congession\data\telemetry\city=hyderabad\2026-10-08.parquet
2026-10-08 17:35:59 [INFO]   → Saved 154 records to C:\Users\albus\projects\traffic_congession\data\telemetry\city=jaipur\2026-10-08.parquet
2026-10-08 17:35:59 [INFO]   → Saved 77 records to C:\Users\albus\projects\traffic_congession\data\telemetry\city=kochi\2026-10-08.parquet
2026-10-08 17:35:59 [INFO]   → Saved 231 records to C:\Users\albus\projects\traffic_congession\data\telemetry\city=kolkata\2026-10-08.parquet
2026-10-08 17:35:59 [INFO]   → Saved 77 records to C:\Users\albus\projects\traffic_congession\data\telemetry\city=lucknow\2026-10-08.parquet
2026-10-08 17:35:59 [INFO]   → Saved 329 records to C:\Users\albus\projects\traffic_congession\data\telemetry\city=mumbai\2026-10-08.parquet
2026-10-08 17:35:59 [INFO]   → Saved 244 records to C:\Users\albus\projects\traffic_congession\data\telemetry\city=pune\2026-10-08.parquet
2026-10-08 17:35:59 [INFO] Next batch in 5 minutes. Sleeping...
2026-10-08 17:40:59 [INFO] --- Batch start at 17:40:59 ---
2026-10-08 17:41:00 [INFO]   ✓ bengaluru / Silk Board Junction — CI=0.000  speed=42.0/42.0 km/h
2026-10-08 17:41:02 [INFO]   ✓ bengaluru / Marathahalli Bridge — CI=0.343  speed=23.0/35.0 km/h
2026-10-08 17:41:03 [INFO]   ✓ bengaluru / Whitefield Road — CI=0.270  speed=27.0/37.0 km/h
2026-10-08 17:41:03 [INFO]   ✓ bengaluru / Hebbal Flyover — CI=0.308  speed=18.0/26.0 km/h
2026-10-08 17:41:04 [INFO]   ✓ mumbai / Western Express Highway Andheri — CI=0.381  speed=13.0/21.0 km/h
2026-10-08 17:41:05 [INFO]   ✓ mumbai / Eastern Freeway Sewri — CI=0.000  speed=26.0/26.0 km/h
2026-10-08 17:41:05 [INFO]   ✓ mumbai / BKC Bandra Kurla Complex — CI=0.000  speed=27.0/27.0 km/h
2026-10-08 17:41:06 [INFO]   ✓ mumbai / Sion Circle — CI=0.316  speed=13.0/19.0 km/h
2026-10-08 17:41:07 [INFO]   ✓ delhi / Ring Road AIIMS — CI=0.419  speed=18.0/31.0 km/h
2026-10-08 17:41:08 [INFO]   ✓ delhi / DND Flyway Noida Entry — CI=0.268  speed=30.0/41.0 km/h
2026-10-08 17:41:08 [INFO]   ✓ delhi / Cyber City Gurgaon — CI=0.364  speed=28.0/44.0 km/h
2026-10-08 17:41:09 [INFO]   ✓ delhi / ITO Junction — CI=0.423  speed=15.0/26.0 km/h
2026-10-08 17:41:10 [INFO]   ✓ pune / Hinjawadi Phase 1 — CI=0.200  speed=24.0/30.0 km/h
2026-10-08 17:41:11 [INFO]   ✓ pune / FC Road Shivajinagar — CI=0.381  speed=13.0/21.0 km/h
2026-10-08 17:41:11 [INFO]   ✓ pune / Magarpatta City Hadapsar — CI=0.000  speed=31.0/31.0 km/h
2026-10-08 17:41:12 [INFO]   ✓ hyderabad / Hitec City Cyber Towers — CI=0.323  speed=21.0/31.0 km/h
2026-10-08 17:41:13 [INFO]   ✓ hyderabad / Gachibowli Junction — CI=0.351  speed=24.0/37.0 km/h
2026-10-08 17:41:13 [INFO]   ✓ hyderabad / Punjagutta Crossing — CI=0.567  speed=13.0/30.0 km/h
2026-10-08 17:41:14 [INFO]   ✓ chennai / OMR Tidel Park — CI=0.400  speed=18.0/30.0 km/h
2026-10-08 17:41:15 [INFO]   ✓ chennai / Kathipara Junction Guindy — CI=0.469  speed=17.0/32.0 km/h
2026-10-08 17:41:15 [INFO]   ✓ chennai / Anna Nagar Roundtana — CI=0.231  speed=20.0/26.0 km/h
2026-10-08 17:41:16 [INFO]   ✓ kolkata / EM Bypass Science City — CI=0.262  speed=31.0/42.0 km/h
2026-10-08 17:41:17 [INFO]   ✓ kolkata / Park Circus 7-Point Crossing — CI=0.500  speed=24.0/48.0 km/h
2026-10-08 17:41:18 [INFO]   ✓ kolkata / Sector V Salt Lake — CI=0.227  speed=17.0/22.0 km/h
2026-10-08 17:41:18 [INFO]   ✓ ahmedabad / SG Highway ISKCON Cross Road — CI=0.139  speed=31.0/36.0 km/h
2026-10-08 17:41:19 [INFO]   ✓ ahmedabad / Ashram Road Income Tax Circle — CI=0.000  speed=40.0/40.0 km/h
2026-10-08 17:41:19 [INFO]   ✓ jaipur / JLN Marg Jawahar Circle — CI=0.140  speed=37.0/43.0 km/h
2026-10-08 17:41:20 [INFO]   ✓ jaipur / Ajmer Road 200 Feet Bypass — CI=0.200  speed=28.0/35.0 km/h
2026-10-08 17:41:21 [INFO]   ✓ kochi / Edappally Toll Junction — CI=0.000  speed=20.0/20.0 km/h
2026-10-08 17:41:22 [INFO]   ✓ lucknow / Hazratganj Crossing — CI=0.400  speed=18.0/30.0 km/h
2026-10-08 17:41:22 [INFO]   → Saved 156 records to C:\Users\albus\projects\traffic_congession\data\telemetry\city=ahmedabad\2026-10-08.parquet
2026-10-08 17:41:22 [INFO]   → Saved 333 records to C:\Users\albus\projects\traffic_congession\data\telemetry\city=bengaluru\2026-10-08.parquet
2026-10-08 17:41:22 [INFO]   → Saved 234 records to C:\Users\albus\projects\traffic_congession\data\telemetry\city=chennai\2026-10-08.parquet
2026-10-08 17:41:22 [INFO]   → Saved 333 records to C:\Users\albus\projects\traffic_congession\data\telemetry\city=delhi\2026-10-08.parquet
2026-10-08 17:41:22 [INFO]   → Saved 234 records to C:\Users\albus\projects\traffic_congession\data\telemetry\city=hyderabad\2026-10-08.parquet
2026-10-08 17:41:22 [INFO]   → Saved 156 records to C:\Users\albus\projects\traffic_congession\data\telemetry\city=jaipur\2026-10-08.parquet
2026-10-08 17:41:22 [INFO]   → Saved 78 records to C:\Users\albus\projects\traffic_congession\data\telemetry\city=kochi\2026-10-08.parquet
2026-10-08 17:41:22 [INFO]   → Saved 234 records to C:\Users\albus\projects\traffic_congession\data\telemetry\city=kolkata\2026-10-08.parquet
2026-10-08 17:41:22 [INFO]   → Saved 78 records to C:\Users\albus\projects\traffic_congession\data\telemetry\city=lucknow\2026-10-08.parquet
2026-10-08 17:41:22 [INFO]   → Saved 333 records to C:\Users\albus\projects\traffic_congession\data\telemetry\city=mumbai\2026-10-08.parquet
2026-10-08 17:41:22 [INFO]   → Saved 247 records to C:\Users\albus\projects\traffic_congession\data\telemetry\city=pune\2026-10-08.parquet
2026-10-08 17:41:22 [INFO] Next batch in 5 minutes. Sleeping...
2026-10-08 17:46:22 [INFO] --- Batch start at 17:46:22 ---
2026-10-08 17:46:22 [INFO]   ✓ bengaluru / Silk Board Junction — CI=0.000  speed=42.0/42.0 km/h
2026-10-08 17:46:24 [INFO]   ✓ bengaluru / Marathahalli Bridge — CI=0.361  speed=23.0/36.0 km/h
2026-10-08 17:46:25 [INFO]   ✓ bengaluru / Whitefield Road — CI=0.263  speed=28.0/38.0 km/h
2026-10-08 17:46:26 [INFO]   ✓ bengaluru / Hebbal Flyover — CI=0.269  speed=19.0/26.0 km/h
2026-10-08 17:46:27 [INFO]   ✓ mumbai / Western Express Highway Andheri — CI=0.381  speed=13.0/21.0 km/h
2026-10-08 17:46:27 [INFO]   ✓ mumbai / Eastern Freeway Sewri — CI=0.000  speed=26.0/26.0 km/h
2026-10-08 17:46:28 [INFO]   ✓ mumbai / BKC Bandra Kurla Complex — CI=0.231  speed=20.0/26.0 km/h
2026-10-08 17:46:29 [INFO]   ✓ mumbai / Sion Circle — CI=0.450  speed=11.0/20.0 km/h
2026-10-08 17:46:30 [INFO]   ✓ delhi / Ring Road AIIMS — CI=0.400  speed=18.0/30.0 km/h
2026-10-08 17:46:31 [INFO]   ✓ delhi / DND Flyway Noida Entry — CI=0.293  speed=29.0/41.0 km/h
2026-10-08 17:46:31 [INFO]   ✓ delhi / Cyber City Gurgaon — CI=0.409  speed=26.0/44.0 km/h
2026-10-08 17:46:33 [INFO]   ✓ delhi / ITO Junction — CI=0.393  speed=17.0/28.0 km/h
2026-10-08 17:46:34 [INFO]   ✓ pune / Hinjawadi Phase 1 — CI=0.207  speed=23.0/29.0 km/h
2026-10-08 17:46:35 [INFO]   ✓ pune / FC Road Shivajinagar — CI=0.238  speed=16.0/21.0 km/h
2026-10-08 17:46:36 [INFO]   ✓ pune / Magarpatta City Hadapsar — CI=0.233  speed=23.0/30.0 km/h
2026-10-08 17:46:39 [INFO]   ✓ hyderabad / Hitec City Cyber Towers — CI=0.290  speed=22.0/31.0 km/h
2026-10-08 17:46:40 [INFO]   ✓ hyderabad / Gachibowli Junction — CI=0.250  speed=27.0/36.0 km/h
2026-10-08 17:46:40 [INFO]   ✓ hyderabad / Punjagutta Crossing — CI=0.548  speed=14.0/31.0 km/h
2026-10-08 17:46:41 [INFO]   ✓ chennai / OMR Tidel Park — CI=0.387  speed=19.0/31.0 km/h
2026-10-08 17:46:42 [INFO]   ✓ chennai / Kathipara Junction Guindy — CI=0.548  speed=14.0/31.0 km/h
2026-10-08 17:46:43 [INFO]   ✓ chennai / Anna Nagar Roundtana — CI=0.269  speed=19.0/26.0 km/h
2026-10-08 17:46:44 [INFO]   ✓ kolkata / EM Bypass Science City — CI=0.279  speed=31.0/43.0 km/h
2026-10-08 17:46:45 [INFO]   ✓ kolkata / Park Circus 7-Point Crossing — CI=0.468  speed=25.0/47.0 km/h
2026-10-08 17:46:45 [INFO]   ✓ kolkata / Sector V Salt Lake — CI=0.000  speed=22.0/22.0 km/h
2026-10-08 17:46:46 [INFO]   ✓ ahmedabad / SG Highway ISKCON Cross Road — CI=0.167  speed=30.0/36.0 km/h
2026-10-08 17:46:47 [INFO]   ✓ ahmedabad / Ashram Road Income Tax Circle — CI=0.000  speed=40.0/40.0 km/h
2026-10-08 17:46:48 [INFO]   ✓ jaipur / JLN Marg Jawahar Circle — CI=0.000  speed=44.0/44.0 km/h
2026-10-08 17:46:48 [INFO]   ✓ jaipur / Ajmer Road 200 Feet Bypass — CI=0.200  speed=28.0/35.0 km/h
2026-10-08 17:46:49 [INFO]   ✓ kochi / Edappally Toll Junction — CI=0.000  speed=20.0/20.0 km/h
2026-10-08 17:46:50 [INFO]   ✓ lucknow / Hazratganj Crossing — CI=0.345  speed=19.0/29.0 km/h
2026-10-08 17:46:50 [INFO]   → Saved 158 records to C:\Users\albus\projects\traffic_congession\data\telemetry\city=ahmedabad\2026-10-08.parquet
2026-10-08 17:46:50 [INFO]   → Saved 337 records to C:\Users\albus\projects\traffic_congession\data\telemetry\city=bengaluru\2026-10-08.parquet
2026-10-08 17:46:50 [INFO]   → Saved 237 records to C:\Users\albus\projects\traffic_congession\data\telemetry\city=chennai\2026-10-08.parquet
2026-10-08 17:46:50 [INFO]   → Saved 337 records to C:\Users\albus\projects\traffic_congession\data\telemetry\city=delhi\2026-10-08.parquet
2026-10-08 17:46:50 [INFO]   → Saved 237 records to C:\Users\albus\projects\traffic_congession\data\telemetry\city=hyderabad\2026-10-08.parquet
2026-10-08 17:46:50 [INFO]   → Saved 158 records to C:\Users\albus\projects\traffic_congession\data\telemetry\city=jaipur\2026-10-08.parquet
2026-10-08 17:46:50 [INFO]   → Saved 79 records to C:\Users\albus\projects\traffic_congession\data\telemetry\city=kochi\2026-10-08.parquet
2026-10-08 17:46:51 [INFO]   → Saved 237 records to C:\Users\albus\projects\traffic_congession\data\telemetry\city=kolkata\2026-10-08.parquet
2026-10-08 17:46:51 [INFO]   → Saved 79 records to C:\Users\albus\projects\traffic_congession\data\telemetry\city=lucknow\2026-10-08.parquet
2026-10-08 17:46:51 [INFO]   → Saved 337 records to C:\Users\albus\projects\traffic_congession\data\telemetry\city=mumbai\2026-10-08.parquet
2026-10-08 17:46:51 [INFO]   → Saved 250 records to C:\Users\albus\projects\traffic_congession\data\telemetry\city=pune\2026-10-08.parquet
2026-10-08 17:46:51 [INFO] Next batch in 5 minutes. Sleeping...
2026-10-08 17:51:51 [INFO] --- Batch start at 17:51:51 ---
2026-10-08 17:51:51 [INFO]   ✓ bengaluru / Silk Board Junction — CI=0.000  speed=42.0/42.0 km/h
2026-10-08 17:51:52 [INFO]   ✓ bengaluru / Marathahalli Bridge — CI=0.371  speed=22.0/35.0 km/h
2026-10-08 17:51:53 [INFO]   ✓ bengaluru / Whitefield Road — CI=0.263  speed=28.0/38.0 km/h
2026-10-08 17:51:54 [INFO]   ✓ bengaluru / Hebbal Flyover — CI=0.269  speed=19.0/26.0 km/h
2026-10-08 17:51:55 [INFO]   ✓ mumbai / Western Express Highway Andheri — CI=0.409  speed=13.0/22.0 km/h
2026-10-08 17:51:56 [INFO]   ✓ mumbai / Eastern Freeway Sewri — CI=0.000  speed=26.0/26.0 km/h
2026-10-08 17:51:57 [INFO]   ✓ mumbai / BKC Bandra Kurla Complex — CI=0.259  speed=20.0/27.0 km/h
2026-10-08 17:51:59 [INFO]   ✓ mumbai / Sion Circle — CI=0.350  speed=13.0/20.0 km/h
2026-10-08 17:52:02 [INFO]   ✓ delhi / Ring Road AIIMS — CI=0.452  speed=17.0/31.0 km/h
2026-10-08 17:52:04 [INFO]   ✓ delhi / DND Flyway Noida Entry — CI=0.268  speed=30.0/41.0 km/h
2026-10-08 17:52:06 [INFO]   ✓ delhi / Cyber City Gurgaon — CI=0.326  speed=29.0/43.0 km/h
2026-10-08 17:52:08 [INFO]   ✓ delhi / ITO Junction — CI=0.423  speed=15.0/26.0 km/h
2026-10-08 17:52:10 [INFO]   ✓ pune / Hinjawadi Phase 1 — CI=0.233  speed=23.0/30.0 km/h
2026-10-08 17:52:11 [INFO]   ✓ pune / FC Road Shivajinagar — CI=0.286  speed=15.0/21.0 km/h
2026-10-08 17:52:13 [INFO]   ✓ pune / Magarpatta City Hadapsar — CI=0.000  speed=31.0/31.0 km/h
2026-10-08 17:52:15 [INFO]   ✓ hyderabad / Hitec City Cyber Towers — CI=0.219  speed=25.0/32.0 km/h
2026-10-08 17:52:17 [INFO]   ✓ hyderabad / Gachibowli Junction — CI=0.324  speed=25.0/37.0 km/h
2026-10-08 17:52:19 [INFO]   ✓ hyderabad / Punjagutta Crossing — CI=0.467  speed=16.0/30.0 km/h
2026-10-08 17:52:21 [INFO]   ✓ chennai / OMR Tidel Park — CI=0.333  speed=20.0/30.0 km/h
2026-10-08 17:52:23 [INFO]   ✓ chennai / Kathipara Junction Guindy — CI=0.767  speed=7.0/30.0 km/h
2026-10-08 17:52:26 [INFO]   ✓ chennai / Anna Nagar Roundtana — CI=0.269  speed=19.0/26.0 km/h
2026-10-08 17:52:28 [INFO]   ✓ kolkata / EM Bypass Science City — CI=0.262  speed=31.0/42.0 km/h
2026-10-08 17:52:30 [INFO]   ✓ kolkata / Park Circus 7-Point Crossing — CI=0.362  speed=30.0/47.0 km/h
2026-10-08 17:52:31 [INFO]   ✓ kolkata / Sector V Salt Lake — CI=0.000  speed=22.0/22.0 km/h
2026-10-08 17:52:33 [INFO]   ✓ ahmedabad / SG Highway ISKCON Cross Road — CI=0.139  speed=31.0/36.0 km/h
2026-10-08 17:52:35 [INFO]   ✓ ahmedabad / Ashram Road Income Tax Circle — CI=0.000  speed=40.0/40.0 km/h
2026-10-08 17:52:37 [INFO]   ✓ jaipur / JLN Marg Jawahar Circle — CI=0.000  speed=44.0/44.0 km/h
2026-10-08 17:52:39 [INFO]   ✓ jaipur / Ajmer Road 200 Feet Bypass — CI=0.229  speed=27.0/35.0 km/h
2026-10-08 17:52:40 [INFO]   ✓ kochi / Edappally Toll Junction — CI=0.158  speed=16.0/19.0 km/h
2026-10-08 17:52:42 [INFO]   ✓ lucknow / Hazratganj Crossing — CI=0.400  speed=18.0/30.0 km/h
2026-10-08 17:52:42 [INFO]   → Saved 160 records to C:\Users\albus\projects\traffic_congession\data\telemetry\city=ahmedabad\2026-10-08.parquet
2026-10-08 17:52:42 [INFO]   → Saved 341 records to C:\Users\albus\projects\traffic_congession\data\telemetry\city=bengaluru\2026-10-08.parquet
2026-10-08 17:52:42 [INFO]   → Saved 240 records to C:\Users\albus\projects\traffic_congession\data\telemetry\city=chennai\2026-10-08.parquet
2026-10-08 17:52:42 [INFO]   → Saved 341 records to C:\Users\albus\projects\traffic_congession\data\telemetry\city=delhi\2026-10-08.parquet
2026-10-08 17:52:42 [INFO]   → Saved 240 records to C:\Users\albus\projects\traffic_congession\data\telemetry\city=hyderabad\2026-10-08.parquet
2026-10-08 17:52:42 [INFO]   → Saved 160 records to C:\Users\albus\projects\traffic_congession\data\telemetry\city=jaipur\2026-10-08.parquet
2026-10-08 17:52:42 [INFO]   → Saved 80 records to C:\Users\albus\projects\traffic_congession\data\telemetry\city=kochi\2026-10-08.parquet
2026-10-08 17:52:42 [INFO]   → Saved 240 records to C:\Users\albus\projects\traffic_congession\data\telemetry\city=kolkata\2026-10-08.parquet
2026-10-08 17:52:42 [INFO]   → Saved 80 records to C:\Users\albus\projects\traffic_congession\data\telemetry\city=lucknow\2026-10-08.parquet
2026-10-08 17:52:42 [INFO]   → Saved 341 records to C:\Users\albus\projects\traffic_congession\data\telemetry\city=mumbai\2026-10-08.parquet
2026-10-08 17:52:42 [INFO]   → Saved 253 records to C:\Users\albus\projects\traffic_congession\data\telemetry\city=pune\2026-10-08.parquet
2026-10-08 17:52:42 [INFO] Next batch in 5 minutes. Sleeping...
2026-10-08 17:57:42 [INFO] --- Batch start at 17:57:42 ---
2026-10-08 17:57:43 [INFO]   ✓ bengaluru / Silk Board Junction — CI=0.000  speed=42.0/42.0 km/h
2026-10-08 17:57:44 [INFO]   ✓ bengaluru / Marathahalli Bridge — CI=0.389  speed=22.0/36.0 km/h
2026-10-08 17:57:45 [INFO]   ✓ bengaluru / Whitefield Road — CI=0.316  speed=26.0/38.0 km/h
2026-10-08 17:57:46 [INFO]   ✓ bengaluru / Hebbal Flyover — CI=0.308  speed=18.0/26.0 km/h
2026-10-08 17:57:46 [INFO]   ✓ mumbai / Western Express Highway Andheri — CI=0.455  speed=12.0/22.0 km/h
2026-10-08 17:57:47 [INFO]   ✓ mumbai / Eastern Freeway Sewri — CI=0.000  speed=26.0/26.0 km/h
2026-10-08 17:57:48 [INFO]   ✓ mumbai / BKC Bandra Kurla Complex — CI=0.259  speed=20.0/27.0 km/h
2026-10-08 17:57:48 [INFO]   ✓ mumbai / Sion Circle — CI=0.368  speed=12.0/19.0 km/h
2026-10-08 17:57:49 [INFO]   ✓ delhi / Ring Road AIIMS — CI=0.452  speed=17.0/31.0 km/h
2026-10-08 17:57:50 [INFO]   ✓ delhi / DND Flyway Noida Entry — CI=0.268  speed=30.0/41.0 km/h
2026-10-08 17:57:50 [INFO]   ✓ delhi / Cyber City Gurgaon — CI=0.400  speed=27.0/45.0 km/h
2026-10-08 17:57:51 [INFO]   ✓ delhi / ITO Junction — CI=0.444  speed=15.0/27.0 km/h
2026-10-08 17:57:52 [INFO]   ✓ pune / Hinjawadi Phase 1 — CI=0.233  speed=23.0/30.0 km/h
2026-10-08 17:57:52 [INFO]   ✓ pune / FC Road Shivajinagar — CI=0.333  speed=14.0/21.0 km/h
2026-10-08 17:57:53 [INFO]   ✓ pune / Magarpatta City Hadapsar — CI=0.000  speed=31.0/31.0 km/h
2026-10-08 17:57:54 [INFO]   ✓ hyderabad / Hitec City Cyber Towers — CI=0.273  speed=24.0/33.0 km/h
2026-10-08 17:57:54 [INFO]   ✓ hyderabad / Gachibowli Junction — CI=0.297  speed=26.0/37.0 km/h
2026-10-08 17:57:55 [INFO]   ✓ hyderabad / Punjagutta Crossing — CI=0.452  speed=17.0/31.0 km/h
2026-10-08 17:57:56 [INFO]   ✓ chennai / OMR Tidel Park — CI=0.367  speed=19.0/30.0 km/h
2026-10-08 17:57:56 [INFO]   ✓ chennai / Kathipara Junction Guindy — CI=0.594  speed=13.0/32.0 km/h
2026-10-08 17:57:57 [INFO]   ✓ chennai / Anna Nagar Roundtana — CI=0.269  speed=19.0/26.0 km/h
2026-10-08 17:57:58 [INFO]   ✓ kolkata / EM Bypass Science City — CI=0.286  speed=30.0/42.0 km/h
2026-10-08 17:57:58 [INFO]   ✓ kolkata / Park Circus 7-Point Crossing — CI=0.404  speed=28.0/47.0 km/h
2026-10-08 17:57:59 [INFO]   ✓ kolkata / Sector V Salt Lake — CI=0.000  speed=22.0/22.0 km/h
2026-10-08 17:58:00 [INFO]   ✓ ahmedabad / SG Highway ISKCON Cross Road — CI=0.171  speed=29.0/35.0 km/h
2026-10-08 17:58:00 [INFO]   ✓ ahmedabad / Ashram Road Income Tax Circle — CI=0.000  speed=40.0/40.0 km/h
2026-10-08 17:58:02 [INFO]   ✓ jaipur / JLN Marg Jawahar Circle — CI=0.163  speed=36.0/43.0 km/h
2026-10-08 17:58:03 [INFO]   ✓ jaipur / Ajmer Road 200 Feet Bypass — CI=0.306  speed=25.0/36.0 km/h
2026-10-08 17:58:03 [INFO]   ✓ kochi / Edappally Toll Junction — CI=0.000  speed=20.0/20.0 km/h
2026-10-08 17:58:04 [INFO]   ✓ lucknow / Hazratganj Crossing — CI=0.379  speed=18.0/29.0 km/h
2026-10-08 17:58:04 [INFO]   → Saved 162 records to C:\Users\albus\projects\traffic_congession\data\telemetry\city=ahmedabad\2026-10-08.parquet
2026-10-08 17:58:04 [INFO]   → Saved 345 records to C:\Users\albus\projects\traffic_congession\data\telemetry\city=bengaluru\2026-10-08.parquet
2026-10-08 17:58:04 [INFO]   → Saved 243 records to C:\Users\albus\projects\traffic_congession\data\telemetry\city=chennai\2026-10-08.parquet
2026-10-08 17:58:05 [INFO]   → Saved 345 records to C:\Users\albus\projects\traffic_congession\data\telemetry\city=delhi\2026-10-08.parquet
2026-10-08 17:58:05 [INFO]   → Saved 243 records to C:\Users\albus\projects\traffic_congession\data\telemetry\city=hyderabad\2026-10-08.parquet
2026-10-08 17:58:05 [INFO]   → Saved 162 records to C:\Users\albus\projects\traffic_congession\data\telemetry\city=jaipur\2026-10-08.parquet
2026-10-08 17:58:05 [INFO]   → Saved 81 records to C:\Users\albus\projects\traffic_congession\data\telemetry\city=kochi\2026-10-08.parquet
2026-10-08 17:58:05 [INFO]   → Saved 243 records to C:\Users\albus\projects\traffic_congession\data\telemetry\city=kolkata\2026-10-08.parquet
2026-10-08 17:58:05 [INFO]   → Saved 81 records to C:\Users\albus\projects\traffic_congession\data\telemetry\city=lucknow\2026-10-08.parquet
2026-10-08 17:58:05 [INFO]   → Saved 345 records to C:\Users\albus\projects\traffic_congession\data\telemetry\city=mumbai\2026-10-08.parquet
2026-10-08 17:58:05 [INFO]   → Saved 256 records to C:\Users\albus\projects\traffic_congession\data\telemetry\city=pune\2026-10-08.parquet
2026-10-08 17:58:05 [INFO] Next batch in 5 minutes. Sleeping...
2026-10-08 18:03:05 [INFO] --- Batch start at 18:03:05 ---
2026-10-08 18:03:05 [INFO]   ✓ bengaluru / Silk Board Junction — CI=0.000  speed=42.0/42.0 km/h
2026-10-08 18:03:06 [INFO]   ✓ bengaluru / Marathahalli Bridge — CI=0.343  speed=23.0/35.0 km/h
2026-10-08 18:03:07 [INFO]   ✓ bengaluru / Whitefield Road — CI=0.289  speed=27.0/38.0 km/h
2026-10-08 18:03:08 [INFO]   ✓ bengaluru / Hebbal Flyover — CI=0.308  speed=18.0/26.0 km/h
2026-10-08 18:03:09 [INFO]   ✓ mumbai / Western Express Highway Andheri — CI=0.429  speed=12.0/21.0 km/h
2026-10-08 18:03:10 [INFO]   ✓ mumbai / Eastern Freeway Sewri — CI=0.000  speed=26.0/26.0 km/h
2026-10-08 18:03:10 [INFO]   ✓ mumbai / BKC Bandra Kurla Complex — CI=0.296  speed=19.0/27.0 km/h
2026-10-08 18:03:11 [INFO]   ✓ mumbai / Sion Circle — CI=0.368  speed=12.0/19.0 km/h
2026-10-08 18:03:12 [INFO]   ✓ delhi / Ring Road AIIMS — CI=0.531  speed=15.0/32.0 km/h
2026-10-08 18:03:13 [INFO]   ✓ delhi / DND Flyway Noida Entry — CI=0.293  speed=29.0/41.0 km/h
2026-10-08 18:03:13 [INFO]   ✓ delhi / Cyber City Gurgaon — CI=0.356  speed=29.0/45.0 km/h
2026-10-08 18:03:14 [INFO]   ✓ delhi / ITO Junction — CI=0.407  speed=16.0/27.0 km/h
2026-10-08 18:03:15 [INFO]   ✓ pune / Hinjawadi Phase 1 — CI=0.233  speed=23.0/30.0 km/h
2026-10-08 18:03:15 [INFO]   ✓ pune / FC Road Shivajinagar — CI=0.333  speed=14.0/21.0 km/h
2026-10-08 18:03:16 [INFO]   ✓ pune / Magarpatta City Hadapsar — CI=0.000  speed=31.0/31.0 km/h
2026-10-08 18:03:17 [INFO]   ✓ hyderabad / Hitec City Cyber Towers — CI=0.000  speed=31.0/31.0 km/h
2026-10-08 18:03:17 [INFO]   ✓ hyderabad / Gachibowli Junction — CI=0.270  speed=27.0/37.0 km/h
2026-10-08 18:03:18 [INFO]   ✓ hyderabad / Punjagutta Crossing — CI=0.484  speed=16.0/31.0 km/h
2026-10-08 18:03:19 [INFO]   ✓ chennai / OMR Tidel Park — CI=0.467  speed=16.0/30.0 km/h
2026-10-08 18:03:19 [INFO]   ✓ chennai / Kathipara Junction Guindy — CI=0.515  speed=16.0/33.0 km/h
2026-10-08 18:03:20 [INFO]   ✓ chennai / Anna Nagar Roundtana — CI=0.269  speed=19.0/26.0 km/h
2026-10-08 18:03:21 [INFO]   ✓ kolkata / EM Bypass Science City — CI=0.302  speed=30.0/43.0 km/h
2026-10-08 18:03:21 [INFO]   ✓ kolkata / Park Circus 7-Point Crossing — CI=0.383  speed=29.0/47.0 km/h
2026-10-08 18:03:22 [INFO]   ✓ kolkata / Sector V Salt Lake — CI=0.000  speed=22.0/22.0 km/h
2026-10-08 18:03:22 [INFO]   ✓ ahmedabad / SG Highway ISKCON Cross Road — CI=0.088  speed=31.0/34.0 km/h
2026-10-08 18:03:23 [INFO]   ✓ ahmedabad / Ashram Road Income Tax Circle — CI=0.158  speed=32.0/38.0 km/h
2026-10-08 18:03:24 [INFO]   ✓ jaipur / JLN Marg Jawahar Circle — CI=0.186  speed=35.0/43.0 km/h
2026-10-08 18:03:24 [INFO]   ✓ jaipur / Ajmer Road 200 Feet Bypass — CI=0.257  speed=26.0/35.0 km/h
2026-10-08 18:03:25 [INFO]   ✓ kochi / Edappally Toll Junction — CI=0.000  speed=20.0/20.0 km/h
2026-10-08 18:03:26 [INFO]   ✓ lucknow / Hazratganj Crossing — CI=0.400  speed=18.0/30.0 km/h
2026-10-08 18:03:26 [INFO]   → Saved 164 records to C:\Users\albus\projects\traffic_congession\data\telemetry\city=ahmedabad\2026-10-08.parquet
2026-10-08 18:03:26 [INFO]   → Saved 349 records to C:\Users\albus\projects\traffic_congession\data\telemetry\city=bengaluru\2026-10-08.parquet
2026-10-08 18:03:26 [INFO]   → Saved 246 records to C:\Users\albus\projects\traffic_congession\data\telemetry\city=chennai\2026-10-08.parquet
2026-10-08 18:03:26 [INFO]   → Saved 349 records to C:\Users\albus\projects\traffic_congession\data\telemetry\city=delhi\2026-10-08.parquet
2026-10-08 18:03:26 [INFO]   → Saved 246 records to C:\Users\albus\projects\traffic_congession\data\telemetry\city=hyderabad\2026-10-08.parquet
2026-10-08 18:03:26 [INFO]   → Saved 164 records to C:\Users\albus\projects\traffic_congession\data\telemetry\city=jaipur\2026-10-08.parquet
2026-10-08 18:03:26 [INFO]   → Saved 82 records to C:\Users\albus\projects\traffic_congession\data\telemetry\city=kochi\2026-10-08.parquet
2026-10-08 18:03:26 [INFO]   → Saved 246 records to C:\Users\albus\projects\traffic_congession\data\telemetry\city=kolkata\2026-10-08.parquet
2026-10-08 18:03:26 [INFO]   → Saved 82 records to C:\Users\albus\projects\traffic_congession\data\telemetry\city=lucknow\2026-10-08.parquet
2026-10-08 18:03:26 [INFO]   → Saved 349 records to C:\Users\albus\projects\traffic_congession\data\telemetry\city=mumbai\2026-10-08.parquet
2026-10-08 18:03:26 [INFO]   → Saved 259 records to C:\Users\albus\projects\traffic_congession\data\telemetry\city=pune\2026-10-08.parquet
2026-10-08 18:03:26 [INFO] Next batch in 5 minutes. Sleeping...
2026-10-08 18:39:17 [INFO] --- Batch start at 18:39:17 ---
2026-10-08 18:39:18 [INFO]   ✓ bengaluru / Silk Board Junction — CI=0.595  speed=17.0/42.0 km/h
2026-10-08 18:39:20 [INFO]   ✓ bengaluru / Marathahalli Bridge — CI=0.400  speed=21.0/35.0 km/h
2026-10-08 18:39:21 [INFO]   ✓ bengaluru / Whitefield Road — CI=0.316  speed=26.0/38.0 km/h
2026-10-08 18:39:22 [INFO]   ✓ bengaluru / Hebbal Flyover — CI=0.346  speed=17.0/26.0 km/h
2026-10-08 18:39:23 [INFO]   ✓ mumbai / Western Express Highway Andheri — CI=0.476  speed=11.0/21.0 km/h
2026-10-08 18:39:23 [INFO]   ✓ mumbai / Eastern Freeway Sewri — CI=0.000  speed=26.0/26.0 km/h
2026-10-08 18:39:24 [INFO]   ✓ mumbai / BKC Bandra Kurla Complex — CI=0.370  speed=17.0/27.0 km/h
2026-10-08 18:39:25 [INFO]   ✓ mumbai / Sion Circle — CI=0.421  speed=11.0/19.0 km/h
2026-10-08 18:39:25 [INFO]   ✓ delhi / Ring Road AIIMS — CI=0.452  speed=17.0/31.0 km/h
2026-10-08 18:39:26 [INFO]   ✓ delhi / DND Flyway Noida Entry — CI=0.366  speed=26.0/41.0 km/h
2026-10-08 18:39:27 [INFO]   ✓ delhi / Cyber City Gurgaon — CI=0.477  speed=23.0/44.0 km/h
2026-10-08 18:39:28 [INFO]   ✓ delhi / ITO Junction — CI=0.444  speed=15.0/27.0 km/h
2026-10-08 18:39:29 [INFO]   ✓ pune / Hinjawadi Phase 1 — CI=0.267  speed=22.0/30.0 km/h
2026-10-08 18:39:30 [INFO]   ✓ pune / FC Road Shivajinagar — CI=0.318  speed=15.0/22.0 km/h
2026-10-08 18:39:30 [INFO]   ✓ pune / Magarpatta City Hadapsar — CI=0.000  speed=31.0/31.0 km/h
2026-10-08 18:39:31 [INFO]   ✓ hyderabad / Hitec City Cyber Towers — CI=0.000  speed=31.0/31.0 km/h
2026-10-08 18:39:32 [INFO]   ✓ hyderabad / Gachibowli Junction — CI=0.343  speed=23.0/35.0 km/h
2026-10-08 18:39:32 [INFO]   ✓ hyderabad / Punjagutta Crossing — CI=0.548  speed=14.0/31.0 km/h
2026-10-08 18:39:33 [INFO]   ✓ chennai / OMR Tidel Park — CI=0.433  speed=17.0/30.0 km/h
2026-10-08 18:39:34 [INFO]   ✓ chennai / Kathipara Junction Guindy — CI=0.733  speed=8.0/30.0 km/h
2026-10-08 18:39:34 [INFO]   ✓ chennai / Anna Nagar Roundtana — CI=0.259  speed=20.0/27.0 km/h
2026-10-08 18:39:35 [INFO]   ✓ kolkata / EM Bypass Science City — CI=0.302  speed=30.0/43.0 km/h
2026-10-08 18:39:36 [INFO]   ✓ kolkata / Park Circus 7-Point Crossing — CI=0.340  speed=31.0/47.0 km/h
2026-10-08 18:39:37 [INFO]   ✓ kolkata / Sector V Salt Lake — CI=0.455  speed=12.0/22.0 km/h
2026-10-08 18:39:37 [INFO]   ✓ ahmedabad / SG Highway ISKCON Cross Road — CI=0.222  speed=28.0/36.0 km/h
2026-10-08 18:39:38 [INFO]   ✓ ahmedabad / Ashram Road Income Tax Circle — CI=0.150  speed=34.0/40.0 km/h
2026-10-08 18:39:39 [INFO]   ✓ jaipur / JLN Marg Jawahar Circle — CI=0.163  speed=36.0/43.0 km/h
2026-10-08 18:39:40 [INFO]   ✓ jaipur / Ajmer Road 200 Feet Bypass — CI=0.314  speed=24.0/35.0 km/h
2026-10-08 18:39:40 [INFO]   ✓ kochi / Edappally Toll Junction — CI=0.263  speed=14.0/19.0 km/h
2026-10-08 18:39:41 [INFO]   ✓ lucknow / Hazratganj Crossing — CI=0.400  speed=18.0/30.0 km/h
2026-10-08 18:39:41 [INFO]   → Saved 166 records to C:\Users\albus\projects\traffic_congession\data\telemetry\city=ahmedabad\2026-10-08.parquet
2026-10-08 18:39:41 [INFO]   → Saved 353 records to C:\Users\albus\projects\traffic_congession\data\telemetry\city=bengaluru\2026-10-08.parquet
2026-10-08 18:39:41 [INFO]   → Saved 249 records to C:\Users\albus\projects\traffic_congession\data\telemetry\city=chennai\2026-10-08.parquet
2026-10-08 18:39:41 [INFO]   → Saved 353 records to C:\Users\albus\projects\traffic_congession\data\telemetry\city=delhi\2026-10-08.parquet
2026-10-08 18:39:41 [INFO]   → Saved 249 records to C:\Users\albus\projects\traffic_congession\data\telemetry\city=hyderabad\2026-10-08.parquet
2026-10-08 18:39:41 [INFO]   → Saved 166 records to C:\Users\albus\projects\traffic_congession\data\telemetry\city=jaipur\2026-10-08.parquet
2026-10-08 18:39:41 [INFO]   → Saved 83 records to C:\Users\albus\projects\traffic_congession\data\telemetry\city=kochi\2026-10-08.parquet
2026-10-08 18:39:41 [INFO]   → Saved 249 records to C:\Users\albus\projects\traffic_congession\data\telemetry\city=kolkata\2026-10-08.parquet
2026-10-08 18:39:41 [INFO]   → Saved 83 records to C:\Users\albus\projects\traffic_congession\data\telemetry\city=lucknow\2026-10-08.parquet
2026-10-08 18:39:42 [INFO]   → Saved 353 records to C:\Users\albus\projects\traffic_congession\data\telemetry\city=mumbai\2026-10-08.parquet
2026-10-08 18:39:42 [INFO]   → Saved 262 records to C:\Users\albus\projects\traffic_congession\data\telemetry\city=pune\2026-10-08.parquet
2026-10-08 18:39:42 [INFO] Next batch in 5 minutes. Sleeping...
2026-10-08 18:44:42 [INFO] --- Batch start at 18:44:42 ---
2026-10-08 18:44:42 [INFO]   ✓ bengaluru / Silk Board Junction — CI=0.561  speed=18.0/41.0 km/h
2026-10-08 18:44:43 [INFO]   ✓ bengaluru / Marathahalli Bridge — CI=0.343  speed=23.0/35.0 km/h
2026-10-08 18:44:44 [INFO]   ✓ bengaluru / Whitefield Road — CI=0.289  speed=27.0/38.0 km/h
2026-10-08 18:44:45 [INFO]   ✓ bengaluru / Hebbal Flyover — CI=0.385  speed=16.0/26.0 km/h
2026-10-08 18:44:46 [INFO]   ✓ mumbai / Western Express Highway Andheri — CI=0.500  speed=11.0/22.0 km/h
2026-10-08 18:44:46 [INFO]   ✓ mumbai / Eastern Freeway Sewri — CI=0.000  speed=26.0/26.0 km/h
2026-10-08 18:44:47 [INFO]   ✓ mumbai / BKC Bandra Kurla Complex — CI=0.500  speed=13.0/26.0 km/h
2026-10-08 18:44:48 [INFO]   ✓ mumbai / Sion Circle — CI=0.450  speed=11.0/20.0 km/h
2026-10-08 18:44:48 [INFO]   ✓ delhi / Ring Road AIIMS — CI=0.516  speed=15.0/31.0 km/h
2026-10-08 18:44:49 [INFO]   ✓ delhi / DND Flyway Noida Entry — CI=0.366  speed=26.0/41.0 km/h
2026-10-08 18:44:50 [INFO]   ✓ delhi / Cyber City Gurgaon — CI=0.419  speed=25.0/43.0 km/h
2026-10-08 18:44:50 [INFO]   ✓ delhi / ITO Junction — CI=0.444  speed=15.0/27.0 km/h
2026-10-08 18:44:51 [INFO]   ✓ pune / Hinjawadi Phase 1 — CI=0.300  speed=21.0/30.0 km/h
2026-10-08 18:44:52 [INFO]   ✓ pune / FC Road Shivajinagar — CI=0.364  speed=14.0/22.0 km/h
2026-10-08 18:44:52 [INFO]   ✓ pune / Magarpatta City Hadapsar — CI=0.000  speed=31.0/31.0 km/h
2026-10-08 18:44:53 [INFO]   ✓ hyderabad / Hitec City Cyber Towers — CI=0.000  speed=31.0/31.0 km/h
2026-10-08 18:44:54 [INFO]   ✓ hyderabad / Gachibowli Junction — CI=0.472  speed=19.0/36.0 km/h
2026-10-08 18:44:54 [INFO]   ✓ hyderabad / Punjagutta Crossing — CI=0.567  speed=13.0/30.0 km/h
2026-10-08 18:44:55 [INFO]   ✓ chennai / OMR Tidel Park — CI=0.548  speed=14.0/31.0 km/h
2026-10-08 18:44:56 [INFO]   ✓ chennai / Kathipara Junction Guindy — CI=0.636  speed=12.0/33.0 km/h
2026-10-08 18:44:56 [INFO]   ✓ chennai / Anna Nagar Roundtana — CI=0.308  speed=18.0/26.0 km/h
2026-10-08 18:44:57 [INFO]   ✓ kolkata / EM Bypass Science City — CI=0.326  speed=29.0/43.0 km/h
2026-10-08 18:44:58 [INFO]   ✓ kolkata / Park Circus 7-Point Crossing — CI=0.340  speed=31.0/47.0 km/h
2026-10-08 18:44:58 [INFO]   ✓ kolkata / Sector V Salt Lake — CI=0.273  speed=16.0/22.0 km/h
2026-10-08 18:44:59 [INFO]   ✓ ahmedabad / SG Highway ISKCON Cross Road — CI=0.278  speed=26.0/36.0 km/h
2026-10-08 18:45:00 [INFO]   ✓ ahmedabad / Ashram Road Income Tax Circle — CI=0.154  speed=33.0/39.0 km/h
2026-10-08 18:45:00 [INFO]   ✓ jaipur / JLN Marg Jawahar Circle — CI=0.000  speed=44.0/44.0 km/h
2026-10-08 18:45:01 [INFO]   ✓ jaipur / Ajmer Road 200 Feet Bypass — CI=0.257  speed=26.0/35.0 km/h
2026-10-08 18:45:01 [INFO]   ✓ kochi / Edappally Toll Junction — CI=0.300  speed=14.0/20.0 km/h
2026-10-08 18:45:02 [INFO]   ✓ lucknow / Hazratganj Crossing — CI=0.400  speed=18.0/30.0 km/h
2026-10-08 18:45:02 [INFO]   → Saved 168 records to C:\Users\albus\projects\traffic_congession\data\telemetry\city=ahmedabad\2026-10-08.parquet
2026-10-08 18:45:02 [INFO]   → Saved 357 records to C:\Users\albus\projects\traffic_congession\data\telemetry\city=bengaluru\2026-10-08.parquet
2026-10-08 18:45:02 [INFO]   → Saved 252 records to C:\Users\albus\projects\traffic_congession\data\telemetry\city=chennai\2026-10-08.parquet
2026-10-08 18:45:02 [INFO]   → Saved 357 records to C:\Users\albus\projects\traffic_congession\data\telemetry\city=delhi\2026-10-08.parquet
2026-10-08 18:45:02 [INFO]   → Saved 252 records to C:\Users\albus\projects\traffic_congession\data\telemetry\city=hyderabad\2026-10-08.parquet
2026-10-08 18:45:02 [INFO]   → Saved 168 records to C:\Users\albus\projects\traffic_congession\data\telemetry\city=jaipur\2026-10-08.parquet
2026-10-08 18:45:02 [INFO]   → Saved 84 records to C:\Users\albus\projects\traffic_congession\data\telemetry\city=kochi\2026-10-08.parquet
2026-10-08 18:45:02 [INFO]   → Saved 252 records to C:\Users\albus\projects\traffic_congession\data\telemetry\city=kolkata\2026-10-08.parquet
2026-10-08 18:45:02 [INFO]   → Saved 84 records to C:\Users\albus\projects\traffic_congession\data\telemetry\city=lucknow\2026-10-08.parquet
2026-10-08 18:45:03 [INFO]   → Saved 357 records to C:\Users\albus\projects\traffic_congession\data\telemetry\city=mumbai\2026-10-08.parquet
2026-10-08 18:45:03 [INFO]   → Saved 265 records to C:\Users\albus\projects\traffic_congession\data\telemetry\city=pune\2026-10-08.parquet
2026-10-08 18:45:03 [INFO] Next batch in 5 minutes. Sleeping...
2026-10-08 19:03:21 [INFO] --- Batch start at 19:03:21 ---
2026-10-08 19:03:21 [INFO]   ✓ bengaluru / Silk Board Junction — CI=0.000  speed=42.0/42.0 km/h
2026-10-08 19:03:22 [INFO]   ✓ bengaluru / Marathahalli Bridge — CI=0.371  speed=22.0/35.0 km/h
2026-10-08 19:03:24 [INFO]   ✓ bengaluru / Whitefield Road — CI=0.342  speed=25.0/38.0 km/h
2026-10-08 19:03:25 [INFO]   ✓ bengaluru / Hebbal Flyover — CI=0.346  speed=17.0/26.0 km/h
2026-10-08 19:03:26 [INFO]   ✓ mumbai / Western Express Highway Andheri — CI=0.429  speed=12.0/21.0 km/h
2026-10-08 19:03:26 [INFO]   ✓ mumbai / Eastern Freeway Sewri — CI=0.080  speed=23.0/25.0 km/h
2026-10-08 19:03:27 [INFO]   ✓ mumbai / BKC Bandra Kurla Complex — CI=0.481  speed=14.0/27.0 km/h
2026-10-08 19:03:29 [INFO]   ✓ mumbai / Sion Circle — CI=0.550  speed=9.0/20.0 km/h
2026-10-08 19:03:30 [INFO]   ✓ delhi / Ring Road AIIMS — CI=0.484  speed=16.0/31.0 km/h
2026-10-08 19:03:31 [INFO]   ✓ delhi / DND Flyway Noida Entry — CI=0.366  speed=26.0/41.0 km/h
2026-10-08 19:03:32 [INFO]   ✓ delhi / Cyber City Gurgaon — CI=0.419  speed=25.0/43.0 km/h
2026-10-08 19:03:33 [INFO]   ✓ delhi / ITO Junction — CI=0.429  speed=16.0/28.0 km/h
2026-10-08 19:03:34 [INFO]   ✓ pune / Hinjawadi Phase 1 — CI=0.310  speed=20.0/29.0 km/h
2026-10-08 19:03:35 [INFO]   ✓ pune / FC Road Shivajinagar — CI=0.333  speed=14.0/21.0 km/h
2026-10-08 19:03:35 [INFO]   ✓ pune / Magarpatta City Hadapsar — CI=0.000  speed=31.0/31.0 km/h
2026-10-08 19:03:36 [INFO]   ✓ hyderabad / Hitec City Cyber Towers — CI=0.161  speed=26.0/31.0 km/h
2026-10-08 19:03:37 [INFO]   ✓ hyderabad / Gachibowli Junction — CI=0.353  speed=22.0/34.0 km/h
2026-10-08 19:03:38 [INFO]   ✓ hyderabad / Punjagutta Crossing — CI=0.516  speed=15.0/31.0 km/h
2026-10-08 19:03:38 [INFO]   ✓ chennai / OMR Tidel Park — CI=0.500  speed=15.0/30.0 km/h
2026-10-08 19:03:39 [INFO]   ✓ chennai / Kathipara Junction Guindy — CI=0.719  speed=9.0/32.0 km/h
2026-10-08 19:03:40 [INFO]   ✓ chennai / Anna Nagar Roundtana — CI=0.308  speed=18.0/26.0 km/h
2026-10-08 19:03:41 [INFO]   ✓ kolkata / EM Bypass Science City — CI=0.302  speed=30.0/43.0 km/h
2026-10-08 19:03:41 [INFO]   ✓ kolkata / Park Circus 7-Point Crossing — CI=0.208  speed=38.0/48.0 km/h
2026-10-08 19:03:42 [INFO]   ✓ kolkata / Sector V Salt Lake — CI=0.000  speed=22.0/22.0 km/h
2026-10-08 19:03:43 [INFO]   ✓ ahmedabad / SG Highway ISKCON Cross Road — CI=0.306  speed=25.0/36.0 km/h
2026-10-08 19:03:44 [INFO]   ✓ ahmedabad / Ashram Road Income Tax Circle — CI=0.179  speed=32.0/39.0 km/h
2026-10-08 19:03:45 [INFO]   ✓ jaipur / JLN Marg Jawahar Circle — CI=0.163  speed=36.0/43.0 km/h
2026-10-08 19:03:46 [INFO]   ✓ jaipur / Ajmer Road 200 Feet Bypass — CI=0.257  speed=26.0/35.0 km/h
2026-10-08 19:03:46 [INFO]   ✓ kochi / Edappally Toll Junction — CI=0.000  speed=20.0/20.0 km/h
2026-10-08 19:03:47 [INFO]   ✓ lucknow / Hazratganj Crossing — CI=0.379  speed=18.0/29.0 km/h
2026-10-08 19:03:47 [INFO]   → Saved 170 records to C:\Users\albus\projects\traffic_congession\data\telemetry\city=ahmedabad\2026-10-08.parquet
2026-10-08 19:03:47 [INFO]   → Saved 361 records to C:\Users\albus\projects\traffic_congession\data\telemetry\city=bengaluru\2026-10-08.parquet
2026-10-08 19:03:47 [INFO]   → Saved 255 records to C:\Users\albus\projects\traffic_congession\data\telemetry\city=chennai\2026-10-08.parquet
2026-10-08 19:03:47 [INFO]   → Saved 361 records to C:\Users\albus\projects\traffic_congession\data\telemetry\city=delhi\2026-10-08.parquet
2026-10-08 19:03:47 [INFO]   → Saved 255 records to C:\Users\albus\projects\traffic_congession\data\telemetry\city=hyderabad\2026-10-08.parquet
2026-10-08 19:03:47 [INFO]   → Saved 170 records to C:\Users\albus\projects\traffic_congession\data\telemetry\city=jaipur\2026-10-08.parquet
2026-10-08 19:03:48 [INFO]   → Saved 85 records to C:\Users\albus\projects\traffic_congession\data\telemetry\city=kochi\2026-10-08.parquet
2026-10-08 19:03:48 [INFO]   → Saved 255 records to C:\Users\albus\projects\traffic_congession\data\telemetry\city=kolkata\2026-10-08.parquet
2026-10-08 19:03:48 [INFO]   → Saved 85 records to C:\Users\albus\projects\traffic_congession\data\telemetry\city=lucknow\2026-10-08.parquet
2026-10-08 19:03:48 [INFO]   → Saved 361 records to C:\Users\albus\projects\traffic_congession\data\telemetry\city=mumbai\2026-10-08.parquet
2026-10-08 19:03:48 [INFO]   → Saved 268 records to C:\Users\albus\projects\traffic_congession\data\telemetry\city=pune\2026-10-08.parquet
2026-10-08 19:03:48 [INFO] Next batch in 5 minutes. Sleeping...
2026-10-08 19:08:48 [INFO] --- Batch start at 19:08:48 ---
2026-10-08 19:08:48 [INFO]   ✓ bengaluru / Silk Board Junction — CI=0.262  speed=31.0/42.0 km/h
2026-10-08 19:08:49 [INFO]   ✓ bengaluru / Marathahalli Bridge — CI=0.382  speed=21.0/34.0 km/h
2026-10-08 19:08:50 [INFO]   ✓ bengaluru / Whitefield Road — CI=0.316  speed=26.0/38.0 km/h
2026-10-08 19:08:52 [INFO]   ✓ bengaluru / Hebbal Flyover — CI=0.308  speed=18.0/26.0 km/h
2026-10-08 19:08:53 [INFO]   ✓ mumbai / Western Express Highway Andheri — CI=0.455  speed=12.0/22.0 km/h
2026-10-08 19:08:54 [INFO]   ✓ mumbai / Eastern Freeway Sewri — CI=0.115  speed=23.0/26.0 km/h
2026-10-08 19:08:54 [INFO]   ✓ mumbai / BKC Bandra Kurla Complex — CI=0.444  speed=15.0/27.0 km/h
2026-10-08 19:08:55 [INFO]   ✓ mumbai / Sion Circle — CI=0.550  speed=9.0/20.0 km/h
2026-10-08 19:08:56 [INFO]   ✓ delhi / Ring Road AIIMS — CI=0.484  speed=16.0/31.0 km/h
2026-10-08 19:08:57 [INFO]   ✓ delhi / DND Flyway Noida Entry — CI=0.390  speed=25.0/41.0 km/h
2026-10-08 19:08:58 [INFO]   ✓ delhi / Cyber City Gurgaon — CI=0.409  speed=26.0/44.0 km/h
2026-10-08 19:08:59 [INFO]   ✓ delhi / ITO Junction — CI=0.464  speed=15.0/28.0 km/h
2026-10-08 19:09:00 [INFO]   ✓ pune / Hinjawadi Phase 1 — CI=0.300  speed=21.0/30.0 km/h
2026-10-08 19:09:01 [INFO]   ✓ pune / FC Road Shivajinagar — CI=0.238  speed=16.0/21.0 km/h
2026-10-08 19:09:02 [INFO]   ✓ pune / Magarpatta City Hadapsar — CI=0.000  speed=31.0/31.0 km/h
2026-10-08 19:09:02 [INFO]   ✓ hyderabad / Hitec City Cyber Towers — CI=0.000  speed=31.0/31.0 km/h
2026-10-08 19:09:03 [INFO]   ✓ hyderabad / Gachibowli Junction — CI=0.333  speed=24.0/36.0 km/h
2026-10-08 19:09:04 [INFO]   ✓ hyderabad / Punjagutta Crossing — CI=0.452  speed=17.0/31.0 km/h
2026-10-08 19:09:05 [INFO]   ✓ chennai / OMR Tidel Park — CI=0.500  speed=15.0/30.0 km/h
2026-10-08 19:09:05 [INFO]   ✓ chennai / Kathipara Junction Guindy — CI=0.750  speed=8.0/32.0 km/h
2026-10-08 19:09:06 [INFO]   ✓ chennai / Anna Nagar Roundtana — CI=0.296  speed=19.0/27.0 km/h
2026-10-08 19:09:07 [INFO]   ✓ kolkata / EM Bypass Science City — CI=0.302  speed=30.0/43.0 km/h
2026-10-08 19:09:08 [INFO]   ✓ kolkata / Park Circus 7-Point Crossing — CI=0.292  speed=34.0/48.0 km/h
2026-10-08 19:09:08 [INFO]   ✓ kolkata / Sector V Salt Lake — CI=0.227  speed=17.0/22.0 km/h
2026-10-08 19:09:09 [INFO]   ✓ ahmedabad / SG Highway ISKCON Cross Road — CI=0.306  speed=25.0/36.0 km/h
2026-10-08 19:09:10 [INFO]   ✓ ahmedabad / Ashram Road Income Tax Circle — CI=0.154  speed=33.0/39.0 km/h
2026-10-08 19:09:13 [INFO]   ✓ jaipur / JLN Marg Jawahar Circle — CI=0.233  speed=33.0/43.0 km/h
2026-10-08 19:09:13 [INFO]   ✓ jaipur / Ajmer Road 200 Feet Bypass — CI=0.265  speed=25.0/34.0 km/h
2026-10-08 19:09:14 [INFO]   ✓ kochi / Edappally Toll Junction — CI=0.000  speed=20.0/20.0 km/h
2026-10-08 19:09:15 [INFO]   ✓ lucknow / Hazratganj Crossing — CI=0.400  speed=18.0/30.0 km/h
2026-10-08 19:09:15 [INFO]   → Saved 172 records to C:\Users\albus\projects\traffic_congession\data\telemetry\city=ahmedabad\2026-10-08.parquet
2026-10-08 19:09:15 [INFO]   → Saved 365 records to C:\Users\albus\projects\traffic_congession\data\telemetry\city=bengaluru\2026-10-08.parquet
2026-10-08 19:09:15 [INFO]   → Saved 258 records to C:\Users\albus\projects\traffic_congession\data\telemetry\city=chennai\2026-10-08.parquet
2026-10-08 19:09:15 [INFO]   → Saved 365 records to C:\Users\albus\projects\traffic_congession\data\telemetry\city=delhi\2026-10-08.parquet
2026-10-08 19:09:15 [INFO]   → Saved 258 records to C:\Users\albus\projects\traffic_congession\data\telemetry\city=hyderabad\2026-10-08.parquet
2026-10-08 19:09:15 [INFO]   → Saved 172 records to C:\Users\albus\projects\traffic_congession\data\telemetry\city=jaipur\2026-10-08.parquet
2026-10-08 19:09:15 [INFO]   → Saved 86 records to C:\Users\albus\projects\traffic_congession\data\telemetry\city=kochi\2026-10-08.parquet
2026-10-08 19:09:15 [INFO]   → Saved 258 records to C:\Users\albus\projects\traffic_congession\data\telemetry\city=kolkata\2026-10-08.parquet
2026-10-08 19:09:15 [INFO]   → Saved 86 records to C:\Users\albus\projects\traffic_congession\data\telemetry\city=lucknow\2026-10-08.parquet
2026-10-08 19:09:15 [INFO]   → Saved 365 records to C:\Users\albus\projects\traffic_congession\data\telemetry\city=mumbai\2026-10-08.parquet
2026-10-08 19:09:15 [INFO]   → Saved 271 records to C:\Users\albus\projects\traffic_congession\data\telemetry\city=pune\2026-10-08.parquet
2026-10-08 19:09:15 [INFO] Next batch in 5 minutes. Sleeping...
2026-10-08 19:14:15 [INFO] --- Batch start at 19:14:15 ---
2026-10-08 19:14:16 [INFO]   ✓ bengaluru / Silk Board Junction — CI=0.317  speed=28.0/41.0 km/h
2026-10-08 19:14:17 [INFO]   ✓ bengaluru / Marathahalli Bridge — CI=0.371  speed=22.0/35.0 km/h
2026-10-08 19:14:18 [INFO]   ✓ bengaluru / Whitefield Road — CI=0.297  speed=26.0/37.0 km/h
2026-10-08 19:14:20 [INFO]   ✓ bengaluru / Hebbal Flyover — CI=0.308  speed=18.0/26.0 km/h
2026-10-08 19:14:21 [INFO]   ✓ mumbai / Western Express Highway Andheri — CI=0.364  speed=14.0/22.0 km/h
2026-10-08 19:14:21 [INFO]   ✓ mumbai / Eastern Freeway Sewri — CI=0.000  speed=26.0/26.0 km/h
2026-10-08 19:14:22 [INFO]   ✓ mumbai / BKC Bandra Kurla Complex — CI=0.464  speed=15.0/28.0 km/h
2026-10-08 19:14:22 [INFO]   ✓ mumbai / Sion Circle — CI=0.550  speed=9.0/20.0 km/h
2026-10-08 19:14:23 [INFO]   ✓ delhi / Ring Road AIIMS — CI=0.452  speed=17.0/31.0 km/h
2026-10-08 19:14:24 [INFO]   ✓ delhi / DND Flyway Noida Entry — CI=0.366  speed=26.0/41.0 km/h
2026-10-08 19:14:25 [INFO]   ✓ delhi / Cyber City Gurgaon — CI=0.273  speed=32.0/44.0 km/h
2026-10-08 19:14:26 [INFO]   ✓ delhi / ITO Junction — CI=0.500  speed=14.0/28.0 km/h
2026-10-08 19:14:27 [INFO]   ✓ pune / Hinjawadi Phase 1 — CI=0.300  speed=21.0/30.0 km/h
2026-10-08 19:14:28 [INFO]   ✓ pune / FC Road Shivajinagar — CI=0.238  speed=16.0/21.0 km/h
2026-10-08 19:14:28 [INFO]   ✓ pune / Magarpatta City Hadapsar — CI=0.000  speed=31.0/31.0 km/h
2026-10-08 19:14:29 [INFO]   ✓ hyderabad / Hitec City Cyber Towers — CI=0.194  speed=25.0/31.0 km/h
2026-10-08 19:14:30 [INFO]   ✓ hyderabad / Gachibowli Junction — CI=0.361  speed=23.0/36.0 km/h
2026-10-08 19:14:30 [INFO]   ✓ hyderabad / Punjagutta Crossing — CI=0.500  speed=15.0/30.0 km/h
2026-10-08 19:14:31 [INFO]   ✓ chennai / OMR Tidel Park — CI=0.452  speed=17.0/31.0 km/h
2026-10-08 19:14:32 [INFO]   ✓ chennai / Kathipara Junction Guindy — CI=0.767  speed=7.0/30.0 km/h
2026-10-08 19:14:32 [INFO]   ✓ chennai / Anna Nagar Roundtana — CI=0.346  speed=17.0/26.0 km/h
2026-10-08 19:14:33 [INFO]   ✓ kolkata / EM Bypass Science City — CI=0.326  speed=29.0/43.0 km/h
2026-10-08 19:14:34 [INFO]   ✓ kolkata / Park Circus 7-Point Crossing — CI=0.362  speed=30.0/47.0 km/h
2026-10-08 19:14:35 [INFO]   ✓ kolkata / Sector V Salt Lake — CI=0.227  speed=17.0/22.0 km/h
2026-10-08 19:14:35 [INFO]   ✓ ahmedabad / SG Highway ISKCON Cross Road — CI=0.306  speed=25.0/36.0 km/h
2026-10-08 19:14:36 [INFO]   ✓ ahmedabad / Ashram Road Income Tax Circle — CI=0.205  speed=31.0/39.0 km/h
2026-10-08 19:14:37 [INFO]   ✓ jaipur / JLN Marg Jawahar Circle — CI=0.227  speed=34.0/44.0 km/h
2026-10-08 19:14:37 [INFO]   ✓ jaipur / Ajmer Road 200 Feet Bypass — CI=0.306  speed=25.0/36.0 km/h
2026-10-08 19:14:39 [INFO]   ✓ kochi / Edappally Toll Junction — CI=0.211  speed=15.0/19.0 km/h
2026-10-08 19:14:40 [INFO]   ✓ lucknow / Hazratganj Crossing — CI=0.379  speed=18.0/29.0 km/h
2026-10-08 19:14:40 [INFO]   → Saved 174 records to C:\Users\albus\projects\traffic_congession\data\telemetry\city=ahmedabad\2026-10-08.parquet
2026-10-08 19:14:40 [INFO]   → Saved 369 records to C:\Users\albus\projects\traffic_congession\data\telemetry\city=bengaluru\2026-10-08.parquet
2026-10-08 19:14:40 [INFO]   → Saved 261 records to C:\Users\albus\projects\traffic_congession\data\telemetry\city=chennai\2026-10-08.parquet
2026-10-08 19:14:40 [INFO]   → Saved 369 records to C:\Users\albus\projects\traffic_congession\data\telemetry\city=delhi\2026-10-08.parquet
2026-10-08 19:14:40 [INFO]   → Saved 261 records to C:\Users\albus\projects\traffic_congession\data\telemetry\city=hyderabad\2026-10-08.parquet
2026-10-08 19:14:40 [INFO]   → Saved 174 records to C:\Users\albus\projects\traffic_congession\data\telemetry\city=jaipur\2026-10-08.parquet
2026-10-08 19:14:40 [INFO]   → Saved 87 records to C:\Users\albus\projects\traffic_congession\data\telemetry\city=kochi\2026-10-08.parquet
2026-10-08 19:14:40 [INFO]   → Saved 261 records to C:\Users\albus\projects\traffic_congession\data\telemetry\city=kolkata\2026-10-08.parquet
2026-10-08 19:14:40 [INFO]   → Saved 87 records to C:\Users\albus\projects\traffic_congession\data\telemetry\city=lucknow\2026-10-08.parquet
2026-10-08 19:14:40 [INFO]   → Saved 369 records to C:\Users\albus\projects\traffic_congession\data\telemetry\city=mumbai\2026-10-08.parquet
2026-10-08 19:14:40 [INFO]   → Saved 274 records to C:\Users\albus\projects\traffic_congession\data\telemetry\city=pune\2026-10-08.parquet
2026-10-08 19:14:40 [INFO] Next batch in 5 minutes. Sleeping...
2026-10-08 19:19:40 [INFO] --- Batch start at 19:19:40 ---
2026-10-08 19:19:40 [INFO]   ✓ bengaluru / Silk Board Junction — CI=0.214  speed=33.0/42.0 km/h
2026-10-08 19:19:42 [INFO]   ✓ bengaluru / Marathahalli Bridge — CI=0.371  speed=22.0/35.0 km/h
2026-10-08 19:19:42 [INFO]   ✓ bengaluru / Whitefield Road — CI=0.316  speed=26.0/38.0 km/h
2026-10-08 19:19:43 [INFO]   ✓ bengaluru / Hebbal Flyover — CI=0.308  speed=18.0/26.0 km/h
2026-10-08 19:19:44 [INFO]   ✓ mumbai / Western Express Highway Andheri — CI=0.364  speed=14.0/22.0 km/h
2026-10-08 19:19:45 [INFO]   ✓ mumbai / Eastern Freeway Sewri — CI=0.000  speed=26.0/26.0 km/h
2026-10-08 19:19:46 [INFO]   ✓ mumbai / BKC Bandra Kurla Complex — CI=0.370  speed=17.0/27.0 km/h
2026-10-08 19:19:46 [INFO]   ✓ mumbai / Sion Circle — CI=0.700  speed=6.0/20.0 km/h
2026-10-08 19:19:47 [INFO]   ✓ delhi / Ring Road AIIMS — CI=0.516  speed=15.0/31.0 km/h
2026-10-08 19:19:48 [INFO]   ✓ delhi / DND Flyway Noida Entry — CI=0.390  speed=25.0/41.0 km/h
2026-10-08 19:19:49 [INFO]   ✓ delhi / Cyber City Gurgaon — CI=0.295  speed=31.0/44.0 km/h
2026-10-08 19:19:49 [INFO]   ✓ delhi / ITO Junction — CI=0.481  speed=14.0/27.0 km/h
2026-10-08 19:19:50 [INFO]   ✓ pune / Hinjawadi Phase 1 — CI=0.300  speed=21.0/30.0 km/h
2026-10-08 19:19:51 [INFO]   ✓ pune / FC Road Shivajinagar — CI=0.238  speed=16.0/21.0 km/h
2026-10-08 19:19:52 [INFO]   ✓ pune / Magarpatta City Hadapsar — CI=0.000  speed=31.0/31.0 km/h
2026-10-08 19:19:52 [INFO]   ✓ hyderabad / Hitec City Cyber Towers — CI=0.226  speed=24.0/31.0 km/h
2026-10-08 19:19:53 [INFO]   ✓ hyderabad / Gachibowli Junction — CI=0.306  speed=25.0/36.0 km/h
2026-10-08 19:19:54 [INFO]   ✓ hyderabad / Punjagutta Crossing — CI=0.467  speed=16.0/30.0 km/h
2026-10-08 19:19:55 [INFO]   ✓ chennai / OMR Tidel Park — CI=0.367  speed=19.0/30.0 km/h
2026-10-08 19:19:55 [INFO]   ✓ chennai / Kathipara Junction Guindy — CI=0.844  speed=5.0/32.0 km/h
2026-10-08 19:19:56 [INFO]   ✓ chennai / Anna Nagar Roundtana — CI=0.385  speed=16.0/26.0 km/h
2026-10-08 19:19:57 [INFO]   ✓ kolkata / EM Bypass Science City — CI=0.349  speed=28.0/43.0 km/h
2026-10-08 19:19:57 [INFO]   ✓ kolkata / Park Circus 7-Point Crossing — CI=0.426  speed=27.0/47.0 km/h
2026-10-08 19:19:58 [INFO]   ✓ kolkata / Sector V Salt Lake — CI=0.273  speed=16.0/22.0 km/h
2026-10-08 19:19:59 [INFO]   ✓ ahmedabad / SG Highway ISKCON Cross Road — CI=0.361  speed=23.0/36.0 km/h
2026-10-08 19:20:00 [INFO]   ✓ ahmedabad / Ashram Road Income Tax Circle — CI=0.179  speed=32.0/39.0 km/h
2026-10-08 19:20:00 [INFO]   ✓ jaipur / JLN Marg Jawahar Circle — CI=0.000  speed=44.0/44.0 km/h
2026-10-08 19:20:01 [INFO]   ✓ jaipur / Ajmer Road 200 Feet Bypass — CI=0.257  speed=26.0/35.0 km/h
2026-10-08 19:20:03 [INFO]   ✓ kochi / Edappally Toll Junction — CI=0.000  speed=20.0/20.0 km/h
2026-10-08 19:20:04 [INFO]   ✓ lucknow / Hazratganj Crossing — CI=0.400  speed=18.0/30.0 km/h
2026-10-08 19:20:04 [INFO]   → Saved 176 records to C:\Users\albus\projects\traffic_congession\data\telemetry\city=ahmedabad\2026-10-08.parquet
2026-10-08 19:20:04 [INFO]   → Saved 373 records to C:\Users\albus\projects\traffic_congession\data\telemetry\city=bengaluru\2026-10-08.parquet
2026-10-08 19:20:04 [INFO]   → Saved 264 records to C:\Users\albus\projects\traffic_congession\data\telemetry\city=chennai\2026-10-08.parquet
2026-10-08 19:20:05 [INFO]   → Saved 373 records to C:\Users\albus\projects\traffic_congession\data\telemetry\city=delhi\2026-10-08.parquet
2026-10-08 19:20:05 [INFO]   → Saved 264 records to C:\Users\albus\projects\traffic_congession\data\telemetry\city=hyderabad\2026-10-08.parquet
2026-10-08 19:20:05 [INFO]   → Saved 176 records to C:\Users\albus\projects\traffic_congession\data\telemetry\city=jaipur\2026-10-08.parquet
2026-10-08 19:20:05 [INFO]   → Saved 88 records to C:\Users\albus\projects\traffic_congession\data\telemetry\city=kochi\2026-10-08.parquet
2026-10-08 19:20:05 [INFO]   → Saved 264 records to C:\Users\albus\projects\traffic_congession\data\telemetry\city=kolkata\2026-10-08.parquet
2026-10-08 19:20:05 [INFO]   → Saved 88 records to C:\Users\albus\projects\traffic_congession\data\telemetry\city=lucknow\2026-10-08.parquet
2026-10-08 19:20:05 [INFO]   → Saved 373 records to C:\Users\albus\projects\traffic_congession\data\telemetry\city=mumbai\2026-10-08.parquet
2026-10-08 19:20:05 [INFO]   → Saved 277 records to C:\Users\albus\projects\traffic_congession\data\telemetry\city=pune\2026-10-08.parquet
2026-10-08 19:20:05 [INFO] Next batch in 5 minutes. Sleeping...
2026-10-08 19:25:05 [INFO] --- Batch start at 19:25:05 ---
2026-10-08 19:25:05 [INFO]   ✓ bengaluru / Silk Board Junction — CI=0.000  speed=42.0/42.0 km/h
2026-10-08 19:25:07 [INFO]   ✓ bengaluru / Marathahalli Bridge — CI=0.371  speed=22.0/35.0 km/h
2026-10-08 19:25:08 [INFO]   ✓ bengaluru / Whitefield Road — CI=0.263  speed=28.0/38.0 km/h
2026-10-08 19:25:10 [INFO]   ✓ bengaluru / Hebbal Flyover — CI=0.308  speed=18.0/26.0 km/h
2026-10-08 19:25:10 [INFO]   ✓ mumbai / Western Express Highway Andheri — CI=0.364  speed=14.0/22.0 km/h
2026-10-08 19:25:11 [INFO]   ✓ mumbai / Eastern Freeway Sewri — CI=0.000  speed=26.0/26.0 km/h
2026-10-08 19:25:12 [INFO]   ✓ mumbai / BKC Bandra Kurla Complex — CI=0.407  speed=16.0/27.0 km/h
2026-10-08 19:25:12 [INFO]   ✓ mumbai / Sion Circle — CI=0.667  speed=7.0/21.0 km/h
2026-10-08 19:25:13 [INFO]   ✓ delhi / Ring Road AIIMS — CI=0.469  speed=17.0/32.0 km/h
2026-10-08 19:25:14 [INFO]   ✓ delhi / DND Flyway Noida Entry — CI=0.381  speed=26.0/42.0 km/h
2026-10-08 19:25:15 [INFO]   ✓ delhi / Cyber City Gurgaon — CI=0.386  speed=27.0/44.0 km/h
2026-10-08 19:25:15 [INFO]   ✓ delhi / ITO Junction — CI=0.481  speed=14.0/27.0 km/h
2026-10-08 19:25:17 [INFO]   ✓ pune / Hinjawadi Phase 1 — CI=0.300  speed=21.0/30.0 km/h
2026-10-08 19:25:17 [INFO]   ✓ pune / FC Road Shivajinagar — CI=0.273  speed=16.0/22.0 km/h
2026-10-08 19:25:18 [INFO]   ✓ pune / Magarpatta City Hadapsar — CI=0.000  speed=31.0/31.0 km/h
2026-10-08 19:25:18 [INFO]   ✓ hyderabad / Hitec City Cyber Towers — CI=0.281  speed=23.0/32.0 km/h
2026-10-08 19:25:19 [INFO]   ✓ hyderabad / Gachibowli Junction — CI=0.343  speed=23.0/35.0 km/h
2026-10-08 19:25:20 [INFO]   ✓ hyderabad / Punjagutta Crossing — CI=0.516  speed=15.0/31.0 km/h
2026-10-08 19:25:21 [INFO]   ✓ chennai / OMR Tidel Park — CI=0.367  speed=19.0/30.0 km/h
2026-10-08 19:25:21 [INFO]   ✓ chennai / Kathipara Junction Guindy — CI=0.714  speed=8.0/28.0 km/h
2026-10-08 19:25:22 [INFO]   ✓ chennai / Anna Nagar Roundtana — CI=0.346  speed=17.0/26.0 km/h
2026-10-08 19:25:23 [INFO]   ✓ kolkata / EM Bypass Science City — CI=0.310  speed=29.0/42.0 km/h
2026-10-08 19:25:23 [INFO]   ✓ kolkata / Park Circus 7-Point Crossing — CI=0.340  speed=31.0/47.0 km/h
2026-10-08 19:25:24 [INFO]   ✓ kolkata / Sector V Salt Lake — CI=0.000  speed=22.0/22.0 km/h
2026-10-08 19:25:25 [INFO]   ✓ ahmedabad / SG Highway ISKCON Cross Road — CI=0.306  speed=25.0/36.0 km/h
2026-10-08 19:25:25 [INFO]   ✓ ahmedabad / Ashram Road Income Tax Circle — CI=0.211  speed=30.0/38.0 km/h
2026-10-08 19:25:26 [INFO]   ✓ jaipur / JLN Marg Jawahar Circle — CI=0.209  speed=34.0/43.0 km/h
2026-10-08 19:25:27 [INFO]   ✓ jaipur / Ajmer Road 200 Feet Bypass — CI=0.171  speed=29.0/35.0 km/h
2026-10-08 19:25:27 [INFO]   ✓ kochi / Edappally Toll Junction — CI=0.211  speed=15.0/19.0 km/h
2026-10-08 19:25:28 [INFO]   ✓ lucknow / Hazratganj Crossing — CI=0.379  speed=18.0/29.0 km/h
2026-10-08 19:25:28 [INFO]   → Saved 178 records to C:\Users\albus\projects\traffic_congession\data\telemetry\city=ahmedabad\2026-10-08.parquet
2026-10-08 19:25:28 [INFO]   → Saved 377 records to C:\Users\albus\projects\traffic_congession\data\telemetry\city=bengaluru\2026-10-08.parquet
2026-10-08 19:25:28 [INFO]   → Saved 267 records to C:\Users\albus\projects\traffic_congession\data\telemetry\city=chennai\2026-10-08.parquet
2026-10-08 19:25:28 [INFO]   → Saved 377 records to C:\Users\albus\projects\traffic_congession\data\telemetry\city=delhi\2026-10-08.parquet
2026-10-08 19:25:28 [INFO]   → Saved 267 records to C:\Users\albus\projects\traffic_congession\data\telemetry\city=hyderabad\2026-10-08.parquet
2026-10-08 19:25:28 [INFO]   → Saved 178 records to C:\Users\albus\projects\traffic_congession\data\telemetry\city=jaipur\2026-10-08.parquet
2026-10-08 19:25:28 [INFO]   → Saved 89 records to C:\Users\albus\projects\traffic_congession\data\telemetry\city=kochi\2026-10-08.parquet
2026-10-08 19:25:29 [INFO]   → Saved 267 records to C:\Users\albus\projects\traffic_congession\data\telemetry\city=kolkata\2026-10-08.parquet
2026-10-08 19:25:29 [INFO]   → Saved 89 records to C:\Users\albus\projects\traffic_congession\data\telemetry\city=lucknow\2026-10-08.parquet
2026-10-08 19:25:29 [INFO]   → Saved 377 records to C:\Users\albus\projects\traffic_congession\data\telemetry\city=mumbai\2026-10-08.parquet
2026-10-08 19:25:29 [INFO]   → Saved 280 records to C:\Users\albus\projects\traffic_congession\data\telemetry\city=pune\2026-10-08.parquet
2026-10-08 19:25:29 [INFO] Next batch in 5 minutes. Sleeping...
2026-10-08 19:30:29 [INFO] --- Batch start at 19:30:29 ---
2026-10-08 19:30:29 [INFO]   ✓ bengaluru / Silk Board Junction — CI=0.000  speed=42.0/42.0 km/h
2026-10-08 19:30:30 [INFO]   ✓ bengaluru / Marathahalli Bridge — CI=0.314  speed=24.0/35.0 km/h
2026-10-08 19:30:31 [INFO]   ✓ bengaluru / Whitefield Road — CI=0.263  speed=28.0/38.0 km/h
2026-10-08 19:30:32 [INFO]   ✓ bengaluru / Hebbal Flyover — CI=0.308  speed=18.0/26.0 km/h
2026-10-08 19:30:33 [INFO]   ✓ mumbai / Western Express Highway Andheri — CI=0.409  speed=13.0/22.0 km/h
2026-10-08 19:30:33 [INFO]   ✓ mumbai / Eastern Freeway Sewri — CI=0.000  speed=26.0/26.0 km/h
2026-10-08 19:30:34 [INFO]   ✓ mumbai / BKC Bandra Kurla Complex — CI=0.296  speed=19.0/27.0 km/h
2026-10-08 19:30:35 [INFO]   ✓ mumbai / Sion Circle — CI=0.700  speed=6.0/20.0 km/h
2026-10-08 19:30:35 [INFO]   ✓ delhi / Ring Road AIIMS — CI=0.438  speed=18.0/32.0 km/h
2026-10-08 19:30:36 [INFO]   ✓ delhi / DND Flyway Noida Entry — CI=0.390  speed=25.0/41.0 km/h
2026-10-08 19:30:37 [INFO]   ✓ delhi / Cyber City Gurgaon — CI=0.227  speed=34.0/44.0 km/h
2026-10-08 19:30:38 [INFO]   ✓ delhi / ITO Junction — CI=0.462  speed=14.0/26.0 km/h
2026-10-08 19:30:39 [INFO]   ✓ pune / Hinjawadi Phase 1 — CI=0.310  speed=20.0/29.0 km/h
2026-10-08 19:30:39 [INFO]   ✓ pune / FC Road Shivajinagar — CI=0.273  speed=16.0/22.0 km/h
2026-10-08 19:30:40 [INFO]   ✓ pune / Magarpatta City Hadapsar — CI=0.000  speed=31.0/31.0 km/h
2026-10-08 19:30:41 [INFO]   ✓ hyderabad / Hitec City Cyber Towers — CI=0.194  speed=25.0/31.0 km/h
2026-10-08 19:30:41 [INFO]   ✓ hyderabad / Gachibowli Junction — CI=0.297  speed=26.0/37.0 km/h
2026-10-08 19:30:42 [INFO]   ✓ hyderabad / Punjagutta Crossing — CI=0.594  speed=13.0/32.0 km/h
2026-10-08 19:30:43 [INFO]   ✓ chennai / OMR Tidel Park — CI=0.433  speed=17.0/30.0 km/h
2026-10-08 19:30:43 [INFO]   ✓ chennai / Kathipara Junction Guindy — CI=0.594  speed=13.0/32.0 km/h
2026-10-08 19:30:44 [INFO]   ✓ chennai / Anna Nagar Roundtana — CI=0.385  speed=16.0/26.0 km/h
2026-10-08 19:30:45 [INFO]   ✓ kolkata / EM Bypass Science City — CI=0.286  speed=30.0/42.0 km/h
2026-10-08 19:30:46 [INFO]   ✓ kolkata / Park Circus 7-Point Crossing — CI=0.333  speed=32.0/48.0 km/h
2026-10-08 19:30:46 [INFO]   ✓ kolkata / Sector V Salt Lake — CI=0.000  speed=22.0/22.0 km/h
2026-10-08 19:30:47 [INFO]   ✓ ahmedabad / SG Highway ISKCON Cross Road — CI=0.333  speed=24.0/36.0 km/h
2026-10-08 19:30:48 [INFO]   ✓ ahmedabad / Ashram Road Income Tax Circle — CI=0.150  speed=34.0/40.0 km/h
2026-10-08 19:30:48 [INFO]   ✓ jaipur / JLN Marg Jawahar Circle — CI=0.163  speed=36.0/43.0 km/h
2026-10-08 19:30:49 [INFO]   ✓ jaipur / Ajmer Road 200 Feet Bypass — CI=0.167  speed=30.0/36.0 km/h
2026-10-08 19:30:49 [INFO]   ✓ kochi / Edappally Toll Junction — CI=0.200  speed=16.0/20.0 km/h
2026-10-08 19:30:51 [INFO]   ✓ lucknow / Hazratganj Crossing — CI=0.345  speed=19.0/29.0 km/h
2026-10-08 19:30:51 [INFO]   → Saved 180 records to C:\Users\albus\projects\traffic_congession\data\telemetry\city=ahmedabad\2026-10-08.parquet
2026-10-08 19:30:51 [INFO]   → Saved 381 records to C:\Users\albus\projects\traffic_congession\data\telemetry\city=bengaluru\2026-10-08.parquet
2026-10-08 19:30:51 [INFO]   → Saved 270 records to C:\Users\albus\projects\traffic_congession\data\telemetry\city=chennai\2026-10-08.parquet
2026-10-08 19:30:51 [INFO]   → Saved 381 records to C:\Users\albus\projects\traffic_congession\data\telemetry\city=delhi\2026-10-08.parquet
2026-10-08 19:30:51 [INFO]   → Saved 270 records to C:\Users\albus\projects\traffic_congession\data\telemetry\city=hyderabad\2026-10-08.parquet
2026-10-08 19:30:51 [INFO]   → Saved 180 records to C:\Users\albus\projects\traffic_congession\data\telemetry\city=jaipur\2026-10-08.parquet
2026-10-08 19:30:51 [INFO]   → Saved 90 records to C:\Users\albus\projects\traffic_congession\data\telemetry\city=kochi\2026-10-08.parquet
2026-10-08 19:30:51 [INFO]   → Saved 270 records to C:\Users\albus\projects\traffic_congession\data\telemetry\city=kolkata\2026-10-08.parquet
2026-10-08 19:30:51 [INFO]   → Saved 90 records to C:\Users\albus\projects\traffic_congession\data\telemetry\city=lucknow\2026-10-08.parquet
2026-10-08 19:30:51 [INFO]   → Saved 381 records to C:\Users\albus\projects\traffic_congession\data\telemetry\city=mumbai\2026-10-08.parquet
2026-10-08 19:30:51 [INFO]   → Saved 283 records to C:\Users\albus\projects\traffic_congession\data\telemetry\city=pune\2026-10-08.parquet
2026-10-08 19:30:51 [INFO] Next batch in 5 minutes. Sleeping...
2026-10-08 19:35:51 [INFO] --- Batch start at 19:35:51 ---
2026-10-08 19:35:51 [INFO]   ✓ bengaluru / Silk Board Junction — CI=0.000  speed=42.0/42.0 km/h
2026-10-08 19:35:52 [INFO]   ✓ bengaluru / Marathahalli Bridge — CI=0.343  speed=23.0/35.0 km/h
2026-10-08 19:35:53 [INFO]   ✓ bengaluru / Whitefield Road — CI=0.316  speed=26.0/38.0 km/h
2026-10-08 19:35:54 [INFO]   ✓ bengaluru / Hebbal Flyover — CI=0.346  speed=17.0/26.0 km/h
2026-10-08 19:35:55 [INFO]   ✓ mumbai / Western Express Highway Andheri — CI=0.364  speed=14.0/22.0 km/h
2026-10-08 19:35:56 [INFO]   ✓ mumbai / Eastern Freeway Sewri — CI=0.000  speed=26.0/26.0 km/h
2026-10-08 19:35:57 [INFO]   ✓ mumbai / BKC Bandra Kurla Complex — CI=0.296  speed=19.0/27.0 km/h
2026-10-08 19:35:59 [INFO]   ✓ mumbai / Sion Circle — CI=0.579  speed=8.0/19.0 km/h
2026-10-08 19:35:59 [INFO]   ✓ delhi / Ring Road AIIMS — CI=0.484  speed=16.0/31.0 km/h
2026-10-08 19:36:00 [INFO]   ✓ delhi / DND Flyway Noida Entry — CI=0.366  speed=26.0/41.0 km/h
2026-10-08 19:36:01 [INFO]   ✓ delhi / Cyber City Gurgaon — CI=0.267  speed=33.0/45.0 km/h
2026-10-08 19:36:02 [INFO]   ✓ delhi / ITO Junction — CI=0.500  speed=13.0/26.0 km/h
2026-10-08 19:36:03 [INFO]   ✓ pune / Hinjawadi Phase 1 — CI=0.300  speed=21.0/30.0 km/h
2026-10-08 19:36:03 [INFO]   ✓ pune / FC Road Shivajinagar — CI=0.227  speed=17.0/22.0 km/h
2026-10-08 19:36:04 [INFO]   ✓ pune / Magarpatta City Hadapsar — CI=0.000  speed=31.0/31.0 km/h
2026-10-08 19:36:05 [INFO]   ✓ hyderabad / Hitec City Cyber Towers — CI=0.000  speed=31.0/31.0 km/h
2026-10-08 19:36:05 [INFO]   ✓ hyderabad / Gachibowli Junction — CI=0.306  speed=25.0/36.0 km/h
2026-10-08 19:36:06 [INFO]   ✓ hyderabad / Punjagutta Crossing — CI=0.516  speed=15.0/31.0 km/h
2026-10-08 19:36:07 [INFO]   ✓ chennai / OMR Tidel Park — CI=0.333  speed=20.0/30.0 km/h
2026-10-08 19:36:07 [INFO]   ✓ chennai / Kathipara Junction Guindy — CI=0.688  speed=10.0/32.0 km/h
2026-10-08 19:36:08 [INFO]   ✓ chennai / Anna Nagar Roundtana — CI=0.346  speed=17.0/26.0 km/h
2026-10-08 19:36:09 [INFO]   ✓ kolkata / EM Bypass Science City — CI=0.286  speed=30.0/42.0 km/h
2026-10-08 19:36:09 [INFO]   ✓ kolkata / Park Circus 7-Point Crossing — CI=0.383  speed=29.0/47.0 km/h
2026-10-08 19:36:10 [INFO]   ✓ kolkata / Sector V Salt Lake — CI=0.000  speed=22.0/22.0 km/h
2026-10-08 19:36:10 [INFO]   ✓ ahmedabad / SG Highway ISKCON Cross Road — CI=0.333  speed=24.0/36.0 km/h
2026-10-08 19:36:12 [INFO]   ✓ ahmedabad / Ashram Road Income Tax Circle — CI=0.179  speed=32.0/39.0 km/h
2026-10-08 19:36:13 [INFO]   ✓ jaipur / JLN Marg Jawahar Circle — CI=0.302  speed=30.0/43.0 km/h
2026-10-08 19:36:13 [INFO]   ✓ jaipur / Ajmer Road 200 Feet Bypass — CI=0.278  speed=26.0/36.0 km/h
2026-10-08 19:36:14 [INFO]   ✓ kochi / Edappally Toll Junction — CI=0.158  speed=16.0/19.0 km/h
2026-10-08 19:36:15 [INFO]   ✓ lucknow / Hazratganj Crossing — CI=0.400  speed=18.0/30.0 km/h
2026-10-08 19:36:15 [INFO]   → Saved 182 records to C:\Users\albus\projects\traffic_congession\data\telemetry\city=ahmedabad\2026-10-08.parquet
2026-10-08 19:36:15 [INFO]   → Saved 385 records to C:\Users\albus\projects\traffic_congession\data\telemetry\city=bengaluru\2026-10-08.parquet
2026-10-08 19:36:15 [INFO]   → Saved 273 records to C:\Users\albus\projects\traffic_congession\data\telemetry\city=chennai\2026-10-08.parquet
2026-10-08 19:36:15 [INFO]   → Saved 385 records to C:\Users\albus\projects\traffic_congession\data\telemetry\city=delhi\2026-10-08.parquet
2026-10-08 19:36:15 [INFO]   → Saved 273 records to C:\Users\albus\projects\traffic_congession\data\telemetry\city=hyderabad\2026-10-08.parquet
2026-10-08 19:36:15 [INFO]   → Saved 182 records to C:\Users\albus\projects\traffic_congession\data\telemetry\city=jaipur\2026-10-08.parquet
2026-10-08 19:36:15 [INFO]   → Saved 91 records to C:\Users\albus\projects\traffic_congession\data\telemetry\city=kochi\2026-10-08.parquet
2026-10-08 19:36:15 [INFO]   → Saved 273 records to C:\Users\albus\projects\traffic_congession\data\telemetry\city=kolkata\2026-10-08.parquet
2026-10-08 19:36:15 [INFO]   → Saved 91 records to C:\Users\albus\projects\traffic_congession\data\telemetry\city=lucknow\2026-10-08.parquet
2026-10-08 19:36:15 [INFO]   → Saved 385 records to C:\Users\albus\projects\traffic_congession\data\telemetry\city=mumbai\2026-10-08.parquet
2026-10-08 19:36:15 [INFO]   → Saved 286 records to C:\Users\albus\projects\traffic_congession\data\telemetry\city=pune\2026-10-08.parquet
2026-10-08 19:36:15 [INFO] Next batch in 5 minutes. Sleeping...
2026-10-08 19:41:15 [INFO] --- Batch start at 19:41:15 ---
2026-10-08 19:41:16 [INFO]   ✓ bengaluru / Silk Board Junction — CI=0.405  speed=25.0/42.0 km/h
2026-10-08 19:41:17 [INFO]   ✓ bengaluru / Marathahalli Bridge — CI=0.314  speed=24.0/35.0 km/h
2026-10-08 19:41:17 [INFO]   ✓ bengaluru / Whitefield Road — CI=0.289  speed=27.0/38.0 km/h
2026-10-08 19:41:18 [INFO]   ✓ bengaluru / Hebbal Flyover — CI=0.308  speed=18.0/26.0 km/h
2026-10-08 19:41:19 [INFO]   ✓ mumbai / Western Express Highway Andheri — CI=0.364  speed=14.0/22.0 km/h
2026-10-08 19:41:20 [INFO]   ✓ mumbai / Eastern Freeway Sewri — CI=0.000  speed=26.0/26.0 km/h
2026-10-08 19:41:20 [INFO]   ✓ mumbai / BKC Bandra Kurla Complex — CI=0.333  speed=18.0/27.0 km/h
2026-10-08 19:41:21 [INFO]   ✓ mumbai / Sion Circle — CI=0.684  speed=6.0/19.0 km/h
2026-10-08 19:41:21 [INFO]   ✓ delhi / Ring Road AIIMS — CI=0.419  speed=18.0/31.0 km/h
2026-10-08 19:41:22 [INFO]   ✓ delhi / DND Flyway Noida Entry — CI=0.366  speed=26.0/41.0 km/h
2026-10-08 19:41:23 [INFO]   ✓ delhi / Cyber City Gurgaon — CI=0.279  speed=31.0/43.0 km/h
2026-10-08 19:41:24 [INFO]   ✓ delhi / ITO Junction — CI=0.519  speed=13.0/27.0 km/h
2026-10-08 19:41:25 [INFO]   ✓ pune / Hinjawadi Phase 1 — CI=0.267  speed=22.0/30.0 km/h
2026-10-08 19:41:25 [INFO]   ✓ pune / FC Road Shivajinagar — CI=0.238  speed=16.0/21.0 km/h
2026-10-08 19:41:26 [INFO]   ✓ pune / Magarpatta City Hadapsar — CI=0.000  speed=31.0/31.0 km/h
2026-10-08 19:41:27 [INFO]   ✓ hyderabad / Hitec City Cyber Towers — CI=0.226  speed=24.0/31.0 km/h
2026-10-08 19:41:27 [INFO]   ✓ hyderabad / Gachibowli Junction — CI=0.200  speed=28.0/35.0 km/h
2026-10-08 19:41:28 [INFO]   ✓ hyderabad / Punjagutta Crossing — CI=0.500  speed=15.0/30.0 km/h
2026-10-08 19:41:29 [INFO]   ✓ chennai / OMR Tidel Park — CI=0.367  speed=19.0/30.0 km/h
2026-10-08 19:41:29 [INFO]   ✓ chennai / Kathipara Junction Guindy — CI=0.781  speed=7.0/32.0 km/h
2026-10-08 19:41:30 [INFO]   ✓ chennai / Anna Nagar Roundtana — CI=0.346  speed=17.0/26.0 km/h
2026-10-08 19:41:32 [INFO]   ✓ kolkata / EM Bypass Science City — CI=0.262  speed=31.0/42.0 km/h
2026-10-08 19:41:33 [INFO]   ✓ kolkata / Park Circus 7-Point Crossing — CI=0.333  speed=32.0/48.0 km/h
2026-10-08 19:41:33 [INFO]   ✓ kolkata / Sector V Salt Lake — CI=0.000  speed=22.0/22.0 km/h
2026-10-08 19:41:34 [INFO]   ✓ ahmedabad / SG Highway ISKCON Cross Road — CI=0.378  speed=23.0/37.0 km/h
2026-10-08 19:41:35 [INFO]   ✓ ahmedabad / Ashram Road Income Tax Circle — CI=0.179  speed=32.0/39.0 km/h
2026-10-08 19:41:35 [INFO]   ✓ jaipur / JLN Marg Jawahar Circle — CI=0.163  speed=36.0/43.0 km/h
2026-10-08 19:41:36 [INFO]   ✓ jaipur / Ajmer Road 200 Feet Bypass — CI=0.306  speed=25.0/36.0 km/h
2026-10-08 19:41:37 [INFO]   ✓ kochi / Edappally Toll Junction — CI=0.000  speed=20.0/20.0 km/h
2026-10-08 19:41:38 [INFO]   ✓ lucknow / Hazratganj Crossing — CI=0.345  speed=19.0/29.0 km/h
2026-10-08 19:41:38 [INFO]   → Saved 184 records to C:\Users\albus\projects\traffic_congession\data\telemetry\city=ahmedabad\2026-10-08.parquet
2026-10-08 19:41:38 [INFO]   → Saved 389 records to C:\Users\albus\projects\traffic_congession\data\telemetry\city=bengaluru\2026-10-08.parquet
2026-10-08 19:41:38 [INFO]   → Saved 276 records to C:\Users\albus\projects\traffic_congession\data\telemetry\city=chennai\2026-10-08.parquet
2026-10-08 19:41:38 [INFO]   → Saved 389 records to C:\Users\albus\projects\traffic_congession\data\telemetry\city=delhi\2026-10-08.parquet
2026-10-08 19:41:38 [INFO]   → Saved 276 records to C:\Users\albus\projects\traffic_congession\data\telemetry\city=hyderabad\2026-10-08.parquet
2026-10-08 19:41:38 [INFO]   → Saved 184 records to C:\Users\albus\projects\traffic_congession\data\telemetry\city=jaipur\2026-10-08.parquet
2026-10-08 19:41:38 [INFO]   → Saved 92 records to C:\Users\albus\projects\traffic_congession\data\telemetry\city=kochi\2026-10-08.parquet
2026-10-08 19:41:38 [INFO]   → Saved 276 records to C:\Users\albus\projects\traffic_congession\data\telemetry\city=kolkata\2026-10-08.parquet
2026-10-08 19:41:38 [INFO]   → Saved 92 records to C:\Users\albus\projects\traffic_congession\data\telemetry\city=lucknow\2026-10-08.parquet
2026-10-08 19:41:38 [INFO]   → Saved 389 records to C:\Users\albus\projects\traffic_congession\data\telemetry\city=mumbai\2026-10-08.parquet
2026-10-08 19:41:38 [INFO]   → Saved 289 records to C:\Users\albus\projects\traffic_congession\data\telemetry\city=pune\2026-10-08.parquet
2026-10-08 19:41:38 [INFO] Next batch in 5 minutes. Sleeping...
2026-10-08 19:46:38 [INFO] --- Batch start at 19:46:38 ---
2026-10-08 19:46:39 [INFO]   ✓ bengaluru / Silk Board Junction — CI=0.195  speed=33.0/41.0 km/h
2026-10-08 19:46:40 [INFO]   ✓ bengaluru / Marathahalli Bridge — CI=0.314  speed=24.0/35.0 km/h
2026-10-08 19:46:40 [INFO]   ✓ bengaluru / Whitefield Road — CI=0.237  speed=29.0/38.0 km/h
2026-10-08 19:46:41 [INFO]   ✓ bengaluru / Hebbal Flyover — CI=0.308  speed=18.0/26.0 km/h
2026-10-08 19:46:42 [INFO]   ✓ mumbai / Western Express Highway Andheri — CI=0.333  speed=14.0/21.0 km/h
2026-10-08 19:46:43 [INFO]   ✓ mumbai / Eastern Freeway Sewri — CI=0.000  speed=26.0/26.0 km/h
2026-10-08 19:46:43 [INFO]   ✓ mumbai / BKC Bandra Kurla Complex — CI=0.185  speed=22.0/27.0 km/h
2026-10-08 19:46:44 [INFO]   ✓ mumbai / Sion Circle — CI=0.682  speed=7.0/22.0 km/h
2026-10-08 19:46:45 [INFO]   ✓ delhi / Ring Road AIIMS — CI=0.419  speed=18.0/31.0 km/h
2026-10-08 19:46:46 [INFO]   ✓ delhi / DND Flyway Noida Entry — CI=0.366  speed=26.0/41.0 km/h
2026-10-08 19:46:46 [INFO]   ✓ delhi / Cyber City Gurgaon — CI=0.205  speed=35.0/44.0 km/h
2026-10-08 19:46:47 [INFO]   ✓ delhi / ITO Junction — CI=0.481  speed=14.0/27.0 km/h
2026-10-08 19:46:48 [INFO]   ✓ pune / Hinjawadi Phase 1 — CI=0.300  speed=21.0/30.0 km/h
2026-10-08 19:46:49 [INFO]   ✓ pune / FC Road Shivajinagar — CI=0.364  speed=14.0/22.0 km/h
2026-10-08 19:46:51 [INFO]   ✓ pune / Magarpatta City Hadapsar — CI=0.000  speed=31.0/31.0 km/h
2026-10-08 19:46:51 [INFO]   ✓ hyderabad / Hitec City Cyber Towers — CI=0.188  speed=26.0/32.0 km/h
2026-10-08 19:46:52 [INFO]   ✓ hyderabad / Gachibowli Junction — CI=0.229  speed=27.0/35.0 km/h
2026-10-08 19:46:53 [INFO]   ✓ hyderabad / Punjagutta Crossing — CI=0.516  speed=15.0/31.0 km/h
2026-10-08 19:46:53 [INFO]   ✓ chennai / OMR Tidel Park — CI=0.400  speed=18.0/30.0 km/h
2026-10-08 19:46:54 [INFO]   ✓ chennai / Kathipara Junction Guindy — CI=0.781  speed=7.0/32.0 km/h
2026-10-08 19:46:55 [INFO]   ✓ chennai / Anna Nagar Roundtana — CI=0.346  speed=17.0/26.0 km/h
2026-10-08 19:46:55 [INFO]   ✓ kolkata / EM Bypass Science City — CI=0.262  speed=31.0/42.0 km/h
2026-10-08 19:46:56 [INFO]   ✓ kolkata / Park Circus 7-Point Crossing — CI=0.362  speed=30.0/47.0 km/h
2026-10-08 19:46:57 [INFO]   ✓ kolkata / Sector V Salt Lake — CI=0.000  speed=22.0/22.0 km/h
2026-10-08 19:46:57 [INFO]   ✓ ahmedabad / SG Highway ISKCON Cross Road — CI=0.306  speed=25.0/36.0 km/h
2026-10-08 19:46:58 [INFO]   ✓ ahmedabad / Ashram Road Income Tax Circle — CI=0.179  speed=32.0/39.0 km/h
2026-10-08 19:46:59 [INFO]   ✓ jaipur / JLN Marg Jawahar Circle — CI=0.186  speed=35.0/43.0 km/h
2026-10-08 19:46:59 [INFO]   ✓ jaipur / Ajmer Road 200 Feet Bypass — CI=0.333  speed=24.0/36.0 km/h
2026-10-08 19:47:00 [INFO]   ✓ kochi / Edappally Toll Junction — CI=0.000  speed=20.0/20.0 km/h
2026-10-08 19:47:01 [INFO]   ✓ lucknow / Hazratganj Crossing — CI=0.379  speed=18.0/29.0 km/h
2026-10-08 19:47:01 [INFO]   → Saved 186 records to C:\Users\albus\projects\traffic_congession\data\telemetry\city=ahmedabad\2026-10-08.parquet
2026-10-08 19:47:01 [INFO]   → Saved 393 records to C:\Users\albus\projects\traffic_congession\data\telemetry\city=bengaluru\2026-10-08.parquet
2026-10-08 19:47:01 [INFO]   → Saved 279 records to C:\Users\albus\projects\traffic_congession\data\telemetry\city=chennai\2026-10-08.parquet
2026-10-08 19:47:01 [INFO]   → Saved 393 records to C:\Users\albus\projects\traffic_congession\data\telemetry\city=delhi\2026-10-08.parquet
2026-10-08 19:47:01 [INFO]   → Saved 279 records to C:\Users\albus\projects\traffic_congession\data\telemetry\city=hyderabad\2026-10-08.parquet
2026-10-08 19:47:01 [INFO]   → Saved 186 records to C:\Users\albus\projects\traffic_congession\data\telemetry\city=jaipur\2026-10-08.parquet
2026-10-08 19:47:01 [INFO]   → Saved 93 records to C:\Users\albus\projects\traffic_congession\data\telemetry\city=kochi\2026-10-08.parquet
2026-10-08 19:47:01 [INFO]   → Saved 279 records to C:\Users\albus\projects\traffic_congession\data\telemetry\city=kolkata\2026-10-08.parquet
2026-10-08 19:47:01 [INFO]   → Saved 93 records to C:\Users\albus\projects\traffic_congession\data\telemetry\city=lucknow\2026-10-08.parquet
2026-10-08 19:47:01 [INFO]   → Saved 393 records to C:\Users\albus\projects\traffic_congession\data\telemetry\city=mumbai\2026-10-08.parquet
2026-10-08 19:47:01 [INFO]   → Saved 292 records to C:\Users\albus\projects\traffic_congession\data\telemetry\city=pune\2026-10-08.parquet
2026-10-08 19:47:01 [INFO] Next batch in 5 minutes. Sleeping...
2026-10-08 19:52:01 [INFO] --- Batch start at 19:52:01 ---
2026-10-08 19:52:02 [INFO]   ✓ bengaluru / Silk Board Junction — CI=0.000  speed=42.0/42.0 km/h
2026-10-08 19:52:03 [INFO]   ✓ bengaluru / Marathahalli Bridge — CI=0.343  speed=23.0/35.0 km/h
2026-10-08 19:52:03 [INFO]   ✓ bengaluru / Whitefield Road — CI=0.237  speed=29.0/38.0 km/h
2026-10-08 19:52:04 [INFO]   ✓ bengaluru / Hebbal Flyover — CI=0.269  speed=19.0/26.0 km/h
2026-10-08 19:52:05 [INFO]   ✓ mumbai / Western Express Highway Andheri — CI=0.455  speed=12.0/22.0 km/h
2026-10-08 19:52:06 [INFO]   ✓ mumbai / Eastern Freeway Sewri — CI=0.080  speed=23.0/25.0 km/h
2026-10-08 19:52:06 [INFO]   ✓ mumbai / BKC Bandra Kurla Complex — CI=0.250  speed=21.0/28.0 km/h
2026-10-08 19:52:07 [INFO]   ✓ mumbai / Sion Circle — CI=0.667  speed=6.0/18.0 km/h
2026-10-08 19:52:08 [INFO]   ✓ delhi / Ring Road AIIMS — CI=0.452  speed=17.0/31.0 km/h
2026-10-08 19:52:09 [INFO]   ✓ delhi / DND Flyway Noida Entry — CI=0.366  speed=26.0/41.0 km/h
2026-10-08 19:52:09 [INFO]   ✓ delhi / Cyber City Gurgaon — CI=0.311  speed=31.0/45.0 km/h
2026-10-08 19:52:10 [INFO]   ✓ delhi / ITO Junction — CI=0.444  speed=15.0/27.0 km/h
2026-10-08 19:52:11 [INFO]   ✓ pune / Hinjawadi Phase 1 — CI=0.267  speed=22.0/30.0 km/h
2026-10-08 19:52:12 [INFO]   ✓ pune / FC Road Shivajinagar — CI=0.286  speed=15.0/21.0 km/h
2026-10-08 19:52:12 [INFO]   ✓ pune / Magarpatta City Hadapsar — CI=0.000  speed=31.0/31.0 km/h
2026-10-08 19:52:13 [INFO]   ✓ hyderabad / Hitec City Cyber Towers — CI=0.161  speed=26.0/31.0 km/h
2026-10-08 19:52:14 [INFO]   ✓ hyderabad / Gachibowli Junction — CI=0.222  speed=28.0/36.0 km/h
2026-10-08 19:52:14 [INFO]   ✓ hyderabad / Punjagutta Crossing — CI=0.500  speed=15.0/30.0 km/h
2026-10-08 19:52:15 [INFO]   ✓ chennai / OMR Tidel Park — CI=0.345  speed=19.0/29.0 km/h
2026-10-08 19:52:16 [INFO]   ✓ chennai / Kathipara Junction Guindy — CI=0.767  speed=7.0/30.0 km/h
2026-10-08 19:52:17 [INFO]   ✓ chennai / Anna Nagar Roundtana — CI=0.296  speed=19.0/27.0 km/h
2026-10-08 19:52:17 [INFO]   ✓ kolkata / EM Bypass Science City — CI=0.256  speed=32.0/43.0 km/h
2026-10-08 19:52:18 [INFO]   ✓ kolkata / Park Circus 7-Point Crossing — CI=0.370  speed=29.0/46.0 km/h
2026-10-08 19:52:19 [INFO]   ✓ kolkata / Sector V Salt Lake — CI=0.000  speed=22.0/22.0 km/h
2026-10-08 19:52:19 [INFO]   ✓ ahmedabad / SG Highway ISKCON Cross Road — CI=0.278  speed=26.0/36.0 km/h
2026-10-08 19:52:20 [INFO]   ✓ ahmedabad / Ashram Road Income Tax Circle — CI=0.225  speed=31.0/40.0 km/h
2026-10-08 19:52:21 [INFO]   ✓ jaipur / JLN Marg Jawahar Circle — CI=0.256  speed=32.0/43.0 km/h
2026-10-08 19:52:22 [INFO]   ✓ jaipur / Ajmer Road 200 Feet Bypass — CI=0.229  speed=27.0/35.0 km/h
2026-10-08 19:52:22 [INFO]   ✓ kochi / Edappally Toll Junction — CI=0.000  speed=20.0/20.0 km/h
2026-10-08 19:52:23 [INFO]   ✓ lucknow / Hazratganj Crossing — CI=0.345  speed=19.0/29.0 km/h
2026-10-08 19:52:23 [INFO]   → Saved 188 records to C:\Users\albus\projects\traffic_congession\data\telemetry\city=ahmedabad\2026-10-08.parquet
2026-10-08 19:52:23 [INFO]   → Saved 397 records to C:\Users\albus\projects\traffic_congession\data\telemetry\city=bengaluru\2026-10-08.parquet
2026-10-08 19:52:23 [INFO]   → Saved 282 records to C:\Users\albus\projects\traffic_congession\data\telemetry\city=chennai\2026-10-08.parquet
2026-10-08 19:52:23 [INFO]   → Saved 397 records to C:\Users\albus\projects\traffic_congession\data\telemetry\city=delhi\2026-10-08.parquet
2026-10-08 19:52:23 [INFO]   → Saved 282 records to C:\Users\albus\projects\traffic_congession\data\telemetry\city=hyderabad\2026-10-08.parquet
2026-10-08 19:52:23 [INFO]   → Saved 188 records to C:\Users\albus\projects\traffic_congession\data\telemetry\city=jaipur\2026-10-08.parquet
2026-10-08 19:52:23 [INFO]   → Saved 94 records to C:\Users\albus\projects\traffic_congession\data\telemetry\city=kochi\2026-10-08.parquet
2026-10-08 19:52:23 [INFO]   → Saved 282 records to C:\Users\albus\projects\traffic_congession\data\telemetry\city=kolkata\2026-10-08.parquet
2026-10-08 19:52:23 [INFO]   → Saved 94 records to C:\Users\albus\projects\traffic_congession\data\telemetry\city=lucknow\2026-10-08.parquet
2026-10-08 19:52:23 [INFO]   → Saved 397 records to C:\Users\albus\projects\traffic_congession\data\telemetry\city=mumbai\2026-10-08.parquet
2026-10-08 19:52:23 [INFO]   → Saved 295 records to C:\Users\albus\projects\traffic_congession\data\telemetry\city=pune\2026-10-08.parquet
2026-10-08 19:52:23 [INFO] Next batch in 5 minutes. Sleeping...
2026-10-08 19:57:23 [INFO] --- Batch start at 19:57:23 ---
2026-10-08 19:57:24 [INFO]   ✓ bengaluru / Silk Board Junction — CI=0.000  speed=42.0/42.0 km/h
2026-10-08 19:57:25 [INFO]   ✓ bengaluru / Marathahalli Bridge — CI=0.314  speed=24.0/35.0 km/h
2026-10-08 19:57:26 [INFO]   ✓ bengaluru / Whitefield Road — CI=0.243  speed=28.0/37.0 km/h
2026-10-08 19:57:27 [INFO]   ✓ bengaluru / Hebbal Flyover — CI=0.231  speed=20.0/26.0 km/h
2026-10-08 19:57:28 [INFO]   ✓ mumbai / Western Express Highway Andheri — CI=0.381  speed=13.0/21.0 km/h
2026-10-08 19:57:28 [INFO]   ✓ mumbai / Eastern Freeway Sewri — CI=0.080  speed=23.0/25.0 km/h
2026-10-08 19:57:29 [INFO]   ✓ mumbai / BKC Bandra Kurla Complex — CI=0.250  speed=21.0/28.0 km/h
2026-10-08 19:57:30 [INFO]   ✓ mumbai / Sion Circle — CI=0.818  speed=4.0/22.0 km/h
2026-10-08 19:57:31 [INFO]   ✓ delhi / Ring Road AIIMS — CI=0.469  speed=17.0/32.0 km/h
2026-10-08 19:57:31 [INFO]   ✓ delhi / DND Flyway Noida Entry — CI=0.366  speed=26.0/41.0 km/h
2026-10-08 19:57:32 [INFO]   ✓ delhi / Cyber City Gurgaon — CI=0.227  speed=34.0/44.0 km/h
2026-10-08 19:57:33 [INFO]   ✓ delhi / ITO Junction — CI=0.423  speed=15.0/26.0 km/h
2026-10-08 19:57:34 [INFO]   ✓ pune / Hinjawadi Phase 1 — CI=0.267  speed=22.0/30.0 km/h
2026-10-08 19:57:34 [INFO]   ✓ pune / FC Road Shivajinagar — CI=0.238  speed=16.0/21.0 km/h
2026-10-08 19:57:35 [INFO]   ✓ pune / Magarpatta City Hadapsar — CI=0.000  speed=31.0/31.0 km/h
2026-10-08 19:57:36 [INFO]   ✓ hyderabad / Hitec City Cyber Towers — CI=0.226  speed=24.0/31.0 km/h
2026-10-08 19:57:37 [INFO]   ✓ hyderabad / Gachibowli Junction — CI=0.171  speed=29.0/35.0 km/h
2026-10-08 19:57:37 [INFO]   ✓ hyderabad / Punjagutta Crossing — CI=0.452  speed=17.0/31.0 km/h
2026-10-08 19:57:38 [INFO]   ✓ chennai / OMR Tidel Park — CI=0.400  speed=18.0/30.0 km/h
2026-10-08 19:57:39 [INFO]   ✓ chennai / Kathipara Junction Guindy — CI=0.767  speed=7.0/30.0 km/h
2026-10-08 19:57:39 [INFO]   ✓ chennai / Anna Nagar Roundtana — CI=0.308  speed=18.0/26.0 km/h
2026-10-08 19:57:41 [INFO]   ✓ kolkata / EM Bypass Science City — CI=0.256  speed=32.0/43.0 km/h
2026-10-08 19:57:41 [INFO]   ✓ kolkata / Park Circus 7-Point Crossing — CI=0.312  speed=33.0/48.0 km/h
2026-10-08 19:57:42 [INFO]   ✓ kolkata / Sector V Salt Lake — CI=0.000  speed=22.0/22.0 km/h
2026-10-08 19:57:43 [INFO]   ✓ ahmedabad / SG Highway ISKCON Cross Road — CI=0.306  speed=25.0/36.0 km/h
2026-10-08 19:57:44 [INFO]   ✓ ahmedabad / Ashram Road Income Tax Circle — CI=0.179  speed=32.0/39.0 km/h
2026-10-08 19:57:44 [INFO]   ✓ jaipur / JLN Marg Jawahar Circle — CI=0.233  speed=33.0/43.0 km/h
2026-10-08 19:57:45 [INFO]   ✓ jaipur / Ajmer Road 200 Feet Bypass — CI=0.167  speed=30.0/36.0 km/h
2026-10-08 19:57:45 [INFO]   ✓ kochi / Edappally Toll Junction — CI=0.000  speed=20.0/20.0 km/h
2026-10-08 19:57:46 [INFO]   ✓ lucknow / Hazratganj Crossing — CI=0.310  speed=20.0/29.0 km/h
2026-10-08 19:57:46 [INFO]   → Saved 190 records to C:\Users\albus\projects\traffic_congession\data\telemetry\city=ahmedabad\2026-10-08.parquet
2026-10-08 19:57:46 [INFO]   → Saved 401 records to C:\Users\albus\projects\traffic_congession\data\telemetry\city=bengaluru\2026-10-08.parquet
2026-10-08 19:57:47 [INFO]   → Saved 285 records to C:\Users\albus\projects\traffic_congession\data\telemetry\city=chennai\2026-10-08.parquet
2026-10-08 19:57:47 [INFO]   → Saved 401 records to C:\Users\albus\projects\traffic_congession\data\telemetry\city=delhi\2026-10-08.parquet
2026-10-08 19:57:47 [INFO]   → Saved 285 records to C:\Users\albus\projects\traffic_congession\data\telemetry\city=hyderabad\2026-10-08.parquet
2026-10-08 19:57:47 [INFO]   → Saved 190 records to C:\Users\albus\projects\traffic_congession\data\telemetry\city=jaipur\2026-10-08.parquet
2026-10-08 19:57:47 [INFO]   → Saved 95 records to C:\Users\albus\projects\traffic_congession\data\telemetry\city=kochi\2026-10-08.parquet
2026-10-08 19:57:47 [INFO]   → Saved 285 records to C:\Users\albus\projects\traffic_congession\data\telemetry\city=kolkata\2026-10-08.parquet
2026-10-08 19:57:47 [INFO]   → Saved 95 records to C:\Users\albus\projects\traffic_congession\data\telemetry\city=lucknow\2026-10-08.parquet
2026-10-08 19:57:47 [INFO]   → Saved 401 records to C:\Users\albus\projects\traffic_congession\data\telemetry\city=mumbai\2026-10-08.parquet
2026-10-08 19:57:47 [INFO]   → Saved 298 records to C:\Users\albus\projects\traffic_congession\data\telemetry\city=pune\2026-10-08.parquet
2026-10-08 19:57:47 [INFO] Next batch in 5 minutes. Sleeping...
2026-10-08 20:02:47 [INFO] --- Batch start at 20:02:47 ---
2026-10-08 20:02:48 [INFO]   ✓ bengaluru / Silk Board Junction — CI=0.000  speed=42.0/42.0 km/h
2026-10-08 20:02:49 [INFO]   ✓ bengaluru / Marathahalli Bridge — CI=0.286  speed=25.0/35.0 km/h
2026-10-08 20:02:49 [INFO]   ✓ bengaluru / Whitefield Road — CI=0.243  speed=28.0/37.0 km/h
2026-10-08 20:02:50 [INFO]   ✓ bengaluru / Hebbal Flyover — CI=0.269  speed=19.0/26.0 km/h
2026-10-08 20:02:51 [INFO]   ✓ mumbai / Western Express Highway Andheri — CI=0.364  speed=14.0/22.0 km/h
2026-10-08 20:02:52 [INFO]   ✓ mumbai / Eastern Freeway Sewri — CI=0.115  speed=23.0/26.0 km/h
2026-10-08 20:02:52 [INFO]   ✓ mumbai / BKC Bandra Kurla Complex — CI=0.414  speed=17.0/29.0 km/h
2026-10-08 20:02:53 [INFO]   ✓ mumbai / Sion Circle — CI=0.706  speed=5.0/17.0 km/h
2026-10-08 20:02:54 [INFO]   ✓ delhi / Ring Road AIIMS — CI=0.419  speed=18.0/31.0 km/h
2026-10-08 20:02:55 [INFO]   ✓ delhi / DND Flyway Noida Entry — CI=0.390  speed=25.0/41.0 km/h
2026-10-08 20:02:56 [INFO]   ✓ delhi / Cyber City Gurgaon — CI=0.250  speed=33.0/44.0 km/h
2026-10-08 20:02:56 [INFO]   ✓ delhi / ITO Junction — CI=0.462  speed=14.0/26.0 km/h
2026-10-08 20:02:57 [INFO]   ✓ pune / Hinjawadi Phase 1 — CI=0.267  speed=22.0/30.0 km/h
2026-10-08 20:02:58 [INFO]   ✓ pune / FC Road Shivajinagar — CI=0.190  speed=17.0/21.0 km/h
2026-10-08 20:02:59 [INFO]   ✓ pune / Magarpatta City Hadapsar — CI=0.000  speed=31.0/31.0 km/h
2026-10-08 20:02:59 [INFO]   ✓ hyderabad / Hitec City Cyber Towers — CI=0.258  speed=23.0/31.0 km/h
2026-10-08 20:03:00 [INFO]   ✓ hyderabad / Gachibowli Junction — CI=0.229  speed=27.0/35.0 km/h
2026-10-08 20:03:01 [INFO]   ✓ hyderabad / Punjagutta Crossing — CI=0.533  speed=14.0/30.0 km/h
2026-10-08 20:03:02 [INFO]   ✓ chennai / OMR Tidel Park — CI=0.367  speed=19.0/30.0 km/h
2026-10-08 20:03:02 [INFO]   ✓ chennai / Kathipara Junction Guindy — CI=0.688  speed=10.0/32.0 km/h
2026-10-08 20:03:03 [INFO]   ✓ chennai / Anna Nagar Roundtana — CI=0.269  speed=19.0/26.0 km/h
2026-10-08 20:03:04 [INFO]   ✓ kolkata / EM Bypass Science City — CI=0.233  speed=33.0/43.0 km/h
2026-10-08 20:03:04 [INFO]   ✓ kolkata / Park Circus 7-Point Crossing — CI=0.298  speed=33.0/47.0 km/h
2026-10-08 20:03:05 [INFO]   ✓ kolkata / Sector V Salt Lake — CI=0.000  speed=22.0/22.0 km/h
2026-10-08 20:03:06 [INFO]   ✓ ahmedabad / SG Highway ISKCON Cross Road — CI=0.278  speed=26.0/36.0 km/h
2026-10-08 20:03:06 [INFO]   ✓ ahmedabad / Ashram Road Income Tax Circle — CI=0.179  speed=32.0/39.0 km/h
2026-10-08 20:03:07 [INFO]   ✓ jaipur / JLN Marg Jawahar Circle — CI=0.209  speed=34.0/43.0 km/h
2026-10-08 20:03:08 [INFO]   ✓ jaipur / Ajmer Road 200 Feet Bypass — CI=0.167  speed=30.0/36.0 km/h
2026-10-08 20:03:09 [INFO]   ✓ kochi / Edappally Toll Junction — CI=0.158  speed=16.0/19.0 km/h
2026-10-08 20:03:10 [INFO]   ✓ lucknow / Hazratganj Crossing — CI=0.310  speed=20.0/29.0 km/h
2026-10-08 20:03:10 [INFO]   → Saved 192 records to C:\Users\albus\projects\traffic_congession\data\telemetry\city=ahmedabad\2026-10-08.parquet
2026-10-08 20:03:10 [INFO]   → Saved 405 records to C:\Users\albus\projects\traffic_congession\data\telemetry\city=bengaluru\2026-10-08.parquet
2026-10-08 20:03:10 [INFO]   → Saved 288 records to C:\Users\albus\projects\traffic_congession\data\telemetry\city=chennai\2026-10-08.parquet
2026-10-08 20:03:10 [INFO]   → Saved 405 records to C:\Users\albus\projects\traffic_congession\data\telemetry\city=delhi\2026-10-08.parquet
2026-10-08 20:03:10 [INFO]   → Saved 288 records to C:\Users\albus\projects\traffic_congession\data\telemetry\city=hyderabad\2026-10-08.parquet
2026-10-08 20:03:10 [INFO]   → Saved 192 records to C:\Users\albus\projects\traffic_congession\data\telemetry\city=jaipur\2026-10-08.parquet
2026-10-08 20:03:10 [INFO]   → Saved 96 records to C:\Users\albus\projects\traffic_congession\data\telemetry\city=kochi\2026-10-08.parquet
2026-10-08 20:03:10 [INFO]   → Saved 288 records to C:\Users\albus\projects\traffic_congession\data\telemetry\city=kolkata\2026-10-08.parquet
2026-10-08 20:03:10 [INFO]   → Saved 96 records to C:\Users\albus\projects\traffic_congession\data\telemetry\city=lucknow\2026-10-08.parquet
2026-10-08 20:03:10 [INFO]   → Saved 405 records to C:\Users\albus\projects\traffic_congession\data\telemetry\city=mumbai\2026-10-08.parquet
2026-10-08 20:03:10 [INFO]   → Saved 301 records to C:\Users\albus\projects\traffic_congession\data\telemetry\city=pune\2026-10-08.parquet
2026-10-08 20:03:10 [INFO] Next batch in 5 minutes. Sleeping...
2026-10-08 20:08:10 [INFO] --- Batch start at 20:08:10 ---
2026-10-08 20:08:10 [INFO]   ✓ bengaluru / Silk Board Junction — CI=0.293  speed=29.0/41.0 km/h
2026-10-08 20:08:11 [INFO]   ✓ bengaluru / Marathahalli Bridge — CI=0.314  speed=24.0/35.0 km/h
2026-10-08 20:08:12 [INFO]   ✓ bengaluru / Whitefield Road — CI=0.243  speed=28.0/37.0 km/h
2026-10-08 20:08:16 [INFO]   ✓ bengaluru / Hebbal Flyover — CI=0.269  speed=19.0/26.0 km/h
2026-10-08 20:08:17 [INFO]   ✓ mumbai / Western Express Highway Andheri — CI=0.364  speed=14.0/22.0 km/h
2026-10-08 20:08:18 [INFO]   ✓ mumbai / Eastern Freeway Sewri — CI=0.000  speed=26.0/26.0 km/h
2026-10-08 20:08:18 [INFO]   ✓ mumbai / BKC Bandra Kurla Complex — CI=0.500  speed=14.0/28.0 km/h
2026-10-08 20:08:19 [INFO]   ✓ mumbai / Sion Circle — CI=0.650  speed=7.0/20.0 km/h
2026-10-08 20:08:20 [INFO]   ✓ delhi / Ring Road AIIMS — CI=0.323  speed=21.0/31.0 km/h
2026-10-08 20:08:21 [INFO]   ✓ delhi / DND Flyway Noida Entry — CI=0.341  speed=27.0/41.0 km/h
2026-10-08 20:08:21 [INFO]   ✓ delhi / Cyber City Gurgaon — CI=0.227  speed=34.0/44.0 km/h
2026-10-08 20:08:22 [INFO]   ✓ delhi / ITO Junction — CI=0.481  speed=14.0/27.0 km/h
2026-10-08 20:08:23 [INFO]   ✓ pune / Hinjawadi Phase 1 — CI=0.233  speed=23.0/30.0 km/h
2026-10-08 20:08:24 [INFO]   ✓ pune / FC Road Shivajinagar — CI=0.227  speed=17.0/22.0 km/h
2026-10-08 20:08:25 [INFO]   ✓ pune / Magarpatta City Hadapsar — CI=0.000  speed=31.0/31.0 km/h
2026-10-08 20:08:25 [INFO]   ✓ hyderabad / Hitec City Cyber Towers — CI=0.194  speed=25.0/31.0 km/h
2026-10-08 20:08:26 [INFO]   ✓ hyderabad / Gachibowli Junction — CI=0.250  speed=27.0/36.0 km/h
2026-10-08 20:08:27 [INFO]   ✓ hyderabad / Punjagutta Crossing — CI=0.452  speed=17.0/31.0 km/h
2026-10-08 20:08:27 [INFO]   ✓ chennai / OMR Tidel Park — CI=0.367  speed=19.0/30.0 km/h
2026-10-08 20:08:28 [INFO]   ✓ chennai / Kathipara Junction Guindy — CI=0.710  speed=9.0/31.0 km/h
2026-10-08 20:08:28 [INFO]   ✓ chennai / Anna Nagar Roundtana — CI=0.231  speed=20.0/26.0 km/h
2026-10-08 20:08:29 [INFO]   ✓ kolkata / EM Bypass Science City — CI=0.209  speed=34.0/43.0 km/h
2026-10-08 20:08:30 [INFO]   ✓ kolkata / Park Circus 7-Point Crossing — CI=0.333  speed=32.0/48.0 km/h
2026-10-08 20:08:31 [INFO]   ✓ kolkata / Sector V Salt Lake — CI=0.000  speed=22.0/22.0 km/h
2026-10-08 20:08:31 [INFO]   ✓ ahmedabad / SG Highway ISKCON Cross Road — CI=0.278  speed=26.0/36.0 km/h
2026-10-08 20:08:32 [INFO]   ✓ ahmedabad / Ashram Road Income Tax Circle — CI=0.211  speed=30.0/38.0 km/h
2026-10-08 20:08:33 [INFO]   ✓ jaipur / JLN Marg Jawahar Circle — CI=0.273  speed=32.0/44.0 km/h
2026-10-08 20:08:33 [INFO]   ✓ jaipur / Ajmer Road 200 Feet Bypass — CI=0.194  speed=29.0/36.0 km/h
2026-10-08 20:08:34 [INFO]   ✓ kochi / Edappally Toll Junction — CI=0.000  speed=20.0/20.0 km/h
2026-10-08 20:08:35 [INFO]   ✓ lucknow / Hazratganj Crossing — CI=0.367  speed=19.0/30.0 km/h
2026-10-08 20:08:35 [INFO]   → Saved 194 records to C:\Users\albus\projects\traffic_congession\data\telemetry\city=ahmedabad\2026-10-08.parquet
2026-10-08 20:08:35 [INFO]   → Saved 409 records to C:\Users\albus\projects\traffic_congession\data\telemetry\city=bengaluru\2026-10-08.parquet
2026-10-08 20:08:35 [INFO]   → Saved 291 records to C:\Users\albus\projects\traffic_congession\data\telemetry\city=chennai\2026-10-08.parquet
2026-10-08 20:08:35 [INFO]   → Saved 409 records to C:\Users\albus\projects\traffic_congession\data\telemetry\city=delhi\2026-10-08.parquet
2026-10-08 20:08:35 [INFO]   → Saved 291 records to C:\Users\albus\projects\traffic_congession\data\telemetry\city=hyderabad\2026-10-08.parquet
2026-10-08 20:08:35 [INFO]   → Saved 194 records to C:\Users\albus\projects\traffic_congession\data\telemetry\city=jaipur\2026-10-08.parquet
2026-10-08 20:08:35 [INFO]   → Saved 97 records to C:\Users\albus\projects\traffic_congession\data\telemetry\city=kochi\2026-10-08.parquet
2026-10-08 20:08:35 [INFO]   → Saved 291 records to C:\Users\albus\projects\traffic_congession\data\telemetry\city=kolkata\2026-10-08.parquet
2026-10-08 20:08:35 [INFO]   → Saved 97 records to C:\Users\albus\projects\traffic_congession\data\telemetry\city=lucknow\2026-10-08.parquet
2026-10-08 20:08:35 [INFO]   → Saved 409 records to C:\Users\albus\projects\traffic_congession\data\telemetry\city=mumbai\2026-10-08.parquet
2026-10-08 20:08:35 [INFO]   → Saved 304 records to C:\Users\albus\projects\traffic_congession\data\telemetry\city=pune\2026-10-08.parquet
2026-10-08 20:08:35 [INFO] Next batch in 5 minutes. Sleeping...
2026-10-08 20:13:35 [INFO] --- Batch start at 20:13:35 ---
2026-10-08 20:13:36 [INFO]   ✓ bengaluru / Silk Board Junction — CI=0.000  speed=42.0/42.0 km/h
2026-10-08 20:13:37 [INFO]   ✓ bengaluru / Marathahalli Bridge — CI=0.286  speed=25.0/35.0 km/h
2026-10-08 20:13:37 [INFO]   ✓ bengaluru / Whitefield Road — CI=0.237  speed=29.0/38.0 km/h
2026-10-08 20:13:38 [INFO]   ✓ bengaluru / Hebbal Flyover — CI=0.269  speed=19.0/26.0 km/h
2026-10-08 20:13:39 [INFO]   ✓ mumbai / Western Express Highway Andheri — CI=0.364  speed=14.0/22.0 km/h
2026-10-08 20:13:40 [INFO]   ✓ mumbai / Eastern Freeway Sewri — CI=0.000  speed=26.0/26.0 km/h
2026-10-08 20:13:41 [INFO]   ✓ mumbai / BKC Bandra Kurla Complex — CI=0.517  speed=14.0/29.0 km/h
2026-10-08 20:13:41 [INFO]   ✓ mumbai / Sion Circle — CI=0.579  speed=8.0/19.0 km/h
2026-10-08 20:13:42 [INFO]   ✓ delhi / Ring Road AIIMS — CI=0.355  speed=20.0/31.0 km/h
2026-10-08 20:13:43 [INFO]   ✓ delhi / DND Flyway Noida Entry — CI=0.341  speed=27.0/41.0 km/h
2026-10-08 20:13:44 [INFO]   ✓ delhi / Cyber City Gurgaon — CI=0.200  speed=36.0/45.0 km/h
2026-10-08 20:13:45 [INFO]   ✓ delhi / ITO Junction — CI=0.500  speed=13.0/26.0 km/h
2026-10-08 20:13:46 [INFO]   ✓ pune / Hinjawadi Phase 1 — CI=0.267  speed=22.0/30.0 km/h
2026-10-08 20:13:46 [INFO]   ✓ pune / FC Road Shivajinagar — CI=0.238  speed=16.0/21.0 km/h
2026-10-08 20:13:47 [INFO]   ✓ pune / Magarpatta City Hadapsar — CI=0.000  speed=31.0/31.0 km/h
2026-10-08 20:13:47 [INFO]   ✓ hyderabad / Hitec City Cyber Towers — CI=0.000  speed=31.0/31.0 km/h
2026-10-08 20:13:48 [INFO]   ✓ hyderabad / Gachibowli Junction — CI=0.222  speed=28.0/36.0 km/h
2026-10-08 20:13:49 [INFO]   ✓ hyderabad / Punjagutta Crossing — CI=0.484  speed=16.0/31.0 km/h
2026-10-08 20:13:50 [INFO]   ✓ chennai / OMR Tidel Park — CI=0.333  speed=20.0/30.0 km/h
2026-10-08 20:13:50 [INFO]   ✓ chennai / Kathipara Junction Guindy — CI=0.697  speed=10.0/33.0 km/h
2026-10-08 20:13:51 [INFO]   ✓ chennai / Anna Nagar Roundtana — CI=0.346  speed=17.0/26.0 km/h
2026-10-08 20:13:52 [INFO]   ✓ kolkata / EM Bypass Science City — CI=0.209  speed=34.0/43.0 km/h
2026-10-08 20:13:52 [INFO]   ✓ kolkata / Park Circus 7-Point Crossing — CI=0.298  speed=33.0/47.0 km/h
2026-10-08 20:13:53 [INFO]   ✓ kolkata / Sector V Salt Lake — CI=0.318  speed=15.0/22.0 km/h
2026-10-08 20:13:54 [INFO]   ✓ ahmedabad / SG Highway ISKCON Cross Road — CI=0.278  speed=26.0/36.0 km/h
2026-10-08 20:13:54 [INFO]   ✓ ahmedabad / Ashram Road Income Tax Circle — CI=0.179  speed=32.0/39.0 km/h
2026-10-08 20:13:55 [INFO]   ✓ jaipur / JLN Marg Jawahar Circle — CI=0.209  speed=34.0/43.0 km/h
2026-10-08 20:13:56 [INFO]   ✓ jaipur / Ajmer Road 200 Feet Bypass — CI=0.167  speed=30.0/36.0 km/h
2026-10-08 20:13:56 [INFO]   ✓ kochi / Edappally Toll Junction — CI=0.000  speed=20.0/20.0 km/h
2026-10-08 20:13:57 [INFO]   ✓ lucknow / Hazratganj Crossing — CI=0.310  speed=20.0/29.0 km/h
2026-10-08 20:13:57 [INFO]   → Saved 196 records to C:\Users\albus\projects\traffic_congession\data\telemetry\city=ahmedabad\2026-10-08.parquet
2026-10-08 20:13:57 [INFO]   → Saved 413 records to C:\Users\albus\projects\traffic_congession\data\telemetry\city=bengaluru\2026-10-08.parquet
2026-10-08 20:13:57 [INFO]   → Saved 294 records to C:\Users\albus\projects\traffic_congession\data\telemetry\city=chennai\2026-10-08.parquet
2026-10-08 20:13:57 [INFO]   → Saved 413 records to C:\Users\albus\projects\traffic_congession\data\telemetry\city=delhi\2026-10-08.parquet
2026-10-08 20:13:57 [INFO]   → Saved 294 records to C:\Users\albus\projects\traffic_congession\data\telemetry\city=hyderabad\2026-10-08.parquet
2026-10-08 20:13:57 [INFO]   → Saved 196 records to C:\Users\albus\projects\traffic_congession\data\telemetry\city=jaipur\2026-10-08.parquet
2026-10-08 20:13:57 [INFO]   → Saved 98 records to C:\Users\albus\projects\traffic_congession\data\telemetry\city=kochi\2026-10-08.parquet
2026-10-08 20:13:57 [INFO]   → Saved 294 records to C:\Users\albus\projects\traffic_congession\data\telemetry\city=kolkata\2026-10-08.parquet
2026-10-08 20:13:57 [INFO]   → Saved 98 records to C:\Users\albus\projects\traffic_congession\data\telemetry\city=lucknow\2026-10-08.parquet
2026-10-08 20:13:57 [INFO]   → Saved 413 records to C:\Users\albus\projects\traffic_congession\data\telemetry\city=mumbai\2026-10-08.parquet
2026-10-08 20:13:57 [INFO]   → Saved 307 records to C:\Users\albus\projects\traffic_congession\data\telemetry\city=pune\2026-10-08.parquet
2026-10-08 20:13:57 [INFO] Next batch in 5 minutes. Sleeping...
2026-10-08 20:18:57 [INFO] --- Batch start at 20:18:57 ---
2026-10-08 20:18:58 [INFO]   ✓ bengaluru / Silk Board Junction — CI=0.000  speed=42.0/42.0 km/h
2026-10-08 20:18:59 [INFO]   ✓ bengaluru / Marathahalli Bridge — CI=0.286  speed=25.0/35.0 km/h
2026-10-08 20:19:00 [INFO]   ✓ bengaluru / Whitefield Road — CI=0.237  speed=29.0/38.0 km/h
2026-10-08 20:19:01 [INFO]   ✓ bengaluru / Hebbal Flyover — CI=0.231  speed=20.0/26.0 km/h
2026-10-08 20:19:02 [INFO]   ✓ mumbai / Western Express Highway Andheri — CI=0.318  speed=15.0/22.0 km/h
2026-10-08 20:19:03 [INFO]   ✓ mumbai / Eastern Freeway Sewri — CI=0.000  speed=26.0/26.0 km/h
2026-10-08 20:19:04 [INFO]   ✓ mumbai / BKC Bandra Kurla Complex — CI=0.444  speed=15.0/27.0 km/h
2026-10-08 20:19:04 [INFO]   ✓ mumbai / Sion Circle — CI=0.750  speed=5.0/20.0 km/h
2026-10-08 20:19:05 [INFO]   ✓ delhi / Ring Road AIIMS — CI=0.323  speed=21.0/31.0 km/h
2026-10-08 20:19:06 [INFO]   ✓ delhi / DND Flyway Noida Entry — CI=0.317  speed=28.0/41.0 km/h
2026-10-08 20:19:07 [INFO]   ✓ delhi / Cyber City Gurgaon — CI=0.000  speed=45.0/45.0 km/h
2026-10-08 20:19:07 [INFO]   ✓ delhi / ITO Junction — CI=0.519  speed=13.0/27.0 km/h
2026-10-08 20:19:09 [INFO]   ✓ pune / Hinjawadi Phase 1 — CI=0.267  speed=22.0/30.0 km/h
2026-10-08 20:19:09 [INFO]   ✓ pune / FC Road Shivajinagar — CI=0.238  speed=16.0/21.0 km/h
2026-10-08 20:19:10 [INFO]   ✓ pune / Magarpatta City Hadapsar — CI=0.000  speed=31.0/31.0 km/h
2026-10-08 20:19:10 [INFO]   ✓ hyderabad / Hitec City Cyber Towers — CI=0.000  speed=31.0/31.0 km/h
2026-10-08 20:19:11 [INFO]   ✓ hyderabad / Gachibowli Junction — CI=0.167  speed=30.0/36.0 km/h
2026-10-08 20:19:12 [INFO]   ✓ hyderabad / Punjagutta Crossing — CI=0.355  speed=20.0/31.0 km/h
2026-10-08 20:19:13 [INFO]   ✓ chennai / OMR Tidel Park — CI=0.333  speed=20.0/30.0 km/h
2026-10-08 20:19:13 [INFO]   ✓ chennai / Kathipara Junction Guindy — CI=0.818  speed=6.0/33.0 km/h
2026-10-08 20:19:14 [INFO]   ✓ chennai / Anna Nagar Roundtana — CI=0.308  speed=18.0/26.0 km/h
2026-10-08 20:19:15 [INFO]   ✓ kolkata / EM Bypass Science City — CI=0.209  speed=34.0/43.0 km/h
2026-10-08 20:19:15 [INFO]   ✓ kolkata / Park Circus 7-Point Crossing — CI=0.340  speed=31.0/47.0 km/h
2026-10-08 20:19:16 [INFO]   ✓ kolkata / Sector V Salt Lake — CI=0.429  speed=12.0/21.0 km/h
2026-10-08 20:19:17 [INFO]   ✓ ahmedabad / SG Highway ISKCON Cross Road — CI=0.250  speed=27.0/36.0 km/h
2026-10-08 20:19:17 [INFO]   ✓ ahmedabad / Ashram Road Income Tax Circle — CI=0.154  speed=33.0/39.0 km/h
2026-10-08 20:19:18 [INFO]   ✓ jaipur / JLN Marg Jawahar Circle — CI=0.233  speed=33.0/43.0 km/h
2026-10-08 20:19:19 [INFO]   ✓ jaipur / Ajmer Road 200 Feet Bypass — CI=0.229  speed=27.0/35.0 km/h
2026-10-08 20:19:19 [INFO]   ✓ kochi / Edappally Toll Junction — CI=0.211  speed=15.0/19.0 km/h
2026-10-08 20:19:21 [INFO]   ✓ lucknow / Hazratganj Crossing — CI=0.345  speed=19.0/29.0 km/h
2026-10-08 20:19:21 [INFO]   → Saved 198 records to C:\Users\albus\projects\traffic_congession\data\telemetry\city=ahmedabad\2026-10-08.parquet
2026-10-08 20:19:21 [INFO]   → Saved 417 records to C:\Users\albus\projects\traffic_congession\data\telemetry\city=bengaluru\2026-10-08.parquet
2026-10-08 20:19:21 [INFO]   → Saved 297 records to C:\Users\albus\projects\traffic_congession\data\telemetry\city=chennai\2026-10-08.parquet
2026-10-08 20:19:21 [INFO]   → Saved 417 records to C:\Users\albus\projects\traffic_congession\data\telemetry\city=delhi\2026-10-08.parquet
2026-10-08 20:19:21 [INFO]   → Saved 297 records to C:\Users\albus\projects\traffic_congession\data\telemetry\city=hyderabad\2026-10-08.parquet
2026-10-08 20:19:21 [INFO]   → Saved 198 records to C:\Users\albus\projects\traffic_congession\data\telemetry\city=jaipur\2026-10-08.parquet
2026-10-08 20:19:21 [INFO]   → Saved 99 records to C:\Users\albus\projects\traffic_congession\data\telemetry\city=kochi\2026-10-08.parquet
2026-10-08 20:19:21 [INFO]   → Saved 297 records to C:\Users\albus\projects\traffic_congession\data\telemetry\city=kolkata\2026-10-08.parquet
2026-10-08 20:19:21 [INFO]   → Saved 99 records to C:\Users\albus\projects\traffic_congession\data\telemetry\city=lucknow\2026-10-08.parquet
2026-10-08 20:19:21 [INFO]   → Saved 417 records to C:\Users\albus\projects\traffic_congession\data\telemetry\city=mumbai\2026-10-08.parquet
2026-10-08 20:19:21 [INFO]   → Saved 310 records to C:\Users\albus\projects\traffic_congession\data\telemetry\city=pune\2026-10-08.parquet
2026-10-08 20:19:21 [INFO] Next batch in 5 minutes. Sleeping...
2026-10-08 20:24:21 [INFO] --- Batch start at 20:24:21 ---
2026-10-08 20:24:22 [INFO]   ✓ bengaluru / Silk Board Junction — CI=0.000  speed=42.0/42.0 km/h
2026-10-08 20:24:23 [INFO]   ✓ bengaluru / Marathahalli Bridge — CI=0.286  speed=25.0/35.0 km/h
2026-10-08 20:24:24 [INFO]   ✓ bengaluru / Whitefield Road — CI=0.237  speed=29.0/38.0 km/h
2026-10-08 20:24:25 [INFO]   ✓ bengaluru / Hebbal Flyover — CI=0.269  speed=19.0/26.0 km/h
2026-10-08 20:24:25 [INFO]   ✓ mumbai / Western Express Highway Andheri — CI=0.364  speed=14.0/22.0 km/h
2026-10-08 20:24:26 [INFO]   ✓ mumbai / Eastern Freeway Sewri — CI=0.000  speed=26.0/26.0 km/h
2026-10-08 20:24:27 [INFO]   ✓ mumbai / BKC Bandra Kurla Complex — CI=0.370  speed=17.0/27.0 km/h
2026-10-08 20:24:27 [INFO]   ✓ mumbai / Sion Circle — CI=0.765  speed=4.0/17.0 km/h
2026-10-08 20:24:28 [INFO]   ✓ delhi / Ring Road AIIMS — CI=0.323  speed=21.0/31.0 km/h
2026-10-08 20:24:29 [INFO]   ✓ delhi / DND Flyway Noida Entry — CI=0.317  speed=28.0/41.0 km/h
2026-10-08 20:24:30 [INFO]   ✓ delhi / Cyber City Gurgaon — CI=0.000  speed=45.0/45.0 km/h
2026-10-08 20:24:31 [INFO]   ✓ delhi / ITO Junction — CI=0.407  speed=16.0/27.0 km/h
2026-10-08 20:24:32 [INFO]   ✓ pune / Hinjawadi Phase 1 — CI=0.200  speed=24.0/30.0 km/h
2026-10-08 20:24:33 [INFO]   ✓ pune / FC Road Shivajinagar — CI=0.190  speed=17.0/21.0 km/h
2026-10-08 20:24:33 [INFO]   ✓ pune / Magarpatta City Hadapsar — CI=0.000  speed=31.0/31.0 km/h
2026-10-08 20:24:34 [INFO]   ✓ hyderabad / Hitec City Cyber Towers — CI=0.258  speed=23.0/31.0 km/h
2026-10-08 20:24:35 [INFO]   ✓ hyderabad / Gachibowli Junction — CI=0.194  speed=29.0/36.0 km/h
2026-10-08 20:24:35 [INFO]   ✓ hyderabad / Punjagutta Crossing — CI=0.355  speed=20.0/31.0 km/h
2026-10-08 20:24:36 [INFO]   ✓ chennai / OMR Tidel Park — CI=0.300  speed=21.0/30.0 km/h
2026-10-08 20:24:37 [INFO]   ✓ chennai / Kathipara Junction Guindy — CI=0.812  speed=6.0/32.0 km/h
2026-10-08 20:24:38 [INFO]   ✓ chennai / Anna Nagar Roundtana — CI=0.269  speed=19.0/26.0 km/h
2026-10-08 20:24:39 [INFO]   ✓ kolkata / EM Bypass Science City — CI=0.190  speed=34.0/42.0 km/h
2026-10-08 20:24:39 [INFO]   ✓ kolkata / Park Circus 7-Point Crossing — CI=0.319  speed=32.0/47.0 km/h
2026-10-08 20:24:40 [INFO]   ✓ kolkata / Sector V Salt Lake — CI=0.409  speed=13.0/22.0 km/h
2026-10-08 20:24:41 [INFO]   ✓ ahmedabad / SG Highway ISKCON Cross Road — CI=0.200  speed=28.0/35.0 km/h
2026-10-08 20:24:42 [INFO]   ✓ ahmedabad / Ashram Road Income Tax Circle — CI=0.205  speed=31.0/39.0 km/h
2026-10-08 20:24:42 [INFO]   ✓ jaipur / JLN Marg Jawahar Circle — CI=0.163  speed=36.0/43.0 km/h
2026-10-08 20:24:43 [INFO]   ✓ jaipur / Ajmer Road 200 Feet Bypass — CI=0.286  speed=25.0/35.0 km/h
2026-10-08 20:24:44 [INFO]   ✓ kochi / Edappally Toll Junction — CI=0.000  speed=20.0/20.0 km/h
2026-10-08 20:24:45 [INFO]   ✓ lucknow / Hazratganj Crossing — CI=0.333  speed=20.0/30.0 km/h
2026-10-08 20:24:45 [INFO]   → Saved 200 records to C:\Users\albus\projects\traffic_congession\data\telemetry\city=ahmedabad\2026-10-08.parquet
2026-10-08 20:24:45 [INFO]   → Saved 421 records to C:\Users\albus\projects\traffic_congession\data\telemetry\city=bengaluru\2026-10-08.parquet
2026-10-08 20:24:45 [INFO]   → Saved 300 records to C:\Users\albus\projects\traffic_congession\data\telemetry\city=chennai\2026-10-08.parquet
2026-10-08 20:24:45 [INFO]   → Saved 421 records to C:\Users\albus\projects\traffic_congession\data\telemetry\city=delhi\2026-10-08.parquet
2026-10-08 20:24:45 [INFO]   → Saved 300 records to C:\Users\albus\projects\traffic_congession\data\telemetry\city=hyderabad\2026-10-08.parquet
2026-10-08 20:24:45 [INFO]   → Saved 200 records to C:\Users\albus\projects\traffic_congession\data\telemetry\city=jaipur\2026-10-08.parquet
2026-10-08 20:24:45 [INFO]   → Saved 100 records to C:\Users\albus\projects\traffic_congession\data\telemetry\city=kochi\2026-10-08.parquet
2026-10-08 20:24:45 [INFO]   → Saved 300 records to C:\Users\albus\projects\traffic_congession\data\telemetry\city=kolkata\2026-10-08.parquet
2026-10-08 20:24:45 [INFO]   → Saved 100 records to C:\Users\albus\projects\traffic_congession\data\telemetry\city=lucknow\2026-10-08.parquet
2026-10-08 20:24:45 [INFO]   → Saved 421 records to C:\Users\albus\projects\traffic_congession\data\telemetry\city=mumbai\2026-10-08.parquet
2026-10-08 20:24:45 [INFO]   → Saved 313 records to C:\Users\albus\projects\traffic_congession\data\telemetry\city=pune\2026-10-08.parquet
2026-10-08 20:24:45 [INFO] Next batch in 5 minutes. Sleeping...
2026-10-08 20:29:45 [INFO] --- Batch start at 20:29:45 ---
2026-10-08 20:29:45 [INFO]   ✓ bengaluru / Silk Board Junction — CI=0.390  speed=25.0/41.0 km/h
2026-10-08 20:29:47 [INFO]   ✓ bengaluru / Marathahalli Bridge — CI=0.286  speed=25.0/35.0 km/h
2026-10-08 20:29:48 [INFO]   ✓ bengaluru / Whitefield Road — CI=0.237  speed=29.0/38.0 km/h
2026-10-08 20:29:49 [INFO]   ✓ bengaluru / Hebbal Flyover — CI=0.269  speed=19.0/26.0 km/h
2026-10-08 20:29:49 [INFO]   ✓ mumbai / Western Express Highway Andheri — CI=0.318  speed=15.0/22.0 km/h
2026-10-08 20:29:50 [INFO]   ✓ mumbai / Eastern Freeway Sewri — CI=0.000  speed=26.0/26.0 km/h
2026-10-08 20:29:51 [INFO]   ✓ mumbai / BKC Bandra Kurla Complex — CI=0.259  speed=20.0/27.0 km/h
2026-10-08 20:29:51 [INFO]   ✓ mumbai / Sion Circle — CI=0.750  speed=5.0/20.0 km/h
2026-10-08 20:29:52 [INFO]   ✓ delhi / Ring Road AIIMS — CI=0.323  speed=21.0/31.0 km/h
2026-10-08 20:29:53 [INFO]   ✓ delhi / DND Flyway Noida Entry — CI=0.317  speed=28.0/41.0 km/h
2026-10-08 20:29:54 [INFO]   ✓ delhi / Cyber City Gurgaon — CI=0.000  speed=45.0/45.0 km/h
2026-10-08 20:29:55 [INFO]   ✓ delhi / ITO Junction — CI=0.538  speed=12.0/26.0 km/h
2026-10-08 20:29:56 [INFO]   ✓ pune / Hinjawadi Phase 1 — CI=0.200  speed=24.0/30.0 km/h
2026-10-08 20:29:56 [INFO]   ✓ pune / FC Road Shivajinagar — CI=0.333  speed=14.0/21.0 km/h
2026-10-08 20:29:57 [INFO]   ✓ pune / Magarpatta City Hadapsar — CI=0.000  speed=31.0/31.0 km/h
2026-10-08 20:29:57 [INFO]   ✓ hyderabad / Hitec City Cyber Towers — CI=0.200  speed=24.0/30.0 km/h
2026-10-08 20:29:58 [INFO]   ✓ hyderabad / Gachibowli Junction — CI=0.167  speed=30.0/36.0 km/h
2026-10-08 20:29:59 [INFO]   ✓ hyderabad / Punjagutta Crossing — CI=0.333  speed=20.0/30.0 km/h
2026-10-08 20:30:00 [INFO]   ✓ chennai / OMR Tidel Park — CI=0.333  speed=20.0/30.0 km/h
2026-10-08 20:30:00 [INFO]   ✓ chennai / Kathipara Junction Guindy — CI=0.806  speed=6.0/31.0 km/h
2026-10-08 20:30:01 [INFO]   ✓ chennai / Anna Nagar Roundtana — CI=0.346  speed=17.0/26.0 km/h
2026-10-08 20:30:02 [INFO]   ✓ kolkata / EM Bypass Science City — CI=0.209  speed=34.0/43.0 km/h
2026-10-08 20:30:02 [INFO]   ✓ kolkata / Park Circus 7-Point Crossing — CI=0.255  speed=35.0/47.0 km/h
2026-10-08 20:30:03 [INFO]   ✓ kolkata / Sector V Salt Lake — CI=0.409  speed=13.0/22.0 km/h
2026-10-08 20:30:04 [INFO]   ✓ ahmedabad / SG Highway ISKCON Cross Road — CI=0.250  speed=27.0/36.0 km/h
2026-10-08 20:30:05 [INFO]   ✓ ahmedabad / Ashram Road Income Tax Circle — CI=0.184  speed=31.0/38.0 km/h
2026-10-08 20:30:05 [INFO]   ✓ jaipur / JLN Marg Jawahar Circle — CI=0.000  speed=44.0/44.0 km/h
2026-10-08 20:30:06 [INFO]   ✓ jaipur / Ajmer Road 200 Feet Bypass — CI=0.167  speed=30.0/36.0 km/h
2026-10-08 20:30:06 [INFO]   ✓ kochi / Edappally Toll Junction — CI=0.000  speed=20.0/20.0 km/h
2026-10-08 20:30:08 [INFO]   ✓ lucknow / Hazratganj Crossing — CI=0.310  speed=20.0/29.0 km/h
2026-10-08 20:30:08 [INFO]   → Saved 202 records to C:\Users\albus\projects\traffic_congession\data\telemetry\city=ahmedabad\2026-10-08.parquet
2026-10-08 20:30:08 [INFO]   → Saved 425 records to C:\Users\albus\projects\traffic_congession\data\telemetry\city=bengaluru\2026-10-08.parquet
2026-10-08 20:30:08 [INFO]   → Saved 303 records to C:\Users\albus\projects\traffic_congession\data\telemetry\city=chennai\2026-10-08.parquet
2026-10-08 20:30:08 [INFO]   → Saved 425 records to C:\Users\albus\projects\traffic_congession\data\telemetry\city=delhi\2026-10-08.parquet
2026-10-08 20:30:08 [INFO]   → Saved 303 records to C:\Users\albus\projects\traffic_congession\data\telemetry\city=hyderabad\2026-10-08.parquet
2026-10-08 20:30:08 [INFO]   → Saved 202 records to C:\Users\albus\projects\traffic_congession\data\telemetry\city=jaipur\2026-10-08.parquet
2026-10-08 20:30:08 [INFO]   → Saved 101 records to C:\Users\albus\projects\traffic_congession\data\telemetry\city=kochi\2026-10-08.parquet
2026-10-08 20:30:08 [INFO]   → Saved 303 records to C:\Users\albus\projects\traffic_congession\data\telemetry\city=kolkata\2026-10-08.parquet
2026-10-08 20:30:08 [INFO]   → Saved 101 records to C:\Users\albus\projects\traffic_congession\data\telemetry\city=lucknow\2026-10-08.parquet
2026-10-08 20:30:08 [INFO]   → Saved 425 records to C:\Users\albus\projects\traffic_congession\data\telemetry\city=mumbai\2026-10-08.parquet
2026-10-08 20:30:08 [INFO]   → Saved 316 records to C:\Users\albus\projects\traffic_congession\data\telemetry\city=pune\2026-10-08.parquet
2026-10-08 20:30:08 [INFO] Next batch in 5 minutes. Sleeping...
2026-10-08 20:35:08 [INFO] --- Batch start at 20:35:08 ---
2026-10-08 20:35:08 [INFO]   ✓ bengaluru / Silk Board Junction — CI=0.000  speed=42.0/42.0 km/h
2026-10-08 20:35:09 [INFO]   ✓ bengaluru / Marathahalli Bridge — CI=0.286  speed=25.0/35.0 km/h
2026-10-08 20:35:10 [INFO]   ✓ bengaluru / Whitefield Road — CI=0.216  speed=29.0/37.0 km/h
2026-10-08 20:35:11 [INFO]   ✓ bengaluru / Hebbal Flyover — CI=0.231  speed=20.0/26.0 km/h
2026-10-08 20:35:12 [INFO]   ✓ mumbai / Western Express Highway Andheri — CI=0.318  speed=15.0/22.0 km/h
2026-10-08 20:35:12 [INFO]   ✓ mumbai / Eastern Freeway Sewri — CI=0.000  speed=26.0/26.0 km/h
2026-10-08 20:35:13 [INFO]   ✓ mumbai / BKC Bandra Kurla Complex — CI=0.385  speed=16.0/26.0 km/h
2026-10-08 20:35:14 [INFO]   ✓ mumbai / Sion Circle — CI=0.737  speed=5.0/19.0 km/h
2026-10-08 20:35:14 [INFO]   ✓ delhi / Ring Road AIIMS — CI=0.355  speed=20.0/31.0 km/h
2026-10-08 20:35:15 [INFO]   ✓ delhi / DND Flyway Noida Entry — CI=0.317  speed=28.0/41.0 km/h
2026-10-08 20:35:16 [INFO]   ✓ delhi / Cyber City Gurgaon — CI=0.000  speed=45.0/45.0 km/h
2026-10-08 20:35:17 [INFO]   ✓ delhi / ITO Junction — CI=0.500  speed=13.0/26.0 km/h
2026-10-08 20:35:18 [INFO]   ✓ pune / Hinjawadi Phase 1 — CI=0.200  speed=24.0/30.0 km/h
2026-10-08 20:35:18 [INFO]   ✓ pune / FC Road Shivajinagar — CI=0.318  speed=15.0/22.0 km/h
2026-10-08 20:35:19 [INFO]   ✓ pune / Magarpatta City Hadapsar — CI=0.000  speed=31.0/31.0 km/h
2026-10-08 20:35:20 [INFO]   ✓ hyderabad / Hitec City Cyber Towers — CI=0.355  speed=20.0/31.0 km/h
2026-10-08 20:35:20 [INFO]   ✓ hyderabad / Gachibowli Junction — CI=0.189  speed=30.0/37.0 km/h
2026-10-08 20:35:21 [INFO]   ✓ hyderabad / Punjagutta Crossing — CI=0.323  speed=21.0/31.0 km/h
2026-10-08 20:35:22 [INFO]   ✓ chennai / OMR Tidel Park — CI=0.333  speed=20.0/30.0 km/h
2026-10-08 20:35:22 [INFO]   ✓ chennai / Kathipara Junction Guindy — CI=0.793  speed=6.0/29.0 km/h
2026-10-08 20:35:23 [INFO]   ✓ chennai / Anna Nagar Roundtana — CI=0.423  speed=15.0/26.0 km/h
2026-10-08 20:35:24 [INFO]   ✓ kolkata / EM Bypass Science City — CI=0.186  speed=35.0/43.0 km/h
2026-10-08 20:35:25 [INFO]   ✓ kolkata / Park Circus 7-Point Crossing — CI=0.298  speed=33.0/47.0 km/h
2026-10-08 20:35:25 [INFO]   ✓ kolkata / Sector V Salt Lake — CI=0.381  speed=13.0/21.0 km/h
2026-10-08 20:35:26 [INFO]   ✓ ahmedabad / SG Highway ISKCON Cross Road — CI=0.200  speed=28.0/35.0 km/h
2026-10-08 20:35:27 [INFO]   ✓ ahmedabad / Ashram Road Income Tax Circle — CI=0.154  speed=33.0/39.0 km/h
2026-10-08 20:35:27 [INFO]   ✓ jaipur / JLN Marg Jawahar Circle — CI=0.233  speed=33.0/43.0 km/h
2026-10-08 20:35:28 [INFO]   ✓ jaipur / Ajmer Road 200 Feet Bypass — CI=0.000  speed=36.0/36.0 km/h
2026-10-08 20:35:29 [INFO]   ✓ kochi / Edappally Toll Junction — CI=0.000  speed=20.0/20.0 km/h
2026-10-08 20:35:30 [INFO]   ✓ lucknow / Hazratganj Crossing — CI=0.310  speed=20.0/29.0 km/h
2026-10-08 20:35:30 [INFO]   → Saved 204 records to C:\Users\albus\projects\traffic_congession\data\telemetry\city=ahmedabad\2026-10-08.parquet
2026-10-08 20:35:30 [INFO]   → Saved 429 records to C:\Users\albus\projects\traffic_congession\data\telemetry\city=bengaluru\2026-10-08.parquet
2026-10-08 20:35:30 [INFO]   → Saved 306 records to C:\Users\albus\projects\traffic_congession\data\telemetry\city=chennai\2026-10-08.parquet
2026-10-08 20:35:30 [INFO]   → Saved 429 records to C:\Users\albus\projects\traffic_congession\data\telemetry\city=delhi\2026-10-08.parquet
2026-10-08 20:35:30 [INFO]   → Saved 306 records to C:\Users\albus\projects\traffic_congession\data\telemetry\city=hyderabad\2026-10-08.parquet
2026-10-08 20:35:30 [INFO]   → Saved 204 records to C:\Users\albus\projects\traffic_congession\data\telemetry\city=jaipur\2026-10-08.parquet
2026-10-08 20:35:30 [INFO]   → Saved 102 records to C:\Users\albus\projects\traffic_congession\data\telemetry\city=kochi\2026-10-08.parquet
2026-10-08 20:35:30 [INFO]   → Saved 306 records to C:\Users\albus\projects\traffic_congession\data\telemetry\city=kolkata\2026-10-08.parquet
2026-10-08 20:35:30 [INFO]   → Saved 102 records to C:\Users\albus\projects\traffic_congession\data\telemetry\city=lucknow\2026-10-08.parquet
2026-10-08 20:35:30 [INFO]   → Saved 429 records to C:\Users\albus\projects\traffic_congession\data\telemetry\city=mumbai\2026-10-08.parquet
2026-10-08 20:35:30 [INFO]   → Saved 319 records to C:\Users\albus\projects\traffic_congession\data\telemetry\city=pune\2026-10-08.parquet
2026-10-08 20:35:30 [INFO] Next batch in 5 minutes. Sleeping...
2026-10-08 20:40:30 [INFO] --- Batch start at 20:40:30 ---
2026-10-08 20:40:31 [INFO]   ✓ bengaluru / Silk Board Junction — CI=0.000  speed=42.0/42.0 km/h
2026-10-08 20:40:32 [INFO]   ✓ bengaluru / Marathahalli Bridge — CI=0.286  speed=25.0/35.0 km/h
2026-10-08 20:40:32 [INFO]   ✓ bengaluru / Whitefield Road — CI=0.263  speed=28.0/38.0 km/h
2026-10-08 20:40:34 [INFO]   ✓ bengaluru / Hebbal Flyover — CI=0.231  speed=20.0/26.0 km/h
2026-10-08 20:40:35 [INFO]   ✓ mumbai / Western Express Highway Andheri — CI=0.364  speed=14.0/22.0 km/h
2026-10-08 20:40:35 [INFO]   ✓ mumbai / Eastern Freeway Sewri — CI=0.000  speed=26.0/26.0 km/h
2026-10-08 20:40:36 [INFO]   ✓ mumbai / BKC Bandra Kurla Complex — CI=0.464  speed=15.0/28.0 km/h
2026-10-08 20:40:36 [INFO]   ✓ mumbai / Sion Circle — CI=0.632  speed=7.0/19.0 km/h
2026-10-08 20:40:37 [INFO]   ✓ delhi / Ring Road AIIMS — CI=0.323  speed=21.0/31.0 km/h
2026-10-08 20:40:38 [INFO]   ✓ delhi / DND Flyway Noida Entry — CI=0.268  speed=30.0/41.0 km/h
2026-10-08 20:40:39 [INFO]   ✓ delhi / Cyber City Gurgaon — CI=0.000  speed=45.0/45.0 km/h
2026-10-08 20:40:40 [INFO]   ✓ delhi / ITO Junction — CI=0.519  speed=13.0/27.0 km/h
2026-10-08 20:40:41 [INFO]   ✓ pune / Hinjawadi Phase 1 — CI=0.207  speed=23.0/29.0 km/h
2026-10-08 20:40:41 [INFO]   ✓ pune / FC Road Shivajinagar — CI=0.381  speed=13.0/21.0 km/h
2026-10-08 20:40:42 [INFO]   ✓ pune / Magarpatta City Hadapsar — CI=0.000  speed=31.0/31.0 km/h
2026-10-08 20:40:43 [INFO]   ✓ hyderabad / Hitec City Cyber Towers — CI=0.000  speed=31.0/31.0 km/h
2026-10-08 20:40:43 [INFO]   ✓ hyderabad / Gachibowli Junction — CI=0.139  speed=31.0/36.0 km/h
2026-10-08 20:40:44 [INFO]   ✓ hyderabad / Punjagutta Crossing — CI=0.194  speed=25.0/31.0 km/h
2026-10-08 20:40:45 [INFO]   ✓ chennai / OMR Tidel Park — CI=0.367  speed=19.0/30.0 km/h
2026-10-08 20:40:46 [INFO]   ✓ chennai / Kathipara Junction Guindy — CI=0.594  speed=13.0/32.0 km/h
2026-10-08 20:40:46 [INFO]   ✓ chennai / Anna Nagar Roundtana — CI=0.462  speed=14.0/26.0 km/h
2026-10-08 20:40:47 [INFO]   ✓ kolkata / EM Bypass Science City — CI=0.163  speed=36.0/43.0 km/h
2026-10-08 20:40:48 [INFO]   ✓ kolkata / Park Circus 7-Point Crossing — CI=0.354  speed=31.0/48.0 km/h
2026-10-08 20:40:48 [INFO]   ✓ kolkata / Sector V Salt Lake — CI=0.381  speed=13.0/21.0 km/h
2026-10-08 20:40:49 [INFO]   ✓ ahmedabad / SG Highway ISKCON Cross Road — CI=0.200  speed=28.0/35.0 km/h
2026-10-08 20:40:50 [INFO]   ✓ ahmedabad / Ashram Road Income Tax Circle — CI=0.154  speed=33.0/39.0 km/h
2026-10-08 20:40:51 [INFO]   ✓ jaipur / JLN Marg Jawahar Circle — CI=0.186  speed=35.0/43.0 km/h
2026-10-08 20:40:51 [INFO]   ✓ jaipur / Ajmer Road 200 Feet Bypass — CI=0.167  speed=30.0/36.0 km/h
2026-10-08 20:40:52 [INFO]   ✓ kochi / Edappally Toll Junction — CI=0.000  speed=20.0/20.0 km/h
2026-10-08 20:40:53 [INFO]   ✓ lucknow / Hazratganj Crossing — CI=0.276  speed=21.0/29.0 km/h
2026-10-08 20:40:53 [INFO]   → Saved 206 records to C:\Users\albus\projects\traffic_congession\data\telemetry\city=ahmedabad\2026-10-08.parquet
2026-10-08 20:40:53 [INFO]   → Saved 433 records to C:\Users\albus\projects\traffic_congession\data\telemetry\city=bengaluru\2026-10-08.parquet
2026-10-08 20:40:53 [INFO]   → Saved 309 records to C:\Users\albus\projects\traffic_congession\data\telemetry\city=chennai\2026-10-08.parquet
2026-10-08 20:40:53 [INFO]   → Saved 433 records to C:\Users\albus\projects\traffic_congession\data\telemetry\city=delhi\2026-10-08.parquet
2026-10-08 20:40:53 [INFO]   → Saved 309 records to C:\Users\albus\projects\traffic_congession\data\telemetry\city=hyderabad\2026-10-08.parquet
2026-10-08 20:40:53 [INFO]   → Saved 206 records to C:\Users\albus\projects\traffic_congession\data\telemetry\city=jaipur\2026-10-08.parquet
2026-10-08 20:40:53 [INFO]   → Saved 103 records to C:\Users\albus\projects\traffic_congession\data\telemetry\city=kochi\2026-10-08.parquet
2026-10-08 20:40:53 [INFO]   → Saved 309 records to C:\Users\albus\projects\traffic_congession\data\telemetry\city=kolkata\2026-10-08.parquet
2026-10-08 20:40:53 [INFO]   → Saved 103 records to C:\Users\albus\projects\traffic_congession\data\telemetry\city=lucknow\2026-10-08.parquet
2026-10-08 20:40:53 [INFO]   → Saved 433 records to C:\Users\albus\projects\traffic_congession\data\telemetry\city=mumbai\2026-10-08.parquet
2026-10-08 20:40:53 [INFO]   → Saved 322 records to C:\Users\albus\projects\traffic_congession\data\telemetry\city=pune\2026-10-08.parquet
2026-10-08 20:40:53 [INFO] Next batch in 5 minutes. Sleeping...
2026-10-08 20:45:53 [INFO] --- Batch start at 20:45:53 ---
2026-10-08 20:45:54 [INFO]   ✓ bengaluru / Silk Board Junction — CI=0.000  speed=42.0/42.0 km/h
2026-10-08 20:45:55 [INFO]   ✓ bengaluru / Marathahalli Bridge — CI=0.257  speed=26.0/35.0 km/h
2026-10-08 20:45:56 [INFO]   ✓ bengaluru / Whitefield Road — CI=0.216  speed=29.0/37.0 km/h
2026-10-08 20:45:57 [INFO]   ✓ bengaluru / Hebbal Flyover — CI=0.231  speed=20.0/26.0 km/h
2026-10-08 20:45:58 [INFO]   ✓ mumbai / Western Express Highway Andheri — CI=0.318  speed=15.0/22.0 km/h
2026-10-08 20:45:58 [INFO]   ✓ mumbai / Eastern Freeway Sewri — CI=0.000  speed=26.0/26.0 km/h
2026-10-08 20:45:59 [INFO]   ✓ mumbai / BKC Bandra Kurla Complex — CI=0.444  speed=15.0/27.0 km/h
2026-10-08 20:46:00 [INFO]   ✓ mumbai / Sion Circle — CI=0.579  speed=8.0/19.0 km/h
2026-10-08 20:46:01 [INFO]   ✓ delhi / Ring Road AIIMS — CI=0.355  speed=20.0/31.0 km/h
2026-10-08 20:46:02 [INFO]   ✓ delhi / DND Flyway Noida Entry — CI=0.268  speed=30.0/41.0 km/h
2026-10-08 20:46:02 [INFO]   ✓ delhi / Cyber City Gurgaon — CI=0.000  speed=45.0/45.0 km/h
2026-10-08 20:46:03 [INFO]   ✓ delhi / ITO Junction — CI=0.556  speed=12.0/27.0 km/h
2026-10-08 20:46:04 [INFO]   ✓ pune / Hinjawadi Phase 1 — CI=0.200  speed=24.0/30.0 km/h
2026-10-08 20:46:05 [INFO]   ✓ pune / FC Road Shivajinagar — CI=0.455  speed=12.0/22.0 km/h
2026-10-08 20:46:05 [INFO]   ✓ pune / Magarpatta City Hadapsar — CI=0.000  speed=31.0/31.0 km/h
2026-10-08 20:46:06 [INFO]   ✓ hyderabad / Hitec City Cyber Towers — CI=0.129  speed=27.0/31.0 km/h
2026-10-08 20:46:07 [INFO]   ✓ hyderabad / Gachibowli Junction — CI=0.167  speed=30.0/36.0 km/h
2026-10-08 20:46:07 [INFO]   ✓ hyderabad / Punjagutta Crossing — CI=0.281  speed=23.0/32.0 km/h
2026-10-08 20:46:08 [INFO]   ✓ chennai / OMR Tidel Park — CI=0.300  speed=21.0/30.0 km/h
2026-10-08 20:46:09 [INFO]   ✓ chennai / Kathipara Junction Guindy — CI=0.647  speed=12.0/34.0 km/h
2026-10-08 20:46:09 [INFO]   ✓ chennai / Anna Nagar Roundtana — CI=0.462  speed=14.0/26.0 km/h
2026-10-08 20:46:10 [INFO]   ✓ kolkata / EM Bypass Science City — CI=0.163  speed=36.0/43.0 km/h
2026-10-08 20:46:11 [INFO]   ✓ kolkata / Park Circus 7-Point Crossing — CI=0.396  speed=29.0/48.0 km/h
2026-10-08 20:46:12 [INFO]   ✓ kolkata / Sector V Salt Lake — CI=0.000  speed=22.0/22.0 km/h
2026-10-08 20:46:12 [INFO]   ✓ ahmedabad / SG Highway ISKCON Cross Road — CI=0.171  speed=29.0/35.0 km/h
2026-10-08 20:46:13 [INFO]   ✓ ahmedabad / Ashram Road Income Tax Circle — CI=0.154  speed=33.0/39.0 km/h
2026-10-08 20:46:14 [INFO]   ✓ jaipur / JLN Marg Jawahar Circle — CI=0.000  speed=44.0/44.0 km/h
2026-10-08 20:46:14 [INFO]   ✓ jaipur / Ajmer Road 200 Feet Bypass — CI=0.000  speed=36.0/36.0 km/h
2026-10-08 20:46:15 [INFO]   ✓ kochi / Edappally Toll Junction — CI=0.000  speed=20.0/20.0 km/h
2026-10-08 20:46:17 [INFO]   ✓ lucknow / Hazratganj Crossing — CI=0.267  speed=22.0/30.0 km/h
2026-10-08 20:46:17 [INFO]   → Saved 208 records to C:\Users\albus\projects\traffic_congession\data\telemetry\city=ahmedabad\2026-10-08.parquet
2026-10-08 20:46:17 [INFO]   → Saved 437 records to C:\Users\albus\projects\traffic_congession\data\telemetry\city=bengaluru\2026-10-08.parquet
2026-10-08 20:46:17 [INFO]   → Saved 312 records to C:\Users\albus\projects\traffic_congession\data\telemetry\city=chennai\2026-10-08.parquet
2026-10-08 20:46:17 [INFO]   → Saved 437 records to C:\Users\albus\projects\traffic_congession\data\telemetry\city=delhi\2026-10-08.parquet
2026-10-08 20:46:17 [INFO]   → Saved 312 records to C:\Users\albus\projects\traffic_congession\data\telemetry\city=hyderabad\2026-10-08.parquet
2026-10-08 20:46:17 [INFO]   → Saved 208 records to C:\Users\albus\projects\traffic_congession\data\telemetry\city=jaipur\2026-10-08.parquet
2026-10-08 20:46:17 [INFO]   → Saved 104 records to C:\Users\albus\projects\traffic_congession\data\telemetry\city=kochi\2026-10-08.parquet
2026-10-08 20:46:17 [INFO]   → Saved 312 records to C:\Users\albus\projects\traffic_congession\data\telemetry\city=kolkata\2026-10-08.parquet
2026-10-08 20:46:17 [INFO]   → Saved 104 records to C:\Users\albus\projects\traffic_congession\data\telemetry\city=lucknow\2026-10-08.parquet
2026-10-08 20:46:17 [INFO]   → Saved 437 records to C:\Users\albus\projects\traffic_congession\data\telemetry\city=mumbai\2026-10-08.parquet
2026-10-08 20:46:17 [INFO]   → Saved 325 records to C:\Users\albus\projects\traffic_congession\data\telemetry\city=pune\2026-10-08.parquet
2026-10-08 20:46:17 [INFO] Next batch in 5 minutes. Sleeping...
2026-10-08 20:51:17 [INFO] --- Batch start at 20:51:17 ---
2026-10-08 20:51:18 [INFO]   ✓ bengaluru / Silk Board Junction — CI=0.000  speed=42.0/42.0 km/h
2026-10-08 20:51:19 [INFO]   ✓ bengaluru / Marathahalli Bridge — CI=0.257  speed=26.0/35.0 km/h
2026-10-08 20:51:20 [INFO]   ✓ bengaluru / Whitefield Road — CI=0.243  speed=28.0/37.0 km/h
2026-10-08 20:51:21 [INFO]   ✓ bengaluru / Hebbal Flyover — CI=0.231  speed=20.0/26.0 km/h
2026-10-08 20:51:22 [INFO]   ✓ mumbai / Western Express Highway Andheri — CI=0.364  speed=14.0/22.0 km/h
2026-10-08 20:51:23 [INFO]   ✓ mumbai / Eastern Freeway Sewri — CI=0.000  speed=26.0/26.0 km/h
2026-10-08 20:51:23 [INFO]   ✓ mumbai / BKC Bandra Kurla Complex — CI=0.370  speed=17.0/27.0 km/h
2026-10-08 20:51:24 [INFO]   ✓ mumbai / Sion Circle — CI=0.600  speed=8.0/20.0 km/h
2026-10-08 20:51:25 [INFO]   ✓ delhi / Ring Road AIIMS — CI=0.355  speed=20.0/31.0 km/h
2026-10-08 20:51:26 [INFO]   ✓ delhi / DND Flyway Noida Entry — CI=0.244  speed=31.0/41.0 km/h
2026-10-08 20:51:26 [INFO]   ✓ delhi / Cyber City Gurgaon — CI=0.000  speed=45.0/45.0 km/h
2026-10-08 20:51:27 [INFO]   ✓ delhi / ITO Junction — CI=0.500  speed=13.0/26.0 km/h
2026-10-08 20:51:28 [INFO]   ✓ pune / Hinjawadi Phase 1 — CI=0.200  speed=24.0/30.0 km/h
2026-10-08 20:51:29 [INFO]   ✓ pune / FC Road Shivajinagar — CI=0.238  speed=16.0/21.0 km/h
2026-10-08 20:51:30 [INFO]   ✓ pune / Magarpatta City Hadapsar — CI=0.000  speed=31.0/31.0 km/h
2026-10-08 20:51:30 [INFO]   ✓ hyderabad / Hitec City Cyber Towers — CI=0.000  speed=31.0/31.0 km/h
2026-10-08 20:51:31 [INFO]   ✓ hyderabad / Gachibowli Junction — CI=0.139  speed=31.0/36.0 km/h
2026-10-08 20:51:32 [INFO]   ✓ hyderabad / Punjagutta Crossing — CI=0.258  speed=23.0/31.0 km/h
2026-10-08 20:51:32 [INFO]   ✓ chennai / OMR Tidel Park — CI=0.333  speed=20.0/30.0 km/h
2026-10-08 20:51:33 [INFO]   ✓ chennai / Kathipara Junction Guindy — CI=0.688  speed=10.0/32.0 km/h
2026-10-08 20:51:34 [INFO]   ✓ chennai / Anna Nagar Roundtana — CI=0.423  speed=15.0/26.0 km/h
2026-10-08 20:51:35 [INFO]   ✓ kolkata / EM Bypass Science City — CI=0.163  speed=36.0/43.0 km/h
2026-10-08 20:51:35 [INFO]   ✓ kolkata / Park Circus 7-Point Crossing — CI=0.375  speed=30.0/48.0 km/h
2026-10-08 20:51:36 [INFO]   ✓ kolkata / Sector V Salt Lake — CI=0.000  speed=22.0/22.0 km/h
2026-10-08 20:51:37 [INFO]   ✓ ahmedabad / SG Highway ISKCON Cross Road — CI=0.171  speed=29.0/35.0 km/h
2026-10-08 20:51:37 [INFO]   ✓ ahmedabad / Ashram Road Income Tax Circle — CI=0.000  speed=40.0/40.0 km/h
2026-10-08 20:51:38 [INFO]   ✓ jaipur / JLN Marg Jawahar Circle — CI=0.000  speed=44.0/44.0 km/h
2026-10-08 20:51:39 [INFO]   ✓ jaipur / Ajmer Road 200 Feet Bypass — CI=0.000  speed=36.0/36.0 km/h
2026-10-08 20:51:39 [INFO]   ✓ kochi / Edappally Toll Junction — CI=0.000  speed=20.0/20.0 km/h
2026-10-08 20:51:40 [INFO]   ✓ lucknow / Hazratganj Crossing — CI=0.241  speed=22.0/29.0 km/h
2026-10-08 20:51:40 [INFO]   → Saved 210 records to C:\Users\albus\projects\traffic_congession\data\telemetry\city=ahmedabad\2026-10-08.parquet
2026-10-08 20:51:40 [INFO]   → Saved 441 records to C:\Users\albus\projects\traffic_congession\data\telemetry\city=bengaluru\2026-10-08.parquet
2026-10-08 20:51:40 [INFO]   → Saved 315 records to C:\Users\albus\projects\traffic_congession\data\telemetry\city=chennai\2026-10-08.parquet
2026-10-08 20:51:40 [INFO]   → Saved 441 records to C:\Users\albus\projects\traffic_congession\data\telemetry\city=delhi\2026-10-08.parquet
2026-10-08 20:51:40 [INFO]   → Saved 315 records to C:\Users\albus\projects\traffic_congession\data\telemetry\city=hyderabad\2026-10-08.parquet
2026-10-08 20:51:40 [INFO]   → Saved 210 records to C:\Users\albus\projects\traffic_congession\data\telemetry\city=jaipur\2026-10-08.parquet
2026-10-08 20:51:40 [INFO]   → Saved 105 records to C:\Users\albus\projects\traffic_congession\data\telemetry\city=kochi\2026-10-08.parquet
2026-10-08 20:51:40 [INFO]   → Saved 315 records to C:\Users\albus\projects\traffic_congession\data\telemetry\city=kolkata\2026-10-08.parquet
2026-10-08 20:51:40 [INFO]   → Saved 105 records to C:\Users\albus\projects\traffic_congession\data\telemetry\city=lucknow\2026-10-08.parquet
2026-10-08 20:51:40 [INFO]   → Saved 441 records to C:\Users\albus\projects\traffic_congession\data\telemetry\city=mumbai\2026-10-08.parquet
2026-10-08 20:51:40 [INFO]   → Saved 328 records to C:\Users\albus\projects\traffic_congession\data\telemetry\city=pune\2026-10-08.parquet
2026-10-08 20:51:40 [INFO] Next batch in 5 minutes. Sleeping...
2026-10-08 20:56:40 [INFO] --- Batch start at 20:56:40 ---
2026-10-08 20:56:41 [INFO]   ✓ bengaluru / Silk Board Junction — CI=0.000  speed=42.0/42.0 km/h
2026-10-08 20:56:42 [INFO]   ✓ bengaluru / Marathahalli Bridge — CI=0.229  speed=27.0/35.0 km/h
2026-10-08 20:56:43 [INFO]   ✓ bengaluru / Whitefield Road — CI=0.237  speed=29.0/38.0 km/h
2026-10-08 20:56:44 [INFO]   ✓ bengaluru / Hebbal Flyover — CI=0.231  speed=20.0/26.0 km/h
2026-10-08 20:56:45 [INFO]   ✓ mumbai / Western Express Highway Andheri — CI=0.318  speed=15.0/22.0 km/h
2026-10-08 20:56:45 [INFO]   ✓ mumbai / Eastern Freeway Sewri — CI=0.000  speed=26.0/26.0 km/h
2026-10-08 20:56:46 [INFO]   ✓ mumbai / BKC Bandra Kurla Complex — CI=0.370  speed=17.0/27.0 km/h
2026-10-08 20:56:47 [INFO]   ✓ mumbai / Sion Circle — CI=0.450  speed=11.0/20.0 km/h
2026-10-08 20:56:47 [INFO]   ✓ delhi / Ring Road AIIMS — CI=0.290  speed=22.0/31.0 km/h
2026-10-08 20:56:48 [INFO]   ✓ delhi / DND Flyway Noida Entry — CI=0.220  speed=32.0/41.0 km/h
2026-10-08 20:56:49 [INFO]   ✓ delhi / Cyber City Gurgaon — CI=0.000  speed=45.0/45.0 km/h
2026-10-08 20:56:50 [INFO]   ✓ delhi / ITO Junction — CI=0.423  speed=15.0/26.0 km/h
2026-10-08 20:56:51 [INFO]   ✓ pune / Hinjawadi Phase 1 — CI=0.200  speed=24.0/30.0 km/h
2026-10-08 20:56:52 [INFO]   ✓ pune / FC Road Shivajinagar — CI=0.190  speed=17.0/21.0 km/h
2026-10-08 20:56:52 [INFO]   ✓ pune / Magarpatta City Hadapsar — CI=0.000  speed=31.0/31.0 km/h
2026-10-08 20:56:53 [INFO]   ✓ hyderabad / Hitec City Cyber Towers — CI=0.258  speed=23.0/31.0 km/h
2026-10-08 20:56:54 [INFO]   ✓ hyderabad / Gachibowli Junction — CI=0.000  speed=37.0/37.0 km/h
2026-10-08 20:56:54 [INFO]   ✓ hyderabad / Punjagutta Crossing — CI=0.387  speed=19.0/31.0 km/h
2026-10-08 20:56:55 [INFO]   ✓ chennai / OMR Tidel Park — CI=0.267  speed=22.0/30.0 km/h
2026-10-08 20:56:56 [INFO]   ✓ chennai / Kathipara Junction Guindy — CI=0.667  speed=11.0/33.0 km/h
2026-10-08 20:56:56 [INFO]   ✓ chennai / Anna Nagar Roundtana — CI=0.308  speed=18.0/26.0 km/h
2026-10-08 20:56:57 [INFO]   ✓ kolkata / EM Bypass Science City — CI=0.163  speed=36.0/43.0 km/h
2026-10-08 20:56:57 [INFO]   ✓ kolkata / Park Circus 7-Point Crossing — CI=0.404  speed=28.0/47.0 km/h
2026-10-08 20:56:58 [INFO]   ✓ kolkata / Sector V Salt Lake — CI=0.000  speed=22.0/22.0 km/h
2026-10-08 20:56:58 [INFO]   ✓ ahmedabad / SG Highway ISKCON Cross Road — CI=0.250  speed=27.0/36.0 km/h
2026-10-08 20:56:59 [INFO]   ✓ ahmedabad / Ashram Road Income Tax Circle — CI=0.154  speed=33.0/39.0 km/h
2026-10-08 20:57:00 [INFO]   ✓ jaipur / JLN Marg Jawahar Circle — CI=0.000  speed=44.0/44.0 km/h
2026-10-08 20:57:00 [INFO]   ✓ jaipur / Ajmer Road 200 Feet Bypass — CI=0.000  speed=36.0/36.0 km/h
2026-10-08 20:57:01 [INFO]   ✓ kochi / Edappally Toll Junction — CI=0.000  speed=20.0/20.0 km/h
2026-10-08 20:57:02 [INFO]   ✓ lucknow / Hazratganj Crossing — CI=0.276  speed=21.0/29.0 km/h
2026-10-08 20:57:02 [INFO]   → Saved 212 records to C:\Users\albus\projects\traffic_congession\data\telemetry\city=ahmedabad\2026-10-08.parquet
2026-10-08 20:57:02 [INFO]   → Saved 445 records to C:\Users\albus\projects\traffic_congession\data\telemetry\city=bengaluru\2026-10-08.parquet
2026-10-08 20:57:02 [INFO]   → Saved 318 records to C:\Users\albus\projects\traffic_congession\data\telemetry\city=chennai\2026-10-08.parquet
2026-10-08 20:57:02 [INFO]   → Saved 445 records to C:\Users\albus\projects\traffic_congession\data\telemetry\city=delhi\2026-10-08.parquet
2026-10-08 20:57:02 [INFO]   → Saved 318 records to C:\Users\albus\projects\traffic_congession\data\telemetry\city=hyderabad\2026-10-08.parquet
2026-10-08 20:57:02 [INFO]   → Saved 212 records to C:\Users\albus\projects\traffic_congession\data\telemetry\city=jaipur\2026-10-08.parquet
2026-10-08 20:57:02 [INFO]   → Saved 106 records to C:\Users\albus\projects\traffic_congession\data\telemetry\city=kochi\2026-10-08.parquet
2026-10-08 20:57:02 [INFO]   → Saved 318 records to C:\Users\albus\projects\traffic_congession\data\telemetry\city=kolkata\2026-10-08.parquet
2026-10-08 20:57:02 [INFO]   → Saved 106 records to C:\Users\albus\projects\traffic_congession\data\telemetry\city=lucknow\2026-10-08.parquet
2026-10-08 20:57:02 [INFO]   → Saved 445 records to C:\Users\albus\projects\traffic_congession\data\telemetry\city=mumbai\2026-10-08.parquet
2026-10-08 20:57:02 [INFO]   → Saved 331 records to C:\Users\albus\projects\traffic_congession\data\telemetry\city=pune\2026-10-08.parquet
2026-10-08 20:57:02 [INFO] Next batch in 5 minutes. Sleeping...
2026-10-08 21:02:02 [INFO] --- Batch start at 21:02:02 ---
2026-10-08 21:02:02 [INFO]   ✓ bengaluru / Silk Board Junction — CI=0.000  speed=42.0/42.0 km/h
2026-10-08 21:02:03 [INFO]   ✓ bengaluru / Marathahalli Bridge — CI=0.229  speed=27.0/35.0 km/h
2026-10-08 21:02:04 [INFO]   ✓ bengaluru / Whitefield Road — CI=0.184  speed=31.0/38.0 km/h
2026-10-08 21:02:05 [INFO]   ✓ bengaluru / Hebbal Flyover — CI=0.231  speed=20.0/26.0 km/h
2026-10-08 21:02:06 [INFO]   ✓ mumbai / Western Express Highway Andheri — CI=0.333  speed=14.0/21.0 km/h
2026-10-08 21:02:07 [INFO]   ✓ mumbai / Eastern Freeway Sewri — CI=0.000  speed=26.0/26.0 km/h
2026-10-08 21:02:07 [INFO]   ✓ mumbai / BKC Bandra Kurla Complex — CI=0.333  speed=18.0/27.0 km/h
2026-10-08 21:02:08 [INFO]   ✓ mumbai / Sion Circle — CI=0.474  speed=10.0/19.0 km/h
2026-10-08 21:02:09 [INFO]   ✓ delhi / Ring Road AIIMS — CI=0.258  speed=23.0/31.0 km/h
2026-10-08 21:02:10 [INFO]   ✓ delhi / DND Flyway Noida Entry — CI=0.220  speed=32.0/41.0 km/h
2026-10-08 21:02:10 [INFO]   ✓ delhi / Cyber City Gurgaon — CI=0.000  speed=45.0/45.0 km/h
2026-10-08 21:02:11 [INFO]   ✓ delhi / ITO Junction — CI=0.462  speed=14.0/26.0 km/h
2026-10-08 21:02:12 [INFO]   ✓ pune / Hinjawadi Phase 1 — CI=0.200  speed=24.0/30.0 km/h
2026-10-08 21:02:13 [INFO]   ✓ pune / FC Road Shivajinagar — CI=0.227  speed=17.0/22.0 km/h
2026-10-08 21:02:13 [INFO]   ✓ pune / Magarpatta City Hadapsar — CI=0.000  speed=31.0/31.0 km/h
2026-10-08 21:02:14 [INFO]   ✓ hyderabad / Hitec City Cyber Towers — CI=0.000  speed=31.0/31.0 km/h
2026-10-08 21:02:15 [INFO]   ✓ hyderabad / Gachibowli Junction — CI=0.139  speed=31.0/36.0 km/h
2026-10-08 21:02:15 [INFO]   ✓ hyderabad / Punjagutta Crossing — CI=0.312  speed=22.0/32.0 km/h
2026-10-08 21:02:16 [INFO]   ✓ chennai / OMR Tidel Park — CI=0.300  speed=21.0/30.0 km/h
2026-10-08 21:02:17 [INFO]   ✓ chennai / Kathipara Junction Guindy — CI=0.531  speed=15.0/32.0 km/h
2026-10-08 21:02:17 [INFO]   ✓ chennai / Anna Nagar Roundtana — CI=0.385  speed=16.0/26.0 km/h
2026-10-08 21:02:18 [INFO]   ✓ kolkata / EM Bypass Science City — CI=0.000  speed=42.0/42.0 km/h
2026-10-08 21:02:19 [INFO]   ✓ kolkata / Park Circus 7-Point Crossing — CI=0.383  speed=29.0/47.0 km/h
2026-10-08 21:02:19 [INFO]   ✓ kolkata / Sector V Salt Lake — CI=0.000  speed=22.0/22.0 km/h
2026-10-08 21:02:20 [INFO]   ✓ ahmedabad / SG Highway ISKCON Cross Road — CI=0.167  speed=30.0/36.0 km/h
2026-10-08 21:02:21 [INFO]   ✓ ahmedabad / Ashram Road Income Tax Circle — CI=0.000  speed=40.0/40.0 km/h
2026-10-08 21:02:21 [INFO]   ✓ jaipur / JLN Marg Jawahar Circle — CI=0.000  speed=44.0/44.0 km/h
2026-10-08 21:02:22 [INFO]   ✓ jaipur / Ajmer Road 200 Feet Bypass — CI=0.114  speed=31.0/35.0 km/h
2026-10-08 21:02:22 [INFO]   ✓ kochi / Edappally Toll Junction — CI=0.000  speed=20.0/20.0 km/h
2026-10-08 21:02:23 [INFO]   ✓ lucknow / Hazratganj Crossing — CI=0.241  speed=22.0/29.0 km/h
2026-10-08 21:02:23 [INFO]   → Saved 214 records to C:\Users\albus\projects\traffic_congession\data\telemetry\city=ahmedabad\2026-10-08.parquet
2026-10-08 21:02:24 [INFO]   → Saved 449 records to C:\Users\albus\projects\traffic_congession\data\telemetry\city=bengaluru\2026-10-08.parquet
2026-10-08 21:02:24 [INFO]   → Saved 321 records to C:\Users\albus\projects\traffic_congession\data\telemetry\city=chennai\2026-10-08.parquet
2026-10-08 21:02:24 [INFO]   → Saved 449 records to C:\Users\albus\projects\traffic_congession\data\telemetry\city=delhi\2026-10-08.parquet
2026-10-08 21:02:24 [INFO]   → Saved 321 records to C:\Users\albus\projects\traffic_congession\data\telemetry\city=hyderabad\2026-10-08.parquet
2026-10-08 21:02:24 [INFO]   → Saved 214 records to C:\Users\albus\projects\traffic_congession\data\telemetry\city=jaipur\2026-10-08.parquet
2026-10-08 21:02:24 [INFO]   → Saved 107 records to C:\Users\albus\projects\traffic_congession\data\telemetry\city=kochi\2026-10-08.parquet
2026-10-08 21:02:24 [INFO]   → Saved 321 records to C:\Users\albus\projects\traffic_congession\data\telemetry\city=kolkata\2026-10-08.parquet
2026-10-08 21:02:24 [INFO]   → Saved 107 records to C:\Users\albus\projects\traffic_congession\data\telemetry\city=lucknow\2026-10-08.parquet
2026-10-08 21:02:24 [INFO]   → Saved 449 records to C:\Users\albus\projects\traffic_congession\data\telemetry\city=mumbai\2026-10-08.parquet
2026-10-08 21:02:24 [INFO]   → Saved 334 records to C:\Users\albus\projects\traffic_congession\data\telemetry\city=pune\2026-10-08.parquet
2026-10-08 21:02:24 [INFO] Next batch in 5 minutes. Sleeping...
2026-10-08 21:07:24 [INFO] --- Batch start at 21:07:24 ---
2026-10-08 21:07:25 [INFO]   ✓ bengaluru / Silk Board Junction — CI=0.286  speed=30.0/42.0 km/h
2026-10-08 21:07:25 [INFO]   ✓ bengaluru / Marathahalli Bridge — CI=0.200  speed=28.0/35.0 km/h
2026-10-08 21:07:26 [INFO]   ✓ bengaluru / Whitefield Road — CI=0.189  speed=30.0/37.0 km/h
2026-10-08 21:07:27 [INFO]   ✓ bengaluru / Hebbal Flyover — CI=0.200  speed=20.0/25.0 km/h
2026-10-08 21:07:28 [INFO]   ✓ mumbai / Western Express Highway Andheri — CI=0.318  speed=15.0/22.0 km/h
2026-10-08 21:07:28 [INFO]   ✓ mumbai / Eastern Freeway Sewri — CI=0.000  speed=26.0/26.0 km/h
2026-10-08 21:07:29 [INFO]   ✓ mumbai / BKC Bandra Kurla Complex — CI=0.259  speed=20.0/27.0 km/h
2026-10-08 21:07:29 [INFO]   ✓ mumbai / Sion Circle — CI=0.550  speed=9.0/20.0 km/h
2026-10-08 21:07:30 [INFO]   ✓ delhi / Ring Road AIIMS — CI=0.355  speed=20.0/31.0 km/h
2026-10-08 21:07:31 [INFO]   ✓ delhi / DND Flyway Noida Entry — CI=0.220  speed=32.0/41.0 km/h
2026-10-08 21:07:31 [INFO]   ✓ delhi / Cyber City Gurgaon — CI=0.000  speed=45.0/45.0 km/h
2026-10-08 21:07:32 [INFO]   ✓ delhi / ITO Junction — CI=0.481  speed=14.0/27.0 km/h
2026-10-08 21:07:33 [INFO]   ✓ pune / Hinjawadi Phase 1 — CI=0.167  speed=25.0/30.0 km/h
2026-10-08 21:07:33 [INFO]   ✓ pune / FC Road Shivajinagar — CI=0.182  speed=18.0/22.0 km/h
2026-10-08 21:07:34 [INFO]   ✓ pune / Magarpatta City Hadapsar — CI=0.000  speed=31.0/31.0 km/h
2026-10-08 21:07:35 [INFO]   ✓ hyderabad / Hitec City Cyber Towers — CI=0.129  speed=27.0/31.0 km/h
2026-10-08 21:07:36 [INFO]   ✓ hyderabad / Gachibowli Junction — CI=0.194  speed=29.0/36.0 km/h
2026-10-08 21:07:36 [INFO]   ✓ hyderabad / Punjagutta Crossing — CI=0.300  speed=21.0/30.0 km/h
2026-10-08 21:07:37 [INFO]   ✓ chennai / OMR Tidel Park — CI=0.300  speed=21.0/30.0 km/h
2026-10-08 21:07:37 [INFO]   ✓ chennai / Kathipara Junction Guindy — CI=0.438  speed=18.0/32.0 km/h
2026-10-08 21:07:38 [INFO]   ✓ chennai / Anna Nagar Roundtana — CI=0.269  speed=19.0/26.0 km/h
2026-10-08 21:07:39 [INFO]   ✓ kolkata / EM Bypass Science City — CI=0.000  speed=42.0/42.0 km/h
2026-10-08 21:07:40 [INFO]   ✓ kolkata / Park Circus 7-Point Crossing — CI=0.354  speed=31.0/48.0 km/h
2026-10-08 21:07:40 [INFO]   ✓ kolkata / Sector V Salt Lake — CI=0.000  speed=22.0/22.0 km/h
2026-10-08 21:07:41 [INFO]   ✓ ahmedabad / SG Highway ISKCON Cross Road — CI=0.143  speed=30.0/35.0 km/h
2026-10-08 21:07:42 [INFO]   ✓ ahmedabad / Ashram Road Income Tax Circle — CI=0.000  speed=40.0/40.0 km/h
2026-10-08 21:07:42 [INFO]   ✓ jaipur / JLN Marg Jawahar Circle — CI=0.000  speed=44.0/44.0 km/h
2026-10-08 21:07:43 [INFO]   ✓ jaipur / Ajmer Road 200 Feet Bypass — CI=0.000  speed=36.0/36.0 km/h
2026-10-08 21:07:43 [INFO]   ✓ kochi / Edappally Toll Junction — CI=0.211  speed=15.0/19.0 km/h
2026-10-08 21:07:44 [INFO]   ✓ lucknow / Hazratganj Crossing — CI=0.241  speed=22.0/29.0 km/h
2026-10-08 21:07:44 [INFO]   → Saved 216 records to C:\Users\albus\projects\traffic_congession\data\telemetry\city=ahmedabad\2026-10-08.parquet
2026-10-08 21:07:44 [INFO]   → Saved 453 records to C:\Users\albus\projects\traffic_congession\data\telemetry\city=bengaluru\2026-10-08.parquet
2026-10-08 21:07:44 [INFO]   → Saved 324 records to C:\Users\albus\projects\traffic_congession\data\telemetry\city=chennai\2026-10-08.parquet
2026-10-08 21:07:44 [INFO]   → Saved 453 records to C:\Users\albus\projects\traffic_congession\data\telemetry\city=delhi\2026-10-08.parquet
2026-10-08 21:07:44 [INFO]   → Saved 324 records to C:\Users\albus\projects\traffic_congession\data\telemetry\city=hyderabad\2026-10-08.parquet
2026-10-08 21:07:44 [INFO]   → Saved 216 records to C:\Users\albus\projects\traffic_congession\data\telemetry\city=jaipur\2026-10-08.parquet
2026-10-08 21:07:44 [INFO]   → Saved 108 records to C:\Users\albus\projects\traffic_congession\data\telemetry\city=kochi\2026-10-08.parquet
2026-10-08 21:07:44 [INFO]   → Saved 324 records to C:\Users\albus\projects\traffic_congession\data\telemetry\city=kolkata\2026-10-08.parquet
2026-10-08 21:07:44 [INFO]   → Saved 108 records to C:\Users\albus\projects\traffic_congession\data\telemetry\city=lucknow\2026-10-08.parquet
2026-10-08 21:07:44 [INFO]   → Saved 453 records to C:\Users\albus\projects\traffic_congession\data\telemetry\city=mumbai\2026-10-08.parquet
2026-10-08 21:07:44 [INFO]   → Saved 337 records to C:\Users\albus\projects\traffic_congession\data\telemetry\city=pune\2026-10-08.parquet
2026-10-08 21:07:44 [INFO] Next batch in 5 minutes. Sleeping...
2026-10-08 21:12:44 [INFO] --- Batch start at 21:12:44 ---
2026-10-08 21:12:45 [INFO]   ✓ bengaluru / Silk Board Junction — CI=0.000  speed=42.0/42.0 km/h
2026-10-08 21:12:46 [INFO]   ✓ bengaluru / Marathahalli Bridge — CI=0.200  speed=28.0/35.0 km/h
2026-10-08 21:12:47 [INFO]   ✓ bengaluru / Whitefield Road — CI=0.216  speed=29.0/37.0 km/h
2026-10-08 21:12:48 [INFO]   ✓ bengaluru / Hebbal Flyover — CI=0.231  speed=20.0/26.0 km/h
2026-10-08 21:12:49 [INFO]   ✓ mumbai / Western Express Highway Andheri — CI=0.273  speed=16.0/22.0 km/h
2026-10-08 21:12:49 [INFO]   ✓ mumbai / Eastern Freeway Sewri — CI=0.000  speed=26.0/26.0 km/h
2026-10-08 21:12:50 [INFO]   ✓ mumbai / BKC Bandra Kurla Complex — CI=0.148  speed=23.0/27.0 km/h
2026-10-08 21:12:50 [INFO]   ✓ mumbai / Sion Circle — CI=0.333  speed=12.0/18.0 km/h
2026-10-08 21:12:51 [INFO]   ✓ delhi / Ring Road AIIMS — CI=0.290  speed=22.0/31.0 km/h
2026-10-08 21:12:52 [INFO]   ✓ delhi / DND Flyway Noida Entry — CI=0.195  speed=33.0/41.0 km/h
2026-10-08 21:12:53 [INFO]   ✓ delhi / Cyber City Gurgaon — CI=0.000  speed=45.0/45.0 km/h
2026-10-08 21:12:54 [INFO]   ✓ delhi / ITO Junction — CI=0.444  speed=15.0/27.0 km/h
2026-10-08 21:12:55 [INFO]   ✓ pune / Hinjawadi Phase 1 — CI=0.200  speed=24.0/30.0 km/h
2026-10-08 21:12:56 [INFO]   ✓ pune / FC Road Shivajinagar — CI=0.000  speed=22.0/22.0 km/h
2026-10-08 21:12:56 [INFO]   ✓ pune / Magarpatta City Hadapsar — CI=0.000  speed=31.0/31.0 km/h
2026-10-08 21:12:57 [INFO]   ✓ hyderabad / Hitec City Cyber Towers — CI=0.000  speed=31.0/31.0 km/h
2026-10-08 21:12:58 [INFO]   ✓ hyderabad / Gachibowli Junction — CI=0.139  speed=31.0/36.0 km/h
2026-10-08 21:12:58 [INFO]   ✓ hyderabad / Punjagutta Crossing — CI=0.167  speed=25.0/30.0 km/h
2026-10-08 21:12:59 [INFO]   ✓ chennai / OMR Tidel Park — CI=0.333  speed=20.0/30.0 km/h
2026-10-08 21:13:00 [INFO]   ✓ chennai / Kathipara Junction Guindy — CI=0.281  speed=23.0/32.0 km/h
2026-10-08 21:13:01 [INFO]   ✓ chennai / Anna Nagar Roundtana — CI=0.308  speed=18.0/26.0 km/h
2026-10-08 21:13:01 [INFO]   ✓ kolkata / EM Bypass Science City — CI=0.000  speed=42.0/42.0 km/h
2026-10-08 21:13:02 [INFO]   ✓ kolkata / Park Circus 7-Point Crossing — CI=0.354  speed=31.0/48.0 km/h
2026-10-08 21:13:03 [INFO]   ✓ kolkata / Sector V Salt Lake — CI=0.238  speed=16.0/21.0 km/h
2026-10-08 21:13:03 [INFO]   ✓ ahmedabad / SG Highway ISKCON Cross Road — CI=0.114  speed=31.0/35.0 km/h
2026-10-08 21:13:04 [INFO]   ✓ ahmedabad / Ashram Road Income Tax Circle — CI=0.179  speed=32.0/39.0 km/h
2026-10-08 21:13:05 [INFO]   ✓ jaipur / JLN Marg Jawahar Circle — CI=0.000  speed=44.0/44.0 km/h
2026-10-08 21:13:06 [INFO]   ✓ jaipur / Ajmer Road 200 Feet Bypass — CI=0.000  speed=36.0/36.0 km/h
2026-10-08 21:13:07 [INFO]   ✓ kochi / Edappally Toll Junction — CI=0.000  speed=20.0/20.0 km/h
2026-10-08 21:13:08 [INFO]   ✓ lucknow / Hazratganj Crossing — CI=0.241  speed=22.0/29.0 km/h
2026-10-08 21:13:08 [INFO]   → Saved 218 records to C:\Users\albus\projects\traffic_congession\data\telemetry\city=ahmedabad\2026-10-08.parquet
2026-10-08 21:13:08 [INFO]   → Saved 457 records to C:\Users\albus\projects\traffic_congession\data\telemetry\city=bengaluru\2026-10-08.parquet
2026-10-08 21:13:08 [INFO]   → Saved 327 records to C:\Users\albus\projects\traffic_congession\data\telemetry\city=chennai\2026-10-08.parquet
2026-10-08 21:13:08 [INFO]   → Saved 457 records to C:\Users\albus\projects\traffic_congession\data\telemetry\city=delhi\2026-10-08.parquet
2026-10-08 21:13:08 [INFO]   → Saved 327 records to C:\Users\albus\projects\traffic_congession\data\telemetry\city=hyderabad\2026-10-08.parquet
2026-10-08 21:13:08 [INFO]   → Saved 218 records to C:\Users\albus\projects\traffic_congession\data\telemetry\city=jaipur\2026-10-08.parquet
2026-10-08 21:13:08 [INFO]   → Saved 109 records to C:\Users\albus\projects\traffic_congession\data\telemetry\city=kochi\2026-10-08.parquet
2026-10-08 21:13:08 [INFO]   → Saved 327 records to C:\Users\albus\projects\traffic_congession\data\telemetry\city=kolkata\2026-10-08.parquet
2026-10-08 21:13:08 [INFO]   → Saved 109 records to C:\Users\albus\projects\traffic_congession\data\telemetry\city=lucknow\2026-10-08.parquet
2026-10-08 21:13:08 [INFO]   → Saved 457 records to C:\Users\albus\projects\traffic_congession\data\telemetry\city=mumbai\2026-10-08.parquet
2026-10-08 21:13:08 [INFO]   → Saved 340 records to C:\Users\albus\projects\traffic_congession\data\telemetry\city=pune\2026-10-08.parquet
2026-10-08 21:13:08 [INFO] Next batch in 5 minutes. Sleeping...
2026-10-08 21:18:08 [INFO] --- Batch start at 21:18:08 ---
2026-10-08 21:18:09 [INFO]   ✓ bengaluru / Silk Board Junction — CI=0.195  speed=33.0/41.0 km/h
2026-10-08 21:18:10 [INFO]   ✓ bengaluru / Marathahalli Bridge — CI=0.200  speed=28.0/35.0 km/h
2026-10-08 21:18:11 [INFO]   ✓ bengaluru / Whitefield Road — CI=0.211  speed=30.0/38.0 km/h
2026-10-08 21:18:11 [INFO]   ✓ bengaluru / Hebbal Flyover — CI=0.231  speed=20.0/26.0 km/h
2026-10-08 21:18:12 [INFO]   ✓ mumbai / Western Express Highway Andheri — CI=0.318  speed=15.0/22.0 km/h
2026-10-08 21:18:13 [INFO]   ✓ mumbai / Eastern Freeway Sewri — CI=0.000  speed=26.0/26.0 km/h
2026-10-08 21:18:14 [INFO]   ✓ mumbai / BKC Bandra Kurla Complex — CI=0.185  speed=22.0/27.0 km/h
2026-10-08 21:18:14 [INFO]   ✓ mumbai / Sion Circle — CI=0.368  speed=12.0/19.0 km/h
2026-10-08 21:18:16 [INFO]   ✓ delhi / Ring Road AIIMS — CI=0.258  speed=23.0/31.0 km/h
2026-10-08 21:18:17 [INFO]   ✓ delhi / DND Flyway Noida Entry — CI=0.195  speed=33.0/41.0 km/h
2026-10-08 21:18:18 [INFO]   ✓ delhi / Cyber City Gurgaon — CI=0.000  speed=45.0/45.0 km/h
2026-10-08 21:18:18 [INFO]   ✓ delhi / ITO Junction — CI=0.444  speed=15.0/27.0 km/h
2026-10-08 21:18:20 [INFO]   ✓ pune / Hinjawadi Phase 1 — CI=0.167  speed=25.0/30.0 km/h
2026-10-08 21:18:20 [INFO]   ✓ pune / FC Road Shivajinagar — CI=0.273  speed=16.0/22.0 km/h
2026-10-08 21:18:21 [INFO]   ✓ pune / Magarpatta City Hadapsar — CI=0.000  speed=31.0/31.0 km/h
2026-10-08 21:18:21 [INFO]   ✓ hyderabad / Hitec City Cyber Towers — CI=0.000  speed=31.0/31.0 km/h
2026-10-08 21:18:22 [INFO]   ✓ hyderabad / Gachibowli Junction — CI=0.139  speed=31.0/36.0 km/h
2026-10-08 21:18:23 [INFO]   ✓ hyderabad / Punjagutta Crossing — CI=0.233  speed=23.0/30.0 km/h
2026-10-08 21:18:24 [INFO]   ✓ chennai / OMR Tidel Park — CI=0.333  speed=20.0/30.0 km/h
2026-10-08 21:18:24 [INFO]   ✓ chennai / Kathipara Junction Guindy — CI=0.281  speed=23.0/32.0 km/h
2026-10-08 21:18:25 [INFO]   ✓ chennai / Anna Nagar Roundtana — CI=0.231  speed=20.0/26.0 km/h
2026-10-08 21:18:26 [INFO]   ✓ kolkata / EM Bypass Science City — CI=0.163  speed=36.0/43.0 km/h
2026-10-08 21:18:26 [INFO]   ✓ kolkata / Park Circus 7-Point Crossing — CI=0.340  speed=31.0/47.0 km/h
2026-10-08 21:18:27 [INFO]   ✓ kolkata / Sector V Salt Lake — CI=0.381  speed=13.0/21.0 km/h
2026-10-08 21:18:28 [INFO]   ✓ ahmedabad / SG Highway ISKCON Cross Road — CI=0.194  speed=29.0/36.0 km/h
2026-10-08 21:18:28 [INFO]   ✓ ahmedabad / Ashram Road Income Tax Circle — CI=0.225  speed=31.0/40.0 km/h
2026-10-08 21:18:29 [INFO]   ✓ jaipur / JLN Marg Jawahar Circle — CI=0.000  speed=44.0/44.0 km/h
2026-10-08 21:18:30 [INFO]   ✓ jaipur / Ajmer Road 200 Feet Bypass — CI=0.000  speed=36.0/36.0 km/h
2026-10-08 21:18:31 [INFO]   ✓ kochi / Edappally Toll Junction — CI=0.250  speed=15.0/20.0 km/h
2026-10-08 21:18:31 [INFO]   ✓ lucknow / Hazratganj Crossing — CI=0.276  speed=21.0/29.0 km/h
2026-10-08 21:18:31 [INFO]   → Saved 220 records to C:\Users\albus\projects\traffic_congession\data\telemetry\city=ahmedabad\2026-10-08.parquet
2026-10-08 21:18:31 [INFO]   → Saved 461 records to C:\Users\albus\projects\traffic_congession\data\telemetry\city=bengaluru\2026-10-08.parquet
2026-10-08 21:18:32 [INFO]   → Saved 330 records to C:\Users\albus\projects\traffic_congession\data\telemetry\city=chennai\2026-10-08.parquet
2026-10-08 21:18:32 [INFO]   → Saved 461 records to C:\Users\albus\projects\traffic_congession\data\telemetry\city=delhi\2026-10-08.parquet
2026-10-08 21:18:32 [INFO]   → Saved 330 records to C:\Users\albus\projects\traffic_congession\data\telemetry\city=hyderabad\2026-10-08.parquet
2026-10-08 21:18:32 [INFO]   → Saved 220 records to C:\Users\albus\projects\traffic_congession\data\telemetry\city=jaipur\2026-10-08.parquet
2026-10-08 21:18:32 [INFO]   → Saved 110 records to C:\Users\albus\projects\traffic_congession\data\telemetry\city=kochi\2026-10-08.parquet
2026-10-08 21:18:32 [INFO]   → Saved 330 records to C:\Users\albus\projects\traffic_congession\data\telemetry\city=kolkata\2026-10-08.parquet
2026-10-08 21:18:32 [INFO]   → Saved 110 records to C:\Users\albus\projects\traffic_congession\data\telemetry\city=lucknow\2026-10-08.parquet
2026-10-08 21:18:32 [INFO]   → Saved 461 records to C:\Users\albus\projects\traffic_congession\data\telemetry\city=mumbai\2026-10-08.parquet
2026-10-08 21:18:32 [INFO]   → Saved 343 records to C:\Users\albus\projects\traffic_congession\data\telemetry\city=pune\2026-10-08.parquet
2026-10-08 21:18:32 [INFO] Next batch in 5 minutes. Sleeping...
2026-10-08 21:23:32 [INFO] --- Batch start at 21:23:32 ---
2026-10-08 21:23:32 [INFO]   ✓ bengaluru / Silk Board Junction — CI=0.000  speed=42.0/42.0 km/h
2026-10-08 21:23:33 [INFO]   ✓ bengaluru / Marathahalli Bridge — CI=0.229  speed=27.0/35.0 km/h
2026-10-08 21:23:34 [INFO]   ✓ bengaluru / Whitefield Road — CI=0.237  speed=29.0/38.0 km/h
2026-10-08 21:23:35 [INFO]   ✓ bengaluru / Hebbal Flyover — CI=0.192  speed=21.0/26.0 km/h
2026-10-08 21:23:36 [INFO]   ✓ mumbai / Western Express Highway Andheri — CI=0.318  speed=15.0/22.0 km/h
2026-10-08 21:23:37 [INFO]   ✓ mumbai / Eastern Freeway Sewri — CI=0.000  speed=26.0/26.0 km/h
2026-10-08 21:23:37 [INFO]   ✓ mumbai / BKC Bandra Kurla Complex — CI=0.185  speed=22.0/27.0 km/h
2026-10-08 21:23:38 [INFO]   ✓ mumbai / Sion Circle — CI=0.400  speed=12.0/20.0 km/h
2026-10-08 21:23:39 [INFO]   ✓ delhi / Ring Road AIIMS — CI=0.258  speed=23.0/31.0 km/h
2026-10-08 21:23:40 [INFO]   ✓ delhi / DND Flyway Noida Entry — CI=0.195  speed=33.0/41.0 km/h
2026-10-08 21:23:40 [INFO]   ✓ delhi / Cyber City Gurgaon — CI=0.000  speed=45.0/45.0 km/h
2026-10-08 21:23:41 [INFO]   ✓ delhi / ITO Junction — CI=0.423  speed=15.0/26.0 km/h
2026-10-08 21:23:42 [INFO]   ✓ pune / Hinjawadi Phase 1 — CI=0.167  speed=25.0/30.0 km/h
2026-10-08 21:23:43 [INFO]   ✓ pune / FC Road Shivajinagar — CI=0.227  speed=17.0/22.0 km/h
2026-10-08 21:23:43 [INFO]   ✓ pune / Magarpatta City Hadapsar — CI=0.000  speed=31.0/31.0 km/h
2026-10-08 21:23:44 [INFO]   ✓ hyderabad / Hitec City Cyber Towers — CI=0.000  speed=31.0/31.0 km/h
2026-10-08 21:23:45 [INFO]   ✓ hyderabad / Gachibowli Junction — CI=0.139  speed=31.0/36.0 km/h
2026-10-08 21:23:45 [INFO]   ✓ hyderabad / Punjagutta Crossing — CI=0.000  speed=30.0/30.0 km/h
2026-10-08 21:23:46 [INFO]   ✓ chennai / OMR Tidel Park — CI=0.300  speed=21.0/30.0 km/h
2026-10-08 21:23:47 [INFO]   ✓ chennai / Kathipara Junction Guindy — CI=0.000  speed=33.0/33.0 km/h
2026-10-08 21:23:48 [INFO]   ✓ chennai / Anna Nagar Roundtana — CI=0.308  speed=18.0/26.0 km/h
2026-10-08 21:23:48 [INFO]   ✓ kolkata / EM Bypass Science City — CI=0.163  speed=36.0/43.0 km/h
2026-10-08 21:23:49 [INFO]   ✓ kolkata / Park Circus 7-Point Crossing — CI=0.000  speed=48.0/48.0 km/h
2026-10-08 21:23:50 [INFO]   ✓ kolkata / Sector V Salt Lake — CI=0.238  speed=16.0/21.0 km/h
2026-10-08 21:23:50 [INFO]   ✓ ahmedabad / SG Highway ISKCON Cross Road — CI=0.111  speed=32.0/36.0 km/h
2026-10-08 21:23:51 [INFO]   ✓ ahmedabad / Ashram Road Income Tax Circle — CI=0.179  speed=32.0/39.0 km/h
2026-10-08 21:23:52 [INFO]   ✓ jaipur / JLN Marg Jawahar Circle — CI=0.000  speed=44.0/44.0 km/h
2026-10-08 21:23:52 [INFO]   ✓ jaipur / Ajmer Road 200 Feet Bypass — CI=0.000  speed=36.0/36.0 km/h
2026-10-08 21:23:53 [INFO]   ✓ kochi / Edappally Toll Junction — CI=0.000  speed=20.0/20.0 km/h
2026-10-08 21:23:54 [INFO]   ✓ lucknow / Hazratganj Crossing — CI=0.276  speed=21.0/29.0 km/h
2026-10-08 21:23:54 [INFO]   → Saved 222 records to C:\Users\albus\projects\traffic_congession\data\telemetry\city=ahmedabad\2026-10-08.parquet
2026-10-08 21:23:54 [INFO]   → Saved 465 records to C:\Users\albus\projects\traffic_congession\data\telemetry\city=bengaluru\2026-10-08.parquet
2026-10-08 21:23:54 [INFO]   → Saved 333 records to C:\Users\albus\projects\traffic_congession\data\telemetry\city=chennai\2026-10-08.parquet
2026-10-08 21:23:54 [INFO]   → Saved 465 records to C:\Users\albus\projects\traffic_congession\data\telemetry\city=delhi\2026-10-08.parquet
2026-10-08 21:23:54 [INFO]   → Saved 333 records to C:\Users\albus\projects\traffic_congession\data\telemetry\city=hyderabad\2026-10-08.parquet
2026-10-08 21:23:54 [INFO]   → Saved 222 records to C:\Users\albus\projects\traffic_congession\data\telemetry\city=jaipur\2026-10-08.parquet
2026-10-08 21:23:54 [INFO]   → Saved 111 records to C:\Users\albus\projects\traffic_congession\data\telemetry\city=kochi\2026-10-08.parquet
2026-10-08 21:23:54 [INFO]   → Saved 333 records to C:\Users\albus\projects\traffic_congession\data\telemetry\city=kolkata\2026-10-08.parquet
2026-10-08 21:23:54 [INFO]   → Saved 111 records to C:\Users\albus\projects\traffic_congession\data\telemetry\city=lucknow\2026-10-08.parquet
2026-10-08 21:23:54 [INFO]   → Saved 465 records to C:\Users\albus\projects\traffic_congession\data\telemetry\city=mumbai\2026-10-08.parquet
2026-10-08 21:23:54 [INFO]   → Saved 346 records to C:\Users\albus\projects\traffic_congession\data\telemetry\city=pune\2026-10-08.parquet
2026-10-08 21:23:54 [INFO] Next batch in 5 minutes. Sleeping...
2026-10-08 21:28:54 [INFO] --- Batch start at 21:28:54 ---
2026-10-08 21:28:55 [INFO]   ✓ bengaluru / Silk Board Junction — CI=0.000  speed=42.0/42.0 km/h
2026-10-08 21:28:56 [INFO]   ✓ bengaluru / Marathahalli Bridge — CI=0.229  speed=27.0/35.0 km/h
2026-10-08 21:28:57 [INFO]   ✓ bengaluru / Whitefield Road — CI=0.263  speed=28.0/38.0 km/h
2026-10-08 21:28:58 [INFO]   ✓ bengaluru / Hebbal Flyover — CI=0.192  speed=21.0/26.0 km/h
2026-10-08 21:28:59 [INFO]   ✓ mumbai / Western Express Highway Andheri — CI=0.273  speed=16.0/22.0 km/h
2026-10-08 21:28:59 [INFO]   ✓ mumbai / Eastern Freeway Sewri — CI=0.000  speed=26.0/26.0 km/h
2026-10-08 21:29:00 [INFO]   ✓ mumbai / BKC Bandra Kurla Complex — CI=0.222  speed=21.0/27.0 km/h
2026-10-08 21:29:00 [INFO]   ✓ mumbai / Sion Circle — CI=0.526  speed=9.0/19.0 km/h
2026-10-08 21:29:01 [INFO]   ✓ delhi / Ring Road AIIMS — CI=0.258  speed=23.0/31.0 km/h
2026-10-08 21:29:02 [INFO]   ✓ delhi / DND Flyway Noida Entry — CI=0.000  speed=41.0/41.0 km/h
2026-10-08 21:29:03 [INFO]   ✓ delhi / Cyber City Gurgaon — CI=0.000  speed=45.0/45.0 km/h
2026-10-08 21:29:03 [INFO]   ✓ delhi / ITO Junction — CI=0.423  speed=15.0/26.0 km/h
2026-10-08 21:29:04 [INFO]   ✓ pune / Hinjawadi Phase 1 — CI=0.167  speed=25.0/30.0 km/h
2026-10-08 21:29:05 [INFO]   ✓ pune / FC Road Shivajinagar — CI=0.286  speed=15.0/21.0 km/h
2026-10-08 21:29:06 [INFO]   ✓ pune / Magarpatta City Hadapsar — CI=0.000  speed=31.0/31.0 km/h
2026-10-08 21:29:06 [INFO]   ✓ hyderabad / Hitec City Cyber Towers — CI=0.000  speed=31.0/31.0 km/h
2026-10-08 21:29:07 [INFO]   ✓ hyderabad / Gachibowli Junction — CI=0.167  speed=30.0/36.0 km/h
2026-10-08 21:29:08 [INFO]   ✓ hyderabad / Punjagutta Crossing — CI=0.241  speed=22.0/29.0 km/h
2026-10-08 21:29:08 [INFO]   ✓ chennai / OMR Tidel Park — CI=0.367  speed=19.0/30.0 km/h
2026-10-08 21:29:09 [INFO]   ✓ chennai / Kathipara Junction Guindy — CI=0.000  speed=33.0/33.0 km/h
2026-10-08 21:29:10 [INFO]   ✓ chennai / Anna Nagar Roundtana — CI=0.346  speed=17.0/26.0 km/h
2026-10-08 21:29:10 [INFO]   ✓ kolkata / EM Bypass Science City — CI=0.140  speed=37.0/43.0 km/h
2026-10-08 21:29:11 [INFO]   ✓ kolkata / Park Circus 7-Point Crossing — CI=0.149  speed=40.0/47.0 km/h
2026-10-08 21:29:12 [INFO]   ✓ kolkata / Sector V Salt Lake — CI=0.227  speed=17.0/22.0 km/h
2026-10-08 21:29:13 [INFO]   ✓ ahmedabad / SG Highway ISKCON Cross Road — CI=0.000  speed=35.0/35.0 km/h
2026-10-08 21:29:13 [INFO]   ✓ ahmedabad / Ashram Road Income Tax Circle — CI=0.200  speed=32.0/40.0 km/h
2026-10-08 21:29:14 [INFO]   ✓ jaipur / JLN Marg Jawahar Circle — CI=0.000  speed=44.0/44.0 km/h
2026-10-08 21:29:15 [INFO]   ✓ jaipur / Ajmer Road 200 Feet Bypass — CI=0.000  speed=36.0/36.0 km/h
2026-10-08 21:29:16 [INFO]   ✓ kochi / Edappally Toll Junction — CI=0.250  speed=15.0/20.0 km/h
2026-10-08 21:29:17 [INFO]   ✓ lucknow / Hazratganj Crossing — CI=0.207  speed=23.0/29.0 km/h
2026-10-08 21:29:17 [INFO]   → Saved 224 records to C:\Users\albus\projects\traffic_congession\data\telemetry\city=ahmedabad\2026-10-08.parquet
2026-10-08 21:29:17 [INFO]   → Saved 469 records to C:\Users\albus\projects\traffic_congession\data\telemetry\city=bengaluru\2026-10-08.parquet
2026-10-08 21:29:17 [INFO]   → Saved 336 records to C:\Users\albus\projects\traffic_congession\data\telemetry\city=chennai\2026-10-08.parquet
2026-10-08 21:29:17 [INFO]   → Saved 469 records to C:\Users\albus\projects\traffic_congession\data\telemetry\city=delhi\2026-10-08.parquet
2026-10-08 21:29:17 [INFO]   → Saved 336 records to C:\Users\albus\projects\traffic_congession\data\telemetry\city=hyderabad\2026-10-08.parquet
2026-10-08 21:29:17 [INFO]   → Saved 224 records to C:\Users\albus\projects\traffic_congession\data\telemetry\city=jaipur\2026-10-08.parquet
2026-10-08 21:29:17 [INFO]   → Saved 112 records to C:\Users\albus\projects\traffic_congession\data\telemetry\city=kochi\2026-10-08.parquet
2026-10-08 21:29:17 [INFO]   → Saved 336 records to C:\Users\albus\projects\traffic_congession\data\telemetry\city=kolkata\2026-10-08.parquet
2026-10-08 21:29:17 [INFO]   → Saved 112 records to C:\Users\albus\projects\traffic_congession\data\telemetry\city=lucknow\2026-10-08.parquet
2026-10-08 21:29:17 [INFO]   → Saved 469 records to C:\Users\albus\projects\traffic_congession\data\telemetry\city=mumbai\2026-10-08.parquet
2026-10-08 21:29:17 [INFO]   → Saved 349 records to C:\Users\albus\projects\traffic_congession\data\telemetry\city=pune\2026-10-08.parquet
2026-10-08 21:29:17 [INFO] Next batch in 5 minutes. Sleeping...
2026-10-08 21:34:17 [INFO] --- Batch start at 21:34:17 ---
2026-10-08 21:34:17 [INFO]   ✓ bengaluru / Silk Board Junction — CI=0.000  speed=42.0/42.0 km/h
2026-10-08 21:34:18 [INFO]   ✓ bengaluru / Marathahalli Bridge — CI=0.222  speed=28.0/36.0 km/h
2026-10-08 21:34:19 [INFO]   ✓ bengaluru / Whitefield Road — CI=0.243  speed=28.0/37.0 km/h
2026-10-08 21:34:20 [INFO]   ✓ bengaluru / Hebbal Flyover — CI=0.192  speed=21.0/26.0 km/h
2026-10-08 21:34:21 [INFO]   ✓ mumbai / Western Express Highway Andheri — CI=0.227  speed=17.0/22.0 km/h
2026-10-08 21:34:22 [INFO]   ✓ mumbai / Eastern Freeway Sewri — CI=0.000  speed=26.0/26.0 km/h
2026-10-08 21:34:22 [INFO]   ✓ mumbai / BKC Bandra Kurla Complex — CI=0.148  speed=23.0/27.0 km/h
2026-10-08 21:34:23 [INFO]   ✓ mumbai / Sion Circle — CI=0.474  speed=10.0/19.0 km/h
2026-10-08 21:34:24 [INFO]   ✓ delhi / Ring Road AIIMS — CI=0.233  speed=23.0/30.0 km/h
2026-10-08 21:34:25 [INFO]   ✓ delhi / DND Flyway Noida Entry — CI=0.171  speed=34.0/41.0 km/h
2026-10-08 21:34:26 [INFO]   ✓ delhi / Cyber City Gurgaon — CI=0.136  speed=38.0/44.0 km/h
2026-10-08 21:34:27 [INFO]   ✓ delhi / ITO Junction — CI=0.407  speed=16.0/27.0 km/h
2026-10-08 21:34:28 [INFO]   ✓ pune / Hinjawadi Phase 1 — CI=0.200  speed=24.0/30.0 km/h
2026-10-08 21:34:29 [INFO]   ✓ pune / FC Road Shivajinagar — CI=0.286  speed=15.0/21.0 km/h
2026-10-08 21:34:29 [INFO]   ✓ pune / Magarpatta City Hadapsar — CI=0.000  speed=31.0/31.0 km/h
2026-10-08 21:34:30 [INFO]   ✓ hyderabad / Hitec City Cyber Towers — CI=0.000  speed=31.0/31.0 km/h
2026-10-08 21:34:31 [INFO]   ✓ hyderabad / Gachibowli Junction — CI=0.167  speed=30.0/36.0 km/h
2026-10-08 21:34:32 [INFO]   ✓ hyderabad / Punjagutta Crossing — CI=0.207  speed=23.0/29.0 km/h
2026-10-08 21:34:33 [INFO]   ✓ chennai / OMR Tidel Park — CI=0.367  speed=19.0/30.0 km/h
2026-10-08 21:34:33 [INFO]   ✓ chennai / Kathipara Junction Guindy — CI=0.000  speed=33.0/33.0 km/h
2026-10-08 21:34:34 [INFO]   ✓ chennai / Anna Nagar Roundtana — CI=0.385  speed=16.0/26.0 km/h
2026-10-08 21:34:35 [INFO]   ✓ kolkata / EM Bypass Science City — CI=0.000  speed=42.0/42.0 km/h
2026-10-08 21:34:36 [INFO]   ✓ kolkata / Park Circus 7-Point Crossing — CI=0.000  speed=48.0/48.0 km/h
2026-10-08 21:34:36 [INFO]   ✓ kolkata / Sector V Salt Lake — CI=0.000  speed=22.0/22.0 km/h
2026-10-08 21:34:37 [INFO]   ✓ ahmedabad / SG Highway ISKCON Cross Road — CI=0.000  speed=35.0/35.0 km/h
2026-10-08 21:34:38 [INFO]   ✓ ahmedabad / Ashram Road Income Tax Circle — CI=0.000  speed=40.0/40.0 km/h
2026-10-08 21:34:39 [INFO]   ✓ jaipur / JLN Marg Jawahar Circle — CI=0.000  speed=44.0/44.0 km/h
2026-10-08 21:34:40 [INFO]   ✓ jaipur / Ajmer Road 200 Feet Bypass — CI=0.000  speed=36.0/36.0 km/h
2026-10-08 21:34:40 [INFO]   ✓ kochi / Edappally Toll Junction — CI=0.200  speed=16.0/20.0 km/h
2026-10-08 21:34:41 [INFO]   ✓ lucknow / Hazratganj Crossing — CI=0.207  speed=23.0/29.0 km/h
2026-10-08 21:34:41 [INFO]   → Saved 226 records to C:\Users\albus\projects\traffic_congession\data\telemetry\city=ahmedabad\2026-10-08.parquet
2026-10-08 21:34:41 [INFO]   → Saved 473 records to C:\Users\albus\projects\traffic_congession\data\telemetry\city=bengaluru\2026-10-08.parquet
2026-10-08 21:34:41 [INFO]   → Saved 339 records to C:\Users\albus\projects\traffic_congession\data\telemetry\city=chennai\2026-10-08.parquet
2026-10-08 21:34:41 [INFO]   → Saved 473 records to C:\Users\albus\projects\traffic_congession\data\telemetry\city=delhi\2026-10-08.parquet
2026-10-08 21:34:41 [INFO]   → Saved 339 records to C:\Users\albus\projects\traffic_congession\data\telemetry\city=hyderabad\2026-10-08.parquet
2026-10-08 21:34:41 [INFO]   → Saved 226 records to C:\Users\albus\projects\traffic_congession\data\telemetry\city=jaipur\2026-10-08.parquet
2026-10-08 21:34:41 [INFO]   → Saved 113 records to C:\Users\albus\projects\traffic_congession\data\telemetry\city=kochi\2026-10-08.parquet
2026-10-08 21:34:41 [INFO]   → Saved 339 records to C:\Users\albus\projects\traffic_congession\data\telemetry\city=kolkata\2026-10-08.parquet
2026-10-08 21:34:41 [INFO]   → Saved 113 records to C:\Users\albus\projects\traffic_congession\data\telemetry\city=lucknow\2026-10-08.parquet
2026-10-08 21:34:41 [INFO]   → Saved 473 records to C:\Users\albus\projects\traffic_congession\data\telemetry\city=mumbai\2026-10-08.parquet
2026-10-08 21:34:41 [INFO]   → Saved 352 records to C:\Users\albus\projects\traffic_congession\data\telemetry\city=pune\2026-10-08.parquet
2026-10-08 21:34:41 [INFO] Next batch in 5 minutes. Sleeping...
2026-10-08 21:39:41 [INFO] --- Batch start at 21:39:41 ---
2026-10-08 21:39:42 [INFO]   ✓ bengaluru / Silk Board Junction — CI=0.000  speed=42.0/42.0 km/h
2026-10-08 21:39:43 [INFO]   ✓ bengaluru / Marathahalli Bridge — CI=0.200  speed=28.0/35.0 km/h
2026-10-08 21:39:44 [INFO]   ✓ bengaluru / Whitefield Road — CI=0.263  speed=28.0/38.0 km/h
2026-10-08 21:39:45 [INFO]   ✓ bengaluru / Hebbal Flyover — CI=0.231  speed=20.0/26.0 km/h
2026-10-08 21:39:46 [INFO]   ✓ mumbai / Western Express Highway Andheri — CI=0.273  speed=16.0/22.0 km/h
2026-10-08 21:39:47 [INFO]   ✓ mumbai / Eastern Freeway Sewri — CI=0.115  speed=23.0/26.0 km/h
2026-10-08 21:39:47 [INFO]   ✓ mumbai / BKC Bandra Kurla Complex — CI=0.357  speed=18.0/28.0 km/h
2026-10-08 21:39:48 [INFO]   ✓ mumbai / Sion Circle — CI=0.368  speed=12.0/19.0 km/h
2026-10-08 21:39:49 [INFO]   ✓ delhi / Ring Road AIIMS — CI=0.000  speed=31.0/31.0 km/h
2026-10-08 21:39:50 [INFO]   ✓ delhi / DND Flyway Noida Entry — CI=0.146  speed=35.0/41.0 km/h
2026-10-08 21:39:50 [INFO]   ✓ delhi / Cyber City Gurgaon — CI=0.000  speed=45.0/45.0 km/h
2026-10-08 21:39:51 [INFO]   ✓ delhi / ITO Junction — CI=0.407  speed=16.0/27.0 km/h
2026-10-08 21:39:52 [INFO]   ✓ pune / Hinjawadi Phase 1 — CI=0.167  speed=25.0/30.0 km/h
2026-10-08 21:39:53 [INFO]   ✓ pune / FC Road Shivajinagar — CI=0.000  speed=22.0/22.0 km/h
2026-10-08 21:39:54 [INFO]   ✓ pune / Magarpatta City Hadapsar — CI=0.000  speed=31.0/31.0 km/h
2026-10-08 21:39:54 [INFO]   ✓ hyderabad / Hitec City Cyber Towers — CI=0.000  speed=31.0/31.0 km/h
2026-10-08 21:39:55 [INFO]   ✓ hyderabad / Gachibowli Junction — CI=0.083  speed=33.0/36.0 km/h
2026-10-08 21:39:56 [INFO]   ✓ hyderabad / Punjagutta Crossing — CI=0.000  speed=30.0/30.0 km/h
2026-10-08 21:39:57 [INFO]   ✓ chennai / OMR Tidel Park — CI=0.367  speed=19.0/30.0 km/h
2026-10-08 21:39:57 [INFO]   ✓ chennai / Kathipara Junction Guindy — CI=0.250  speed=24.0/32.0 km/h
2026-10-08 21:39:58 [INFO]   ✓ chennai / Anna Nagar Roundtana — CI=0.308  speed=18.0/26.0 km/h
2026-10-08 21:39:59 [INFO]   ✓ kolkata / EM Bypass Science City — CI=0.000  speed=42.0/42.0 km/h
2026-10-08 21:40:00 [INFO]   ✓ kolkata / Park Circus 7-Point Crossing — CI=0.000  speed=48.0/48.0 km/h
2026-10-08 21:40:00 [INFO]   ✓ kolkata / Sector V Salt Lake — CI=0.000  speed=22.0/22.0 km/h
2026-10-08 21:40:01 [INFO]   ✓ ahmedabad / SG Highway ISKCON Cross Road — CI=0.000  speed=35.0/35.0 km/h
2026-10-08 21:40:02 [INFO]   ✓ ahmedabad / Ashram Road Income Tax Circle — CI=0.000  speed=40.0/40.0 km/h
2026-10-08 21:40:02 [INFO]   ✓ jaipur / JLN Marg Jawahar Circle — CI=0.000  speed=44.0/44.0 km/h
2026-10-08 21:40:03 [INFO]   ✓ jaipur / Ajmer Road 200 Feet Bypass — CI=0.000  speed=36.0/36.0 km/h
2026-10-08 21:40:04 [INFO]   ✓ kochi / Edappally Toll Junction — CI=0.211  speed=15.0/19.0 km/h
2026-10-08 21:40:05 [INFO]   ✓ lucknow / Hazratganj Crossing — CI=0.207  speed=23.0/29.0 km/h
2026-10-08 21:40:05 [INFO]   → Saved 228 records to C:\Users\albus\projects\traffic_congession\data\telemetry\city=ahmedabad\2026-10-08.parquet
2026-10-08 21:40:05 [INFO]   → Saved 477 records to C:\Users\albus\projects\traffic_congession\data\telemetry\city=bengaluru\2026-10-08.parquet
2026-10-08 21:40:05 [INFO]   → Saved 342 records to C:\Users\albus\projects\traffic_congession\data\telemetry\city=chennai\2026-10-08.parquet
2026-10-08 21:40:05 [INFO]   → Saved 477 records to C:\Users\albus\projects\traffic_congession\data\telemetry\city=delhi\2026-10-08.parquet
2026-10-08 21:40:05 [INFO]   → Saved 342 records to C:\Users\albus\projects\traffic_congession\data\telemetry\city=hyderabad\2026-10-08.parquet
2026-10-08 21:40:05 [INFO]   → Saved 228 records to C:\Users\albus\projects\traffic_congession\data\telemetry\city=jaipur\2026-10-08.parquet
2026-10-08 21:40:05 [INFO]   → Saved 114 records to C:\Users\albus\projects\traffic_congession\data\telemetry\city=kochi\2026-10-08.parquet
2026-10-08 21:40:05 [INFO]   → Saved 342 records to C:\Users\albus\projects\traffic_congession\data\telemetry\city=kolkata\2026-10-08.parquet
2026-10-08 21:40:05 [INFO]   → Saved 114 records to C:\Users\albus\projects\traffic_congession\data\telemetry\city=lucknow\2026-10-08.parquet
2026-10-08 21:40:05 [INFO]   → Saved 477 records to C:\Users\albus\projects\traffic_congession\data\telemetry\city=mumbai\2026-10-08.parquet
2026-10-08 21:40:05 [INFO]   → Saved 355 records to C:\Users\albus\projects\traffic_congession\data\telemetry\city=pune\2026-10-08.parquet
2026-10-08 21:40:05 [INFO] Next batch in 5 minutes. Sleeping...
2026-10-08 21:45:05 [INFO] --- Batch start at 21:45:05 ---
2026-10-08 21:45:06 [INFO]   ✓ bengaluru / Silk Board Junction — CI=0.333  speed=28.0/42.0 km/h
2026-10-08 21:45:07 [INFO]   ✓ bengaluru / Marathahalli Bridge — CI=0.171  speed=29.0/35.0 km/h
2026-10-08 21:45:08 [INFO]   ✓ bengaluru / Whitefield Road — CI=0.216  speed=29.0/37.0 km/h
2026-10-08 21:45:09 [INFO]   ✓ bengaluru / Hebbal Flyover — CI=0.200  speed=20.0/25.0 km/h
2026-10-08 21:45:09 [INFO]   ✓ mumbai / Western Express Highway Andheri — CI=0.238  speed=16.0/21.0 km/h
2026-10-08 21:45:10 [INFO]   ✓ mumbai / Eastern Freeway Sewri — CI=0.115  speed=23.0/26.0 km/h
2026-10-08 21:45:11 [INFO]   ✓ mumbai / BKC Bandra Kurla Complex — CI=0.185  speed=22.0/27.0 km/h
2026-10-08 21:45:11 [INFO]   ✓ mumbai / Sion Circle — CI=0.350  speed=13.0/20.0 km/h
2026-10-08 21:45:12 [INFO]   ✓ delhi / Ring Road AIIMS — CI=0.161  speed=26.0/31.0 km/h
2026-10-08 21:45:13 [INFO]   ✓ delhi / DND Flyway Noida Entry — CI=0.195  speed=33.0/41.0 km/h
2026-10-08 21:45:14 [INFO]   ✓ delhi / Cyber City Gurgaon — CI=0.000  speed=45.0/45.0 km/h
2026-10-08 21:45:14 [INFO]   ✓ delhi / ITO Junction — CI=0.370  speed=17.0/27.0 km/h
2026-10-08 21:45:15 [INFO]   ✓ pune / Hinjawadi Phase 1 — CI=0.138  speed=25.0/29.0 km/h
2026-10-08 21:45:16 [INFO]   ✓ pune / FC Road Shivajinagar — CI=0.227  speed=17.0/22.0 km/h
2026-10-08 21:45:17 [INFO]   ✓ pune / Magarpatta City Hadapsar — CI=0.000  speed=31.0/31.0 km/h
2026-10-08 21:45:17 [INFO]   ✓ hyderabad / Hitec City Cyber Towers — CI=0.161  speed=26.0/31.0 km/h
2026-10-08 21:45:18 [INFO]   ✓ hyderabad / Gachibowli Junction — CI=0.139  speed=31.0/36.0 km/h
2026-10-08 21:45:19 [INFO]   ✓ hyderabad / Punjagutta Crossing — CI=0.233  speed=23.0/30.0 km/h
2026-10-08 21:45:20 [INFO]   ✓ chennai / OMR Tidel Park — CI=0.333  speed=20.0/30.0 km/h
2026-10-08 21:45:20 [INFO]   ✓ chennai / Kathipara Junction Guindy — CI=0.344  speed=21.0/32.0 km/h
2026-10-08 21:45:21 [INFO]   ✓ chennai / Anna Nagar Roundtana — CI=0.269  speed=19.0/26.0 km/h
2026-10-08 21:45:22 [INFO]   ✓ kolkata / EM Bypass Science City — CI=0.186  speed=35.0/43.0 km/h
2026-10-08 21:45:23 [INFO]   ✓ kolkata / Park Circus 7-Point Crossing — CI=0.000  speed=48.0/48.0 km/h
2026-10-08 21:45:23 [INFO]   ✓ kolkata / Sector V Salt Lake — CI=0.000  speed=22.0/22.0 km/h
2026-10-08 21:45:24 [INFO]   ✓ ahmedabad / SG Highway ISKCON Cross Road — CI=0.222  speed=28.0/36.0 km/h
2026-10-08 21:45:25 [INFO]   ✓ ahmedabad / Ashram Road Income Tax Circle — CI=0.000  speed=40.0/40.0 km/h
2026-10-08 21:45:27 [INFO]   ✓ jaipur / JLN Marg Jawahar Circle — CI=0.000  speed=44.0/44.0 km/h
2026-10-08 21:45:27 [INFO]   ✓ jaipur / Ajmer Road 200 Feet Bypass — CI=0.000  speed=36.0/36.0 km/h
2026-10-08 21:45:28 [INFO]   ✓ kochi / Edappally Toll Junction — CI=0.000  speed=20.0/20.0 km/h
2026-10-08 21:45:29 [INFO]   ✓ lucknow / Hazratganj Crossing — CI=0.207  speed=23.0/29.0 km/h
2026-10-08 21:45:29 [INFO]   → Saved 230 records to C:\Users\albus\projects\traffic_congession\data\telemetry\city=ahmedabad\2026-10-08.parquet
2026-10-08 21:45:29 [INFO]   → Saved 481 records to C:\Users\albus\projects\traffic_congession\data\telemetry\city=bengaluru\2026-10-08.parquet
2026-10-08 21:45:29 [INFO]   → Saved 345 records to C:\Users\albus\projects\traffic_congession\data\telemetry\city=chennai\2026-10-08.parquet
2026-10-08 21:45:29 [INFO]   → Saved 481 records to C:\Users\albus\projects\traffic_congession\data\telemetry\city=delhi\2026-10-08.parquet
2026-10-08 21:45:29 [INFO]   → Saved 345 records to C:\Users\albus\projects\traffic_congession\data\telemetry\city=hyderabad\2026-10-08.parquet
2026-10-08 21:45:29 [INFO]   → Saved 230 records to C:\Users\albus\projects\traffic_congession\data\telemetry\city=jaipur\2026-10-08.parquet
2026-10-08 21:45:29 [INFO]   → Saved 115 records to C:\Users\albus\projects\traffic_congession\data\telemetry\city=kochi\2026-10-08.parquet
2026-10-08 21:45:29 [INFO]   → Saved 345 records to C:\Users\albus\projects\traffic_congession\data\telemetry\city=kolkata\2026-10-08.parquet
2026-10-08 21:45:29 [INFO]   → Saved 115 records to C:\Users\albus\projects\traffic_congession\data\telemetry\city=lucknow\2026-10-08.parquet
2026-10-08 21:45:29 [INFO]   → Saved 481 records to C:\Users\albus\projects\traffic_congession\data\telemetry\city=mumbai\2026-10-08.parquet
2026-10-08 21:45:29 [INFO]   → Saved 358 records to C:\Users\albus\projects\traffic_congession\data\telemetry\city=pune\2026-10-08.parquet
2026-10-08 21:45:29 [INFO] Next batch in 5 minutes. Sleeping...
2026-10-08 21:50:29 [INFO] --- Batch start at 21:50:29 ---
2026-10-08 21:50:30 [INFO]   ✓ bengaluru / Silk Board Junction — CI=0.429  speed=24.0/42.0 km/h
2026-10-08 21:50:31 [INFO]   ✓ bengaluru / Marathahalli Bridge — CI=0.171  speed=29.0/35.0 km/h
2026-10-08 21:50:32 [INFO]   ✓ bengaluru / Whitefield Road — CI=0.211  speed=30.0/38.0 km/h
2026-10-08 21:50:34 [INFO]   ✓ bengaluru / Hebbal Flyover — CI=0.192  speed=21.0/26.0 km/h
2026-10-08 21:50:34 [INFO]   ✓ mumbai / Western Express Highway Andheri — CI=0.227  speed=17.0/22.0 km/h
2026-10-08 21:50:35 [INFO]   ✓ mumbai / Eastern Freeway Sewri — CI=0.154  speed=22.0/26.0 km/h
2026-10-08 21:50:36 [INFO]   ✓ mumbai / BKC Bandra Kurla Complex — CI=0.222  speed=21.0/27.0 km/h
2026-10-08 21:50:37 [INFO]   ✓ mumbai / Sion Circle — CI=0.421  speed=11.0/19.0 km/h
2026-10-08 21:50:38 [INFO]   ✓ delhi / Ring Road AIIMS — CI=0.000  speed=31.0/31.0 km/h
2026-10-08 21:50:39 [INFO]   ✓ delhi / DND Flyway Noida Entry — CI=0.195  speed=33.0/41.0 km/h
2026-10-08 21:50:40 [INFO]   ✓ delhi / Cyber City Gurgaon — CI=0.000  speed=45.0/45.0 km/h
2026-10-08 21:50:41 [INFO]   ✓ delhi / ITO Junction — CI=0.370  speed=17.0/27.0 km/h
2026-10-08 21:50:42 [INFO]   ✓ pune / Hinjawadi Phase 1 — CI=0.133  speed=26.0/30.0 km/h
2026-10-08 21:50:43 [INFO]   ✓ pune / FC Road Shivajinagar — CI=0.190  speed=17.0/21.0 km/h
2026-10-08 21:50:43 [INFO]   ✓ pune / Magarpatta City Hadapsar — CI=0.000  speed=31.0/31.0 km/h
2026-10-08 21:50:44 [INFO]   ✓ hyderabad / Hitec City Cyber Towers — CI=0.000  speed=31.0/31.0 km/h
2026-10-08 21:50:45 [INFO]   ✓ hyderabad / Gachibowli Junction — CI=0.111  speed=32.0/36.0 km/h
2026-10-08 21:50:45 [INFO]   ✓ hyderabad / Punjagutta Crossing — CI=0.200  speed=24.0/30.0 km/h
2026-10-08 21:50:46 [INFO]   ✓ chennai / OMR Tidel Park — CI=0.267  speed=22.0/30.0 km/h
2026-10-08 21:50:47 [INFO]   ✓ chennai / Kathipara Junction Guindy — CI=0.242  speed=25.0/33.0 km/h
2026-10-08 21:50:47 [INFO]   ✓ chennai / Anna Nagar Roundtana — CI=0.231  speed=20.0/26.0 km/h
2026-10-08 21:50:48 [INFO]   ✓ kolkata / EM Bypass Science City — CI=0.186  speed=35.0/43.0 km/h
2026-10-08 21:50:49 [INFO]   ✓ kolkata / Park Circus 7-Point Crossing — CI=0.000  speed=48.0/48.0 km/h
2026-10-08 21:50:49 [INFO]   ✓ kolkata / Sector V Salt Lake — CI=0.000  speed=22.0/22.0 km/h
2026-10-08 21:50:50 [INFO]   ✓ ahmedabad / SG Highway ISKCON Cross Road — CI=0.000  speed=35.0/35.0 km/h
2026-10-08 21:50:51 [INFO]   ✓ ahmedabad / Ashram Road Income Tax Circle — CI=0.000  speed=40.0/40.0 km/h
2026-10-08 21:50:51 [INFO]   ✓ jaipur / JLN Marg Jawahar Circle — CI=0.000  speed=44.0/44.0 km/h
2026-10-08 21:50:52 [INFO]   ✓ jaipur / Ajmer Road 200 Feet Bypass — CI=0.000  speed=36.0/36.0 km/h
2026-10-08 21:50:53 [INFO]   ✓ kochi / Edappally Toll Junction — CI=0.000  speed=20.0/20.0 km/h
2026-10-08 21:50:54 [INFO]   ✓ lucknow / Hazratganj Crossing — CI=0.172  speed=24.0/29.0 km/h
2026-10-08 21:50:54 [INFO]   → Saved 232 records to C:\Users\albus\projects\traffic_congession\data\telemetry\city=ahmedabad\2026-10-08.parquet
2026-10-08 21:50:54 [INFO]   → Saved 485 records to C:\Users\albus\projects\traffic_congession\data\telemetry\city=bengaluru\2026-10-08.parquet
2026-10-08 21:50:54 [INFO]   → Saved 348 records to C:\Users\albus\projects\traffic_congession\data\telemetry\city=chennai\2026-10-08.parquet
2026-10-08 21:50:54 [INFO]   → Saved 485 records to C:\Users\albus\projects\traffic_congession\data\telemetry\city=delhi\2026-10-08.parquet
2026-10-08 21:50:54 [INFO]   → Saved 348 records to C:\Users\albus\projects\traffic_congession\data\telemetry\city=hyderabad\2026-10-08.parquet
2026-10-08 21:50:54 [INFO]   → Saved 232 records to C:\Users\albus\projects\traffic_congession\data\telemetry\city=jaipur\2026-10-08.parquet
2026-10-08 21:50:54 [INFO]   → Saved 116 records to C:\Users\albus\projects\traffic_congession\data\telemetry\city=kochi\2026-10-08.parquet
2026-10-08 21:50:54 [INFO]   → Saved 348 records to C:\Users\albus\projects\traffic_congession\data\telemetry\city=kolkata\2026-10-08.parquet
2026-10-08 21:50:54 [INFO]   → Saved 116 records to C:\Users\albus\projects\traffic_congession\data\telemetry\city=lucknow\2026-10-08.parquet
2026-10-08 21:50:54 [INFO]   → Saved 485 records to C:\Users\albus\projects\traffic_congession\data\telemetry\city=mumbai\2026-10-08.parquet
2026-10-08 21:50:54 [INFO]   → Saved 361 records to C:\Users\albus\projects\traffic_congession\data\telemetry\city=pune\2026-10-08.parquet
2026-10-08 21:50:54 [INFO] Next batch in 5 minutes. Sleeping...
2026-10-08 21:55:54 [INFO] --- Batch start at 21:55:54 ---
2026-10-08 21:55:55 [INFO]   ✓ bengaluru / Silk Board Junction — CI=0.000  speed=42.0/42.0 km/h
2026-10-08 21:55:56 [INFO]   ✓ bengaluru / Marathahalli Bridge — CI=0.143  speed=30.0/35.0 km/h
2026-10-08 21:55:56 [INFO]   ✓ bengaluru / Whitefield Road — CI=0.184  speed=31.0/38.0 km/h
2026-10-08 21:55:58 [INFO]   ✓ bengaluru / Hebbal Flyover — CI=0.192  speed=21.0/26.0 km/h
2026-10-08 21:55:58 [INFO]   ✓ mumbai / Western Express Highway Andheri — CI=0.182  speed=18.0/22.0 km/h
2026-10-08 21:55:59 [INFO]   ✓ mumbai / Eastern Freeway Sewri — CI=0.154  speed=22.0/26.0 km/h
2026-10-08 21:55:59 [INFO]   ✓ mumbai / BKC Bandra Kurla Complex — CI=0.148  speed=23.0/27.0 km/h
2026-10-08 21:56:00 [INFO]   ✓ mumbai / Sion Circle — CI=0.263  speed=14.0/19.0 km/h
2026-10-08 21:56:01 [INFO]   ✓ delhi / Ring Road AIIMS — CI=0.000  speed=31.0/31.0 km/h
2026-10-08 21:56:02 [INFO]   ✓ delhi / DND Flyway Noida Entry — CI=0.146  speed=35.0/41.0 km/h
2026-10-08 21:56:02 [INFO]   ✓ delhi / Cyber City Gurgaon — CI=0.000  speed=45.0/45.0 km/h
2026-10-08 21:56:03 [INFO]   ✓ delhi / ITO Junction — CI=0.296  speed=19.0/27.0 km/h
2026-10-08 21:56:04 [INFO]   ✓ pune / Hinjawadi Phase 1 — CI=0.133  speed=26.0/30.0 km/h
2026-10-08 21:56:04 [INFO]   ✓ pune / FC Road Shivajinagar — CI=0.000  speed=22.0/22.0 km/h
2026-10-08 21:56:05 [INFO]   ✓ pune / Magarpatta City Hadapsar — CI=0.000  speed=31.0/31.0 km/h
2026-10-08 21:56:05 [INFO]   ✓ hyderabad / Hitec City Cyber Towers — CI=0.000  speed=31.0/31.0 km/h
2026-10-08 21:56:06 [INFO]   ✓ hyderabad / Gachibowli Junction — CI=0.000  speed=37.0/37.0 km/h
2026-10-08 21:56:07 [INFO]   ✓ hyderabad / Punjagutta Crossing — CI=0.000  speed=30.0/30.0 km/h
2026-10-08 21:56:08 [INFO]   ✓ chennai / OMR Tidel Park — CI=0.200  speed=24.0/30.0 km/h
2026-10-08 21:56:08 [INFO]   ✓ chennai / Kathipara Junction Guindy — CI=0.000  speed=33.0/33.0 km/h
2026-10-08 21:56:09 [INFO]   ✓ chennai / Anna Nagar Roundtana — CI=0.231  speed=20.0/26.0 km/h
2026-10-08 21:56:09 [INFO]   ✓ kolkata / EM Bypass Science City — CI=0.186  speed=35.0/43.0 km/h
2026-10-08 21:56:10 [INFO]   ✓ kolkata / Park Circus 7-Point Crossing — CI=0.000  speed=48.0/48.0 km/h
2026-10-08 21:56:11 [INFO]   ✓ kolkata / Sector V Salt Lake — CI=0.000  speed=22.0/22.0 km/h
2026-10-08 21:56:11 [INFO]   ✓ ahmedabad / SG Highway ISKCON Cross Road — CI=0.000  speed=35.0/35.0 km/h
2026-10-08 21:56:12 [INFO]   ✓ ahmedabad / Ashram Road Income Tax Circle — CI=0.000  speed=40.0/40.0 km/h
2026-10-08 21:56:13 [INFO]   ✓ jaipur / JLN Marg Jawahar Circle — CI=0.000  speed=44.0/44.0 km/h
2026-10-08 21:56:13 [INFO]   ✓ jaipur / Ajmer Road 200 Feet Bypass — CI=0.000  speed=36.0/36.0 km/h
2026-10-08 21:56:14 [INFO]   ✓ kochi / Edappally Toll Junction — CI=0.000  speed=20.0/20.0 km/h
2026-10-08 21:56:15 [INFO]   ✓ lucknow / Hazratganj Crossing — CI=0.233  speed=23.0/30.0 km/h
2026-10-08 21:56:15 [INFO]   → Saved 234 records to C:\Users\albus\projects\traffic_congession\data\telemetry\city=ahmedabad\2026-10-08.parquet
2026-10-08 21:56:15 [INFO]   → Saved 489 records to C:\Users\albus\projects\traffic_congession\data\telemetry\city=bengaluru\2026-10-08.parquet
2026-10-08 21:56:15 [INFO]   → Saved 351 records to C:\Users\albus\projects\traffic_congession\data\telemetry\city=chennai\2026-10-08.parquet
2026-10-08 21:56:15 [INFO]   → Saved 489 records to C:\Users\albus\projects\traffic_congession\data\telemetry\city=delhi\2026-10-08.parquet
2026-10-08 21:56:15 [INFO]   → Saved 351 records to C:\Users\albus\projects\traffic_congession\data\telemetry\city=hyderabad\2026-10-08.parquet
2026-10-08 21:56:15 [INFO]   → Saved 234 records to C:\Users\albus\projects\traffic_congession\data\telemetry\city=jaipur\2026-10-08.parquet
2026-10-08 21:56:15 [INFO]   → Saved 117 records to C:\Users\albus\projects\traffic_congession\data\telemetry\city=kochi\2026-10-08.parquet
2026-10-08 21:56:15 [INFO]   → Saved 351 records to C:\Users\albus\projects\traffic_congession\data\telemetry\city=kolkata\2026-10-08.parquet
2026-10-08 21:56:15 [INFO]   → Saved 117 records to C:\Users\albus\projects\traffic_congession\data\telemetry\city=lucknow\2026-10-08.parquet
2026-10-08 21:56:15 [INFO]   → Saved 489 records to C:\Users\albus\projects\traffic_congession\data\telemetry\city=mumbai\2026-10-08.parquet
2026-10-08 21:56:15 [INFO]   → Saved 364 records to C:\Users\albus\projects\traffic_congession\data\telemetry\city=pune\2026-10-08.parquet
2026-10-08 21:56:15 [INFO] Next batch in 5 minutes. Sleeping...
2026-10-08 22:01:15 [INFO] --- Batch start at 22:01:15 ---
2026-10-08 22:01:15 [INFO]   ✓ bengaluru / Silk Board Junction — CI=0.000  speed=42.0/42.0 km/h
2026-10-08 22:01:16 [INFO]   ✓ bengaluru / Marathahalli Bridge — CI=0.171  speed=29.0/35.0 km/h
2026-10-08 22:01:17 [INFO]   ✓ bengaluru / Whitefield Road — CI=0.000  speed=38.0/38.0 km/h
2026-10-08 22:01:18 [INFO]   ✓ bengaluru / Hebbal Flyover — CI=0.192  speed=21.0/26.0 km/h
2026-10-08 22:01:19 [INFO]   ✓ mumbai / Western Express Highway Andheri — CI=0.227  speed=17.0/22.0 km/h
2026-10-08 22:01:19 [INFO]   ✓ mumbai / Eastern Freeway Sewri — CI=0.154  speed=22.0/26.0 km/h
2026-10-08 22:01:20 [INFO]   ✓ mumbai / BKC Bandra Kurla Complex — CI=0.000  speed=27.0/27.0 km/h
2026-10-08 22:01:20 [INFO]   ✓ mumbai / Sion Circle — CI=0.263  speed=14.0/19.0 km/h
2026-10-08 22:01:21 [INFO]   ✓ delhi / Ring Road AIIMS — CI=0.000  speed=31.0/31.0 km/h
2026-10-08 22:01:22 [INFO]   ✓ delhi / DND Flyway Noida Entry — CI=0.171  speed=34.0/41.0 km/h
2026-10-08 22:01:22 [INFO]   ✓ delhi / Cyber City Gurgaon — CI=0.000  speed=45.0/45.0 km/h
2026-10-08 22:01:23 [INFO]   ✓ delhi / ITO Junction — CI=0.222  speed=21.0/27.0 km/h
2026-10-08 22:01:24 [INFO]   ✓ pune / Hinjawadi Phase 1 — CI=0.069  speed=27.0/29.0 km/h
2026-10-08 22:01:25 [INFO]   ✓ pune / FC Road Shivajinagar — CI=0.190  speed=17.0/21.0 km/h
2026-10-08 22:01:26 [INFO]   ✓ pune / Magarpatta City Hadapsar — CI=0.000  speed=31.0/31.0 km/h
2026-10-08 22:01:27 [INFO]   ✓ hyderabad / Hitec City Cyber Towers — CI=0.226  speed=24.0/31.0 km/h
2026-10-08 22:01:27 [INFO]   ✓ hyderabad / Gachibowli Junction — CI=0.000  speed=37.0/37.0 km/h
2026-10-08 22:01:28 [INFO]   ✓ hyderabad / Punjagutta Crossing — CI=0.000  speed=30.0/30.0 km/h
2026-10-08 22:01:29 [INFO]   ✓ chennai / OMR Tidel Park — CI=0.233  speed=23.0/30.0 km/h
2026-10-08 22:01:29 [INFO]   ✓ chennai / Kathipara Junction Guindy — CI=0.312  speed=22.0/32.0 km/h
2026-10-08 22:01:30 [INFO]   ✓ chennai / Anna Nagar Roundtana — CI=0.231  speed=20.0/26.0 km/h
2026-10-08 22:01:31 [INFO]   ✓ kolkata / EM Bypass Science City — CI=0.186  speed=35.0/43.0 km/h
2026-10-08 22:01:31 [INFO]   ✓ kolkata / Park Circus 7-Point Crossing — CI=0.000  speed=48.0/48.0 km/h
2026-10-08 22:01:32 [INFO]   ✓ kolkata / Sector V Salt Lake — CI=0.000  speed=22.0/22.0 km/h
2026-10-08 22:01:32 [INFO]   ✓ ahmedabad / SG Highway ISKCON Cross Road — CI=0.000  speed=35.0/35.0 km/h
2026-10-08 22:01:33 [INFO]   ✓ ahmedabad / Ashram Road Income Tax Circle — CI=0.000  speed=40.0/40.0 km/h
2026-10-08 22:01:34 [INFO]   ✓ jaipur / JLN Marg Jawahar Circle — CI=0.000  speed=44.0/44.0 km/h
2026-10-08 22:01:34 [INFO]   ✓ jaipur / Ajmer Road 200 Feet Bypass — CI=0.000  speed=36.0/36.0 km/h
2026-10-08 22:01:35 [INFO]   ✓ kochi / Edappally Toll Junction — CI=0.000  speed=20.0/20.0 km/h
2026-10-08 22:01:36 [INFO]   ✓ lucknow / Hazratganj Crossing — CI=0.207  speed=23.0/29.0 km/h
2026-10-08 22:01:36 [INFO]   → Saved 236 records to C:\Users\albus\projects\traffic_congession\data\telemetry\city=ahmedabad\2026-10-08.parquet
2026-10-08 22:01:36 [INFO]   → Saved 493 records to C:\Users\albus\projects\traffic_congession\data\telemetry\city=bengaluru\2026-10-08.parquet
2026-10-08 22:01:36 [INFO]   → Saved 354 records to C:\Users\albus\projects\traffic_congession\data\telemetry\city=chennai\2026-10-08.parquet
2026-10-08 22:01:36 [INFO]   → Saved 493 records to C:\Users\albus\projects\traffic_congession\data\telemetry\city=delhi\2026-10-08.parquet
2026-10-08 22:01:36 [INFO]   → Saved 354 records to C:\Users\albus\projects\traffic_congession\data\telemetry\city=hyderabad\2026-10-08.parquet
2026-10-08 22:01:36 [INFO]   → Saved 236 records to C:\Users\albus\projects\traffic_congession\data\telemetry\city=jaipur\2026-10-08.parquet
2026-10-08 22:01:36 [INFO]   → Saved 118 records to C:\Users\albus\projects\traffic_congession\data\telemetry\city=kochi\2026-10-08.parquet
2026-10-08 22:01:36 [INFO]   → Saved 354 records to C:\Users\albus\projects\traffic_congession\data\telemetry\city=kolkata\2026-10-08.parquet
2026-10-08 22:01:36 [INFO]   → Saved 118 records to C:\Users\albus\projects\traffic_congession\data\telemetry\city=lucknow\2026-10-08.parquet
2026-10-08 22:01:36 [INFO]   → Saved 493 records to C:\Users\albus\projects\traffic_congession\data\telemetry\city=mumbai\2026-10-08.parquet
2026-10-08 22:01:36 [INFO]   → Saved 367 records to C:\Users\albus\projects\traffic_congession\data\telemetry\city=pune\2026-10-08.parquet
2026-10-08 22:01:36 [INFO] Next batch in 5 minutes. Sleeping...
2026-10-08 22:06:36 [INFO] --- Batch start at 22:06:36 ---
2026-10-08 22:06:36 [INFO]   ✓ bengaluru / Silk Board Junction — CI=0.405  speed=25.0/42.0 km/h
2026-10-08 22:06:37 [INFO]   ✓ bengaluru / Marathahalli Bridge — CI=0.143  speed=30.0/35.0 km/h
2026-10-08 22:06:38 [INFO]   ✓ bengaluru / Whitefield Road — CI=0.184  speed=31.0/38.0 km/h
2026-10-08 22:06:39 [INFO]   ✓ bengaluru / Hebbal Flyover — CI=0.000  speed=26.0/26.0 km/h
2026-10-08 22:06:40 [INFO]   ✓ mumbai / Western Express Highway Andheri — CI=0.238  speed=16.0/21.0 km/h
2026-10-08 22:06:40 [INFO]   ✓ mumbai / Eastern Freeway Sewri — CI=0.000  speed=26.0/26.0 km/h
2026-10-08 22:06:41 [INFO]   ✓ mumbai / BKC Bandra Kurla Complex — CI=0.000  speed=27.0/27.0 km/h
2026-10-08 22:06:42 [INFO]   ✓ mumbai / Sion Circle — CI=0.263  speed=14.0/19.0 km/h
2026-10-08 22:06:42 [INFO]   ✓ delhi / Ring Road AIIMS — CI=0.000  speed=31.0/31.0 km/h
2026-10-08 22:06:44 [INFO]   ✓ delhi / DND Flyway Noida Entry — CI=0.171  speed=34.0/41.0 km/h
2026-10-08 22:06:44 [INFO]   ✓ delhi / Cyber City Gurgaon — CI=0.000  speed=45.0/45.0 km/h
2026-10-08 22:06:45 [INFO]   ✓ delhi / ITO Junction — CI=0.222  speed=21.0/27.0 km/h
2026-10-08 22:06:46 [INFO]   ✓ pune / Hinjawadi Phase 1 — CI=0.000  speed=30.0/30.0 km/h
2026-10-08 22:06:46 [INFO]   ✓ pune / FC Road Shivajinagar — CI=0.190  speed=17.0/21.0 km/h
2026-10-08 22:06:47 [INFO]   ✓ pune / Magarpatta City Hadapsar — CI=0.000  speed=31.0/31.0 km/h
2026-10-08 22:06:48 [INFO]   ✓ hyderabad / Hitec City Cyber Towers — CI=0.194  speed=25.0/31.0 km/h
2026-10-08 22:06:49 [INFO]   ✓ hyderabad / Gachibowli Junction — CI=0.000  speed=37.0/37.0 km/h
2026-10-08 22:06:49 [INFO]   ✓ hyderabad / Punjagutta Crossing — CI=0.000  speed=30.0/30.0 km/h
2026-10-08 22:06:50 [INFO]   ✓ chennai / OMR Tidel Park — CI=0.167  speed=25.0/30.0 km/h
2026-10-08 22:06:50 [INFO]   ✓ chennai / Kathipara Junction Guindy — CI=0.000  speed=33.0/33.0 km/h
2026-10-08 22:06:51 [INFO]   ✓ chennai / Anna Nagar Roundtana — CI=0.308  speed=18.0/26.0 km/h
2026-10-08 22:06:52 [INFO]   ✓ kolkata / EM Bypass Science City — CI=0.167  speed=35.0/42.0 km/h
2026-10-08 22:06:53 [INFO]   ✓ kolkata / Park Circus 7-Point Crossing — CI=0.000  speed=48.0/48.0 km/h
2026-10-08 22:06:53 [INFO]   ✓ kolkata / Sector V Salt Lake — CI=0.000  speed=22.0/22.0 km/h
2026-10-08 22:06:54 [INFO]   ✓ ahmedabad / SG Highway ISKCON Cross Road — CI=0.000  speed=35.0/35.0 km/h
2026-10-08 22:06:55 [INFO]   ✓ ahmedabad / Ashram Road Income Tax Circle — CI=0.000  speed=40.0/40.0 km/h
2026-10-08 22:06:55 [INFO]   ✓ jaipur / JLN Marg Jawahar Circle — CI=0.000  speed=44.0/44.0 km/h
2026-10-08 22:06:56 [INFO]   ✓ jaipur / Ajmer Road 200 Feet Bypass — CI=0.000  speed=36.0/36.0 km/h
2026-10-08 22:06:56 [INFO]   ✓ kochi / Edappally Toll Junction — CI=0.000  speed=20.0/20.0 km/h
2026-10-08 22:06:57 [INFO]   ✓ lucknow / Hazratganj Crossing — CI=0.172  speed=24.0/29.0 km/h
2026-10-08 22:06:57 [INFO]   → Saved 238 records to C:\Users\albus\projects\traffic_congession\data\telemetry\city=ahmedabad\2026-10-08.parquet
2026-10-08 22:06:57 [INFO]   → Saved 497 records to C:\Users\albus\projects\traffic_congession\data\telemetry\city=bengaluru\2026-10-08.parquet
2026-10-08 22:06:57 [INFO]   → Saved 357 records to C:\Users\albus\projects\traffic_congession\data\telemetry\city=chennai\2026-10-08.parquet
2026-10-08 22:06:57 [INFO]   → Saved 497 records to C:\Users\albus\projects\traffic_congession\data\telemetry\city=delhi\2026-10-08.parquet
2026-10-08 22:06:57 [INFO]   → Saved 357 records to C:\Users\albus\projects\traffic_congession\data\telemetry\city=hyderabad\2026-10-08.parquet
2026-10-08 22:06:57 [INFO]   → Saved 238 records to C:\Users\albus\projects\traffic_congession\data\telemetry\city=jaipur\2026-10-08.parquet
2026-10-08 22:06:57 [INFO]   → Saved 119 records to C:\Users\albus\projects\traffic_congession\data\telemetry\city=kochi\2026-10-08.parquet
2026-10-08 22:06:57 [INFO]   → Saved 357 records to C:\Users\albus\projects\traffic_congession\data\telemetry\city=kolkata\2026-10-08.parquet
2026-10-08 22:06:57 [INFO]   → Saved 119 records to C:\Users\albus\projects\traffic_congession\data\telemetry\city=lucknow\2026-10-08.parquet
2026-10-08 22:06:57 [INFO]   → Saved 497 records to C:\Users\albus\projects\traffic_congession\data\telemetry\city=mumbai\2026-10-08.parquet
2026-10-08 22:06:57 [INFO]   → Saved 370 records to C:\Users\albus\projects\traffic_congession\data\telemetry\city=pune\2026-10-08.parquet
2026-10-08 22:06:57 [INFO] Next batch in 5 minutes. Sleeping...
